[{"model": "authapp.categorycompany", "pk": 1, "fields": {"name": "\u043f\u0440\u043e\u0435\u043a\u0442\u0438\u0440\u043e\u0432\u0449\u0438\u043a", "description": null}}, {"model": "authapp.categorycompany", "pk": 2, "fields": {"name": "\u043f\u043e\u0434\u0440\u044f\u0434\u0447\u0438\u043a", "description": null}}, {"model": "authapp.categorycompany", "pk": 3, "fields": {"name": "\u0437\u0430\u043a\u0430\u0437\u0447\u0438\u043a", "description": null}}, {"model": "authapp.categorycompany", "pk": 4, "fields": {"name": "\u043f\u043e\u0441\u0442\u0430\u0432\u0449\u0438\u043a", "description": null}}, {"model": "authapp.categorycompany", "pk": 5, "fields": {"name": "\u043f\u0440\u043e\u0438\u0437\u0432\u043e\u0434\u0438\u0442\u0435\u043b\u044c", "description": null}}, {"model": "authapp.categorycompany", "pk": 6, "fields": {"name": "\u043d\u0430\u0443\u0447\u043d\u043e-\u0438\u0441\u0441\u043b\u0435\u0434\u043e\u0432\u0430\u0442\u0435\u043b\u044c\u0441\u043a\u0438\u0439 \u0438\u043d\u0441\u0442\u0438\u0442\u0443\u0442", "description": null}}, {"model": "authapp.formcompany", "pk": 1, "fields": {"name": "\u041e\u041e\u041e", "description": null}}, {"model": "authapp.formcompany", "pk": 2, "fields": {"name": "\u0410\u041e", "description": null}}, {"model": "authapp.formcompany", "pk": 3, "fields": {"name": "\u0417\u0410\u041e", "description": null}}, {"model": "authapp.formcompany", "pk": 4, "fields": {"name": "\u0413\u0411\u0423", "description": null}}, {"model": "authapp.formcompany", "pk": 5, "fields": {"name": "\u041e\u0410\u041e", "description": null}}, {"model": "authapp.formcompany", "pk": 6, "fields": {"name": "\u0424\u0413\u0423\u041f", "description": null}}, {"model": "authapp.formcompany", "pk": 7, "fields": {"name": "\u0424\u041a\u0423", "description": null}}, {"model": "authapp.formcompany", "pk": 8, "fields": {"name": "\u0413\u041a\u0423", "description": null}}, {"model": "authapp.formcompany", "pk": 9, "fields": {"name": "\u0413\u041a", "description": null}}, {"model": "authapp.formcompany", "pk": 10, "fields": {"name": "\u041d\u0418\u0423", "description": null}}, {"model": "authapp.company", "pk": 1, "fields": {"name": "\u0426\u041d\u0418\u0418\u0421", "short": "\u0426\u041d\u0418\u0418\u0421", "form": 5, "category": 6, "logo": "logo_company/tsniis.png", "inn": 7720005291, "city": "\u041c\u043e\u0441\u043a\u0432\u0430", "address": null, "phone": null, "email": null}}, {"model": "authapp.company", "pk": 2, "fields": {"name": "\u0413\u043e\u0440\u043c\u043e\u0441\u0442", "short": "\u0413\u043e\u0440\u043c\u043e\u0441\u0442", "form": 4, "category": 3, "logo": "logo_company/gormost.png", "inn": 7722765428, "city": "\u041c\u043e\u0441\u043a\u0432\u0430", "address": null, "phone": null, "email": null}}, {"model": "authapp.company", "pk": 3, "fields": {"name": "\u0418\u041c\u0418\u0414\u0418\u0421", "short": "\u0418\u041c\u0418\u0414\u0418\u0421", "form": 1, "category": 6, "logo": "logo_company/imidis.jpg", "inn": 7716831513, "city": "\u041c\u043e\u0441\u043a\u0432\u0430", "address": null, "phone": null, "email": null}}, {"model": "authapp.company", "pk": 4, "fields": {"name": "\u0421\u043e\u044e\u0437\u0434\u043e\u0440\u043d\u0438\u0438", "short": "\u0421\u043e\u044e\u0437\u0434\u043e\u0440\u043d\u0438\u0438", "form": 1, "category": 6, "logo": "logo_company/soyuz_ukgYhaQ.png", "inn": 7733319658, "city": "\u041c\u043e\u0441\u043a\u0432\u0430", "address": null, "phone": null, "email": null}}, {"model": "authapp.company", "pk": 5, "fields": {"name": "\u0422\u0435\u043c\u043f\u0421\u0442\u0440\u043e\u0439\u0421\u0438\u0441\u0442\u0435\u043c\u0430", "short": "\u0422\u0421\u0421", "form": 1, "category": 4, "logo": "", "inn": 7736195320, "city": "\u041c\u043e\u0441\u043a\u0432\u0430", "address": null, "phone": null, "email": null}}, {"model": "authapp.company", "pk": 6, "fields": {"name": "\u0410\u0432\u0442\u043e\u0434\u043e\u0440", "short": "\u0410\u0432\u0442\u043e\u0434\u043e\u0440", "form": 9, "category": 3, "logo": "", "inn": 7717151380, "city": "\u041c\u043e\u0441\u043a\u0432\u0430", "address": null, "phone": null, "email": null}}, {"model": "authapp.company", "pk": 7, "fields": {"name": "\u041c\u0413\u0421\u0423", "short": "\u041c\u0413\u0421\u0423", "form": 10, "category": 6, "logo": "logo_company/Logo-NIU-MGSU-new2017.jpg", "inn": 7716103391, "city": "\u041c\u043e\u0441\u043a\u0432\u0430", "address": null, "phone": null, "email": null}}, {"model": "authapp.company", "pk": 8, "fields": {"name": "\u041c\u043e\u0441\u0442\u043e\u0432\u0438\u043a", "short": "\u041c\u043e\u0441\u0442\u043e\u0432\u0438\u043a", "form": 1, "category": 2, "logo": "", "inn": 1605004838, "city": "\u0410\u043b\u0435\u043a\u0441\u0435\u0435\u0432\u0441\u043a\u043e\u0435", "address": null, "phone": null, "email": null}}, {"model": "authapp.company", "pk": 9, "fields": {"name": "\u0418\u0424\u0421\u041a \u0410\u0440\u043a\u0441", "short": "\u0410\u0440\u043a\u0441", "form": 1, "category": 2, "logo": "", "inn": 7714275324, "city": "\u041c\u043e\u0441\u043a\u0432\u0430", "address": null, "phone": null, "email": null}}, {"model": "authapp.company", "pk": 10, "fields": {"name": "\u041c\u0410\u0414\u0418", "short": "\u041c\u0410\u0414\u0418", "form": 6, "category": 6, "logo": "", "inn": 7714029600, "city": "\u041c\u043e\u0441\u043a\u0432\u0430", "address": null, "phone": null, "email": null}}, {"model": "authapp.company", "pk": 11, "fields": {"name": "\u041f\u0435\u043b\u0438\u0441\u043a\u0435\u0440", "short": "\u041f\u0435\u043b\u0438\u0441\u043a\u0435\u0440", "form": 1, "category": 2, "logo": "", "inn": 7716137136, "city": "\u041c\u043e\u0441\u043a\u0432\u0430", "address": null, "phone": null, "email": null}}, {"model": "authapp.company", "pk": 12, "fields": {"name": "\u0410\u041d\u0422 \u042f\u041f\u042b", "short": "\u0410\u041d\u0422 \u042f\u041f\u042b", "form": 1, "category": 2, "logo": "", "inn": 7709602209, "city": "\u041c\u043e\u0441\u043a\u0432\u0430", "address": null, "phone": null, "email": null}}, {"model": "authapp.company", "pk": 13, "fields": {"name": "\u0423\u043f\u0440\u0434\u043e\u0440 \u041c\u043e\u0441\u043a\u0432\u0430 - \u0425\u0430\u0440\u044c\u043a\u043e\u0432", "short": "\u0423\u043f\u0440\u0434\u043e\u0440 \u041c\u043e\u0441\u043a\u0432\u0430 - \u0425\u0430\u0440\u044c\u043a\u043e\u0432", "form": 7, "category": 3, "logo": "", "inn": 5752000133, "city": "\u041e\u0440\u0435\u043b", "address": null, "phone": null, "email": null}}, {"model": "authapp.company", "pk": 14, "fields": {"name": "\u041c\u0418\u0421\u041a", "short": "\u041c\u0418\u0421\u041a", "form": 2, "category": 2, "logo": "", "inn": 7709857542, "city": "\u041c\u043e\u0441\u043a\u0432\u0430", "address": null, "phone": null, "email": null}}, {"model": "authapp.company", "pk": 15, "fields": {"name": "\u041a\u043e\u043b\u044c\u0446\u0435\u0432\u0430\u044f \u041c\u0430\u0433\u0438\u0441\u0442\u0440\u0430\u043b\u044c", "short": "\u041a\u043e\u043b\u044c\u0446\u0435\u0432\u0430\u044f \u041c\u0430\u0433\u0438\u0441\u0442\u0440\u0430\u043b\u044c", "form": 1, "category": 2, "logo": "", "inn": 5032273017, "city": "\u041c\u043e\u0441\u043a\u0432\u0430", "address": null, "phone": null, "email": null}}, {"model": "authapp.company", "pk": 16, "fields": {"name": "\u041f\u0440\u0438\u0442\u043e\u043a-\u043c\u043e\u0441\u0442", "short": "\u041f\u0440\u0438\u0442\u043e\u043a-\u043c\u043e\u0441\u0442", "form": 1, "category": 2, "logo": "", "inn": 6231051148, "city": "\u041b\u0443\u0445\u043e\u0432\u0438\u0446\u044b", "address": null, "phone": null, "email": null}}, {"model": "authapp.company", "pk": 17, "fields": {"name": "\u0423\u0440\u0435\u043d\u0433\u043e\u0439\u0434\u043e\u0440\u0441\u0442\u0440\u043e\u0439", "short": "\u0423\u0440\u0435\u043d\u0433\u043e\u0439\u0434\u043e\u0440\u0441\u0442\u0440\u043e\u0439", "form": 1, "category": 2, "logo": "", "inn": 8904073529, "city": "\u041d\u043e\u0432\u044b\u0439 \u0423\u0440\u0435\u043d\u0433\u043e\u0439", "address": null, "phone": null, "email": null}}, {"model": "authapp.company", "pk": 18, "fields": {"name": "\u0412\u041d\u0418\u0418\u0413\u0421", "short": "\u0412\u041d\u0418\u0418\u0413\u0421", "form": 1, "category": 6, "logo": "logo_company/vniigs.jpg", "inn": 7811592463, "city": "\u0421\u0430\u043d\u043a\u0442-\u041f\u0435\u0442\u0435\u0440\u0431\u0443\u0440\u0433", "address": null, "phone": null, "email": null}}, {"model": "authapp.company", "pk": 19, "fields": {"name": "\u0421\u0422\u041c \u0426\u0435\u043d\u0442\u0440", "short": "\u0421\u0422\u041c \u0426\u0435\u043d\u0442\u0440", "form": 1, "category": 2, "logo": "", "inn": 7716803058, "city": "\u041c\u043e\u0441\u043a\u0432\u0430", "address": null, "phone": null, "email": null}}, {"model": "authapp.company", "pk": 20, "fields": {"name": "\u041c\u043e\u0441\u0430\u0432\u0442\u043e\u0434\u043e\u0440", "short": "\u041c\u043e\u0441\u0430\u0432\u0442\u043e\u0434\u043e\u0440", "form": 4, "category": 3, "logo": "logo_company/mosavtodor_T6dBQu7.jpeg", "inn": 5000001525, "city": "\u041a\u0440\u0430\u0441\u043d\u043e\u0433\u043e\u0440\u0441\u043a", "address": null, "phone": null, "email": null}}, {"model": "authapp.company", "pk": 21, "fields": {"name": "\u0423\u0414\u041c\u0421", "short": "\u0423\u0414\u041c\u0421", "form": 8, "category": 3, "logo": "", "inn": 7728381587, "city": "\u041c\u043e\u0441\u043a\u0432\u0430", "address": null, "phone": null, "email": null}}, {"model": "authapp.company", "pk": 22, "fields": {"name": "\u0413\u043e\u0440\u041a\u0430\u043f\u0421\u0442\u0440\u043e\u0439", "short": "\u0413\u043e\u0440\u041a\u0430\u043f\u0421\u0442\u0440\u043e\u0439", "form": 1, "category": 1, "logo": "", "inn": 7703619541, "city": "\u041c\u043e\u0441\u043a\u0432\u0430", "address": null, "phone": null, "email": null}}, {"model": "authapp.company", "pk": 23, "fields": {"name": "\u0424\u0438\u0440\u043c\u0430 \u0413\u0415\u0420\u0410", "short": "\u0413\u0415\u0420\u0410", "form": 1, "category": 2, "logo": "", "inn": 7714969940, "city": "\u041c\u043e\u0441\u043a\u0432\u0430", "address": null, "phone": null, "email": null}}, {"model": "authapp.company", "pk": 24, "fields": {"name": "\u041c\u041e\u0418\u0421\u0421", "short": "\u041c\u041e\u0418\u0421\u0421", "form": 1, "category": 2, "logo": "", "inn": 5026115076, "city": "\u041c\u043e\u0441\u043a\u0432\u0430", "address": null, "phone": null, "email": null}}, {"model": "authapp.company", "pk": 25, "fields": {"name": "\u0418\u043d\u0441\u0442\u0438\u0442\u0443\u0442 \u0421\u0442\u0440\u043e\u043f\u0440\u043e\u0435\u043a\u0442", "short": "\u0421\u0442\u0440\u043e\u043f\u0440\u043e\u0435\u043a\u0442", "form": 2, "category": 1, "logo": "", "inn": 7826688390, "city": "\u0421\u0430\u043d\u043a\u0442-\u041f\u0435\u0442\u0435\u0440\u0431\u0443\u0440\u0433", "address": null, "phone": null, "email": null}}, {"model": "authapp.company", "pk": 26, "fields": {"name": "\u041c\u0435\u0442\u0440\u043e\u0422\u0440\u0430\u043d\u0441\u041c\u043e\u0441\u0442", "short": "\u041c\u0435\u0442\u0440\u043e\u0422\u0440\u0430\u043d\u0441\u041c\u043e\u0441\u0442", "form": 1, "category": 1, "logo": "", "inn": 7728866599, "city": "\u041c\u043e\u0441\u043a\u0432\u0430", "address": null, "phone": null, "email": null}}, {"model": "authapp.company", "pk": 27, "fields": {"name": "\u0422\u0412\u0410 \u0413\u0440\u0443\u043f\u043f", "short": "\u0422\u0412\u0410 \u0413\u0440\u0443\u043f\u043f", "form": 1, "category": 2, "logo": "", "inn": 7729730390, "city": "\u041c\u043e\u0441\u043a\u0432\u0430", "address": null, "phone": null, "email": null}}, {"model": "authapp.company", "pk": 28, "fields": {"name": "\u041c\u0421\u0423-1", "short": "\u041c\u0421\u0423-1", "form": 2, "category": 2, "logo": "", "inn": 7745000111, "city": "\u041c\u043e\u0441\u043a\u0432\u0430", "address": null, "phone": null, "email": null}}, {"model": "authapp.company", "pk": 29, "fields": {"name": "\u0418\u043d\u0441\u0442\u0438\u0442\u0443\u0442 \u041f\u0440\u043e\u043c\u043e\u0441", "short": "\u0418\u043d\u0441\u0442\u0438\u0442\u0443\u0442 \u041f\u0440\u043e\u043c\u043e\u0441", "form": 2, "category": 1, "logo": "", "inn": 7728264523, "city": "\u041c\u043e\u0441\u043a\u0432\u0430", "address": null, "phone": null, "email": null}}, {"model": "authapp.company", "pk": 30, "fields": {"name": "\u0413\u041a \u0415\u041a\u0421", "short": "\u0413\u041a \u0415\u041a\u0421", "form": 5, "category": 2, "logo": "", "inn": 5012000639, "city": "\u041c\u043e\u0441\u043a\u043e\u0432\u0441\u043a\u0430\u044f \u043e\u0431\u043b\u0430\u0441\u0442\u044c", "address": null, "phone": null, "email": null}}, {"model": "authapp.company", "pk": 31, "fields": {"name": "\u0421\u0442\u0440\u043e\u0442\u0440\u0430\u043d\u0441\u0433\u0430\u0437", "short": "\u0421\u0442\u0440\u043e\u0442\u0440\u0430\u043d\u0441\u0433\u0430\u0437", "form": 2, "category": 2, "logo": "", "inn": 5700000164, "city": "\u041c\u043e\u0441\u043a\u0432\u0430", "address": null, "phone": null, "email": null}}, {"model": "authapp.company", "pk": 32, "fields": {"name": "\u041c\u0438\u043d\u0442\u0440\u0430\u043d\u0441 \u0420\u044f\u0437\u0430\u043d\u0438", "short": "\u041c\u0438\u043d\u0442\u0440\u0430\u043d\u0441 \u0420\u044f\u0437\u0430\u043d\u0438", "form": 8, "category": 3, "logo": "", "inn": 6234066600, "city": "\u0420\u044f\u0437\u0430\u043d\u044c", "address": null, "phone": null, "email": null}}, {"model": "authapp.company", "pk": 33, "fields": {"name": "\u0410\u043b\u044c\u044f\u043d\u0441\u0414\u043e\u0440\u0421\u0442\u0440\u043e\u0439", "short": "\u0410\u043b\u044c\u044f\u043d\u0441\u0414\u043e\u0440\u0421\u0442\u0440\u043e\u0439", "form": 1, "category": 2, "logo": "", "inn": 6205000250, "city": "\u0420\u044f\u0437\u0430\u043d\u044c", "address": null, "phone": null, "email": null}}, {"model": "authapp.company", "pk": 34, "fields": {"name": "\u0410\u043b\u044c\u044f\u043d\u0441 \u041f\u0440\u043e\u0435\u043a\u0442", "short": "\u0410\u043b\u044c\u044f\u043d\u0441 \u041f\u0440\u043e\u0435\u043a\u0442", "form": 1, "category": 1, "logo": "", "inn": 6230086934, "city": "\u0420\u044f\u0437\u0430\u043d\u044c", "address": null, "phone": null, "email": null}}, {"model": "authapp.company", "pk": 35, "fields": {"name": "\u0414\u0430\u043b\u044c\u043c\u043e\u0441\u0442\u043e\u0441\u0442\u0440\u043e\u0439", "short": "\u0414\u0430\u043b\u044c\u043c\u043e\u0441\u0442\u043e\u0441\u0442\u0440\u043e\u0439", "form": 2, "category": 2, "logo": "", "inn": 2700000144, "city": "\u0425\u0430\u0431\u0430\u0440\u043e\u0432\u0441\u043a", "address": null, "phone": null, "email": null}}, {"model": "sessions.session", "pk": "9ptnv2vuc4b0dtvx3s53gbys9hx92nbg", "fields": {"session_data": "ZWI5NmI5OTM5NjA2ZTYxOWIyOGQyZGUwZDVlNWQ3YzA2NWIyZWNkOTp7fQ==", "expire_date": "2019-10-31T17:19:45.703Z"}}, {"model": "sessions.session", "pk": "bxg0qh1rxlj6dd1yegdr27au1qml9jd9", "fields": {"session_data": "ZWI5NmI5OTM5NjA2ZTYxOWIyOGQyZGUwZDVlNWQ3YzA2NWIyZWNkOTp7fQ==", "expire_date": "2019-10-31T17:20:40.869Z"}}, {"model": "sessions.session", "pk": "gilsf43dx6tnux74d8t7luciu80n3m08", "fields": {"session_data": "ZWI5NmI5OTM5NjA2ZTYxOWIyOGQyZGUwZDVlNWQ3YzA2NWIyZWNkOTp7fQ==", "expire_date": "2019-10-31T17:23:19.358Z"}}, {"model": "sessions.session", "pk": "mtwm2oj0zalmhyj0qgitd8h5ff0cm7tm", "fields": {"session_data": "OTdmNTQ5M2U2OTcyODBmMzY1YTI2MDQ2YzlhOWI2YzU5OTc2OGQ5NDp7Il9hdXRoX3VzZXJfaWQiOiIxIiwiX2F1dGhfdXNlcl9iYWNrZW5kIjoiZGphbmdvLmNvbnRyaWIuYXV0aC5iYWNrZW5kcy5Nb2RlbEJhY2tlbmQiLCJfYXV0aF91c2VyX2hhc2giOiIyMTM0N2I1ZDE0N2JjZjA5NzViYWUwYjg4YjYwNzdjZjlhYWVkMDhhIn0=", "expire_date": "2019-11-02T05:57:53.331Z"}}, {"model": "sessions.session", "pk": "t571ubwrp69y3fc9brxxkhvtnh76v2q5", "fields": {"session_data": "ODgzMzg2ZTlkZmI4MTJiMzg5ZGY2YThjZjc0ZGFiYWFiZGFjZTE3Zjp7Il9hdXRoX3VzZXJfaWQiOiIxIiwiX2F1dGhfdXNlcl9iYWNrZW5kIjoiZGphbmdvLmNvbnRyaWIuYXV0aC5iYWNrZW5kcy5Nb2RlbEJhY2tlbmQiLCJfYXV0aF91c2VyX2hhc2giOiJiZjk1YTQyNGU5ZWQyNDJhZGVmNDM1NDA0OWI0MjU0YTAxMzdmYTY2In0=", "expire_date": "2019-10-31T19:21:48.945Z"}}, {"model": "sessions.session", "pk": "u18cf1v6fjyjgm47klyx7wb2o241gxa0", "fields": {"session_data": "ZWI5NmI5OTM5NjA2ZTYxOWIyOGQyZGUwZDVlNWQ3YzA2NWIyZWNkOTp7fQ==", "expire_date": "2019-10-31T17:20:27.613Z"}}, {"model": "sessions.session", "pk": "usojwcwku9p2zg3az0w3y4cf6dt2d7rs", "fields": {"session_data": "ZWI5NmI5OTM5NjA2ZTYxOWIyOGQyZGUwZDVlNWQ3YzA2NWIyZWNkOTp7fQ==", "expire_date": "2019-10-31T17:25:42.559Z"}}, {"model": "productsapp.measuretypes", "pk": 1, "fields": {"name": "\u043a\u0438\u043b\u043e\u0433\u0440\u0430\u043c\u043c", "shortcut": "\u043a\u0433.", "description": "", "created": "2019-09-30T13:33:17.001Z", "updated": "2019-09-30T13:33:17.001Z"}}, {"model": "productsapp.measuretypes", "pk": 2, "fields": {"name": "\u043a\u0432\u0430\u0434\u0440\u0430\u0442\u043d\u044b\u0439 \u043c\u0435\u0442\u0440", "shortcut": "\u043c.\u043a\u0432.", "description": "", "created": "2019-10-10T06:12:29.771Z", "updated": "2019-10-10T06:12:29.771Z"}}, {"model": "productsapp.measuretypes", "pk": 3, "fields": {"name": "\u0448\u0442\u0443\u043a \u043d\u0430 500 \u043c.\u043a\u0432.", "shortcut": "\u0448\u0442/500\u043c.\u043a\u0432", "description": "", "created": "2019-10-10T06:19:31.038Z", "updated": "2019-10-10T06:19:31.038Z"}}, {"model": "productsapp.measuretypes", "pk": 4, "fields": {"name": "\u043b\u0438\u0442\u0440", "shortcut": "\u043b.", "description": "", "created": "2019-10-10T07:50:35.336Z", "updated": "2019-10-10T07:50:35.336Z"}}, {"model": "productsapp.measuretypes", "pk": 5, "fields": {"name": "\u043c\u0435\u0442\u0440 \u043f\u043e\u0433\u043e\u043d\u043d\u044b\u0439", "shortcut": "\u043c.\u043f.", "description": "", "created": "2019-10-10T19:32:03.103Z", "updated": "2019-10-10T19:32:03.103Z"}}, {"model": "productsapp.technicalsolutions", "pk": 1, "fields": {"name": "\u0413\u0438\u0434\u0440\u043e\u0438\u0437\u043e\u043b\u044f\u0446\u0438\u044f \u043c\u043e\u0441\u0442\u043e\u0432\u043e\u0433\u043e \u043f\u043e\u043b\u043e\u0442\u043d\u0430", "slug": "gidroizolyaciya-mostovogo-polotna", "measure": 2, "image": "products_images/mp.jpg", "alt_desc": "", "short_desc": "\u041d\u0430\u043f\u044b\u043b\u044f\u0435\u043c\u0430\u044f \u0433\u0438\u0434\u0440\u043e\u0438\u0437\u043e\u043b\u044f\u0446\u0438\u043e\u043d\u043d\u0430\u044f \u0441\u0438\u0441\u0442\u0435\u043c\u0430 \u043f\u0440\u0435\u0434\u043d\u0430\u0437\u043d\u0430\u0447\u0435\u043d\u0430 \u0434\u043b\u044f \u0437\u0430\u0449\u0438\u0442\u044b \u043c\u043e\u0441\u0442\u043e\u0432\u043e\u0433\u043e \u043f\u043e\u043b\u043e\u0442\u043d\u0430 \u043e\u0442 \u0430\u0433\u0440\u0435\u0441\u0441\u0438\u0432\u043d\u043e\u0433\u043e \u0432\u043e\u0437\u0434\u0435\u0439\u0441\u0442\u0432\u0438\u044f \u0432\u043d\u0435\u0448\u043d\u0438\u0445 \u0444\u0430\u043a\u0442\u043e\u0440\u043e\u0432", "description": "\u0413\u0438\u0434\u0440\u043e\u0438\u0437\u043e\u043b\u044f\u0446\u0438\u043e\u043d\u043d\u0430\u044f \u0441\u0438\u0441\u0442\u0435\u043c\u0430 \u00ab\u0420\u0430\u0431\u0431\u0435\u0440\u0444\u043b\u0435\u043a\u0441\u00a9-55\u00bb \u043f\u0440\u0435\u0434\u043d\u0430\u0437\u043d\u0430\u0447\u0435\u043d\u0430 \u0434\u043b\u044f \u0433\u0438\u0434\u0440\u043e\u0438\u0437\u043e\u043b\u044f\u0446\u0438\u0438 \u043c\u043e\u0441\u0442\u043e\u0432 \u0438 \u0442\u043e\u043d\u043d\u0435\u043b\u0435\u0439, \u043f\u043e\u0434\u043f\u043e\u0440\u043d\u044b\u0445 \u0441\u0442\u0435\u043d \u0438 \u043e\u043f\u043e\u0440 \u0438\u0441\u043a\u0443\u0441\u0441\u0442\u0432\u0435\u043d\u043d\u044b\u0445 \u0441\u043e\u043e\u0440\u0443\u0436\u0435\u043d\u0438\u0439. \u041a\u0440\u043e\u043c\u0435 \u0442\u043e\u0433\u043e \u0441\u0438\u0441\u0442\u0435\u043c\u0430 \u00ab\u0420\u0430\u0431\u0431\u0435\u0440\u0444\u043b\u0435\u043a\u0441-55\u00bb \u043d\u0430\u0448\u043b\u0430 \u043f\u0440\u0438\u043c\u0435\u043d\u0435\u043d\u0438\u0435 \u0434\u043b\u044f \u0433\u0438\u0434\u0440\u043e\u0438\u0437\u043e\u043b\u044f\u0446\u0438\u044f \u0444\u0443\u043d\u0434\u0430\u043c\u0435\u043d\u0442\u043e\u0432, \u044d\u043a\u0441\u043f\u043b\u0443\u0430\u0442\u0438\u0440\u0443\u0435\u043c\u044b\u0445 \u043a\u0440\u043e\u0432\u0435\u043b\u044c, \u043f\u043e\u0434\u0437\u0435\u043c\u043d\u044b\u0445 \u0438 \u043d\u0430\u0434\u0437\u0435\u043c\u043d\u044b\u0445 \u043f\u0430\u0440\u043a\u0438\u043d\u0433\u043e\u0432 \u043f\u043e\u0434 \u0443\u0441\u0442\u0440\u043e\u0439\u0441\u0442\u0432\u043e \u0430\u0441\u0444\u0430\u043b\u044c\u0442\u043e\u0432\u043e\u0433\u043e \u043f\u043e\u043a\u0440\u044b\u0442\u0438\u044f. \u0413\u0438\u0434\u0440\u043e\u0438\u0437\u043e\u043b\u044f\u0446\u0438\u044f \u00ab\u0420\u0430\u0431\u0431\u0435\u0440\u0444\u043b\u0435\u043a\u0441-55\u00bb \u043d\u0435 \u0442\u0440\u0435\u0431\u0443\u0435\u0442 \u0443\u0441\u0442\u0440\u043e\u0439\u0441\u0442\u0432\u0430 \u0437\u0430\u0449\u0438\u0442\u043d\u043e\u0433\u043e \u0441\u043b\u043e\u044f \u0436\u0435\u043b\u0435\u0437\u043e\u0431\u0435\u0442\u043e\u043d\u0430 \u0438 \u043c\u043e\u0436\u0435\u0442 \u0443\u043a\u043b\u0430\u0434\u044b\u0432\u0430\u0442\u044c\u0441\u044f \u043d\u0435\u043f\u043e\u0441\u0440\u0435\u0434\u0441\u0442\u0432\u0435\u043d\u043d\u043e \u043f\u043e\u0434 \u0433\u043e\u0440\u044f\u0447\u0438\u0439 \u0430\u0441\u0444\u0430\u043b\u044c\u0442.", "price": "2750.00", "created": "2019-09-30T13:35:59.814Z", "updated": "2019-10-11T07:13:21.797Z", "is_active": true}}, {"model": "productsapp.technicalsolutions", "pk": 2, "fields": {"name": "\u0417\u0430\u0449\u0438\u0442\u043d\u043e\u0435 \u043f\u043e\u043b\u0438\u043c\u0435\u0440\u043d\u043e\u0435 \u043f\u043e\u043a\u0440\u044b\u0442\u0438\u0435", "slug": "zashitnoe-polimernoe-pokrytie", "measure": 2, "image": "products_images/sennoy.png", "alt_desc": "", "short_desc": "\u041f\u043e\u043a\u0440\u044b\u0442\u0438\u0435 \u0437\u0430\u0449\u0438\u0449\u0430\u0435\u0442 \u043a\u043e\u043d\u0441\u0442\u0440\u0443\u043a\u0446\u0438\u0438 \u043c\u043e\u0441\u0442\u0430 \u043e\u0442 \u043a\u043e\u0440\u0440\u043e\u0437\u0438\u0438 \u0438 \u043e\u0431\u0435\u0441\u043f\u0435\u0447\u0438\u0432\u0430\u0435\u0442 \u0431\u0435\u0437\u043e\u043f\u0430\u0441\u043d\u043e\u0435 \u0438 \u043a\u043e\u043c\u0444\u043e\u0440\u0442\u043d\u043e\u0435 \u0434\u0432\u0438\u0436\u0435\u043d\u0438\u0435 \u043f\u0435\u0448\u0435\u0445\u043e\u0434\u043e\u0432 \u0432 \u0437\u0438\u043c\u043d\u0438\u0439 \u043f\u0435\u0440\u0438\u043e\u0434", "description": "\u0421\u0438\u0441\u0442\u0435\u043c\u0430 \u041c\u0430\u0442\u0430\u043a\u0440\u0438\u043b (Matacryl) \u043f\u0440\u0435\u0434\u0441\u0442\u0430\u0432\u043b\u044f\u0435\u0442 \u0441\u043e\u0431\u043e\u0439 \u0442\u043e\u043d\u043a\u043e\u0441\u043b\u043e\u0439\u043d\u043e\u0435 \u043f\u043e\u043b\u0438\u043c\u0435\u0440\u043d\u043e\u0435 \u043f\u043e\u043a\u0440\u044b\u0442\u0438\u0435 \u0434\u043b\u044f \u043c\u043e\u0441\u0442\u043e\u0432 \u043d\u0430 \u043e\u0441\u043d\u043e\u0432\u0435 \u043f\u043e\u043b\u0438\u043c\u0435\u0442\u0438\u043b\u043c\u0435\u0442\u0430\u043a\u0440\u0438\u043b\u0430\u0442\u0430 (\u041f\u041c\u041c\u0410), \u0437\u0430\u043c\u0435\u043d\u044f\u044e\u0449\u0435\u0435 \u0433\u0438\u0434\u0440\u043e\u0438\u0437\u043e\u043b\u044f\u0446\u0438\u044e \u0438 \u0434\u043e\u0440\u043e\u0436\u043d\u0443\u044e \u043e\u0434\u0435\u0436\u0434\u0443 \u043d\u0430 \u043e\u0431\u044a\u0435\u043a\u0442\u0430\u0445 \u0442\u0440\u0430\u043d\u0441\u043f\u043e\u0440\u0442\u043d\u043e\u0433\u043e \u0441\u0442\u0440\u043e\u0438\u0442\u0435\u043b\u044c\u0441\u0442\u0432\u0430. \u041f\u0440\u0438\u043c\u0435\u043d\u044f\u0435\u0442\u0441\u044f \u043a\u0430\u043a \u0444\u0438\u043d\u0438\u0448\u043d\u043e\u0435 \u043f\u043e\u043b\u0438\u043c\u0435\u0440\u043d\u043e\u0433\u043e \u043f\u043e\u043a\u0440\u044b\u0442\u0438\u0435 \u0434\u043b\u044f \u0430\u0432\u0442\u043e\u0434\u043e\u0440\u043e\u0436\u043d\u044b\u0445 \u043c\u043e\u0441\u0442\u043e\u0432, \u043f\u043e\u043b\u0438\u043c\u0435\u0440\u043d\u043e\u0435 \u043f\u043e\u043a\u0440\u044b\u0442\u0438\u0435 \u043f\u0435\u0448\u0435\u0445\u043e\u0434\u043d\u044b\u0445 \u043c\u043e\u0441\u0442\u043e\u0432 \u0438 \u043f\u0440\u043e\u0445\u043e\u0436\u0438\u0445 \u0437\u043e\u043d \u0430\u0432\u0442\u043e\u0434\u043e\u0440\u043e\u0436\u043d\u044b\u0445 \u043c\u043e\u0441\u0442\u043e\u0432. \u0421\u0438\u0441\u0442\u0435\u043c\u0430 \u041c\u0430\u0442\u0430\u043a\u0440\u0438\u043b \u0430\u043a\u0442\u0438\u0432\u043d\u043e \u043f\u0440\u0438\u043c\u0435\u043d\u044f\u0435\u0442\u0441\u044f \u0434\u043b\u044f \u0443\u0441\u0442\u0440\u043e\u0439\u0441\u0442\u0432\u0430 \u043f\u043e\u043b\u0438\u043c\u0435\u0440\u043d\u043e\u0433\u043e \u043f\u043e\u043a\u0440\u044b\u0442\u0438\u044f \u043d\u0430 \u043b\u0435\u0441\u0442\u043d\u0438\u0447\u043d\u044b\u0445 \u0441\u0445\u043e\u0434\u0430\u0445 \u0438 \u043f\u0430\u043d\u0434\u0443\u0441\u0430\u0445, \u043e\u0431\u0435\u0441\u043f\u0435\u0447\u0438\u0432\u0430\u044f \u043a\u043e\u043c\u0444\u043e\u0440\u0442\u043d\u043e\u0435 \u0434\u0432\u0438\u0436\u0435\u043d\u0438\u044f \u043c\u0430\u043b\u043e\u043c\u043e\u0431\u0438\u043b\u044c\u043d\u043e\u0439 \u0433\u0440\u0443\u043f\u043f\u044b \u043d\u0430\u0441\u0435\u043b\u0435\u043d\u0438\u044f (\u041c\u0413\u041d). \u0411\u043b\u0430\u0433\u043e\u0434\u0430\u0440\u044f \u0448\u0438\u0440\u043e\u043a\u043e\u0439 \u0446\u0432\u0435\u0442\u043e\u0432\u043e\u0439 \u0433\u0430\u043c\u043c\u0435 \u0438 \u0432\u044b\u0441\u043e\u043a\u043e\u0439 \u0430\u0434\u0433\u0435\u0437\u0438\u0438 \u043a \u0430\u0441\u0444\u0430\u043b\u044c\u0442\u043e\u0431\u0435\u0442\u043e\u043d\u0443, \u043c\u043e\u0436\u0435\u0442 \u043f\u0440\u0438\u043c\u0435\u043d\u044f\u0442\u044c\u0441\u044f \u0434\u043b\u044f \u0443\u0441\u0442\u0440\u043e\u0439\u0441\u0442\u0432\u0430 \u0441\u0438\u0433\u043d\u0430\u043b\u044c\u043d\u044b\u0445 \u043f\u043e\u043a\u0440\u044b\u0442\u0438\u0439 \u0434\u043b\u044f \u0441\u043b\u0430\u0431\u043e\u0432\u0438\u0434\u044f\u0449\u0438\u0445, \u0430 \u0442\u0430\u043a\u0436\u0435 \u0432 \u043a\u0430\u0447\u0435\u0441\u0442\u0432\u0435 \u043f\u043e\u043a\u0440\u044b\u0442\u0438\u044f \u043f\u0440\u043e\u0442\u0438\u0432\u043e\u0441\u043a\u043e\u043b\u044c\u0436\u0435\u043d\u0438\u044f \u043d\u0430 \u043f\u0443\u043d\u043a\u0442\u0430\u0445 \u043e\u043f\u043b\u0430\u0442\u044b \u043f\u043b\u0430\u0442\u043d\u044b\u0445 \u0434\u043e\u0440\u043e\u0433.", "price": "2950.00", "created": "2019-09-30T13:43:07.742Z", "updated": "2019-10-19T07:14:30.520Z", "is_active": true}}, {"model": "productsapp.technicalsolutions", "pk": 3, "fields": {"name": "\u0417\u0430\u0449\u0438\u0442\u0430 \u0434\u0435\u0444\u043e\u0440\u043c\u0430\u0446\u0438\u043e\u043d\u043d\u044b\u0445 \u0448\u0432\u043e\u0432", "slug": "sistema-zashity-deformacionnyh-shvov", "measure": 5, "image": "products_images/d_sh.jpg", "alt_desc": "", "short_desc": "\u041f\u0440\u043e\u0447\u043d\u043e-\u0443\u043f\u0440\u0443\u0433\u0438\u0439 \u043f\u043e\u043b\u0438\u043c\u0435\u0440\u0431\u0435\u0442\u043e\u043d \u043d\u0430 \u043e\u0441\u043d\u043e\u0432\u0435 \u043f\u043e\u043b\u0438\u0443\u0440\u0435\u0442\u0430\u043d\u043e\u0432\u044b\u0445 \u0441\u043c\u043e\u043b \u0437\u0430\u0449\u0438\u0449\u0430\u0435\u0442 \u0434\u0435\u0444\u043e\u0440\u043c\u0430\u0446\u0438\u043e\u043d\u043d\u044b\u0439 \u0448\u043e\u0432 \u043c\u043e\u0441\u0442\u0430 \u043e\u0442 \u0434\u0438\u043d\u0430\u043c\u0438\u0447\u0435\u0441\u043a\u043e\u0433\u043e \u0432\u043e\u0437\u0434\u0435\u0439\u0441\u0442\u0432\u0438\u044f", "description": "\u0414\u0435\u0444\u043e\u0440\u043c\u0430\u0446\u0438\u043e\u043d\u043d\u044b\u0435 \u0448\u0432\u044b \u2013 \u043d\u0430\u0438\u0431\u043e\u043b\u0435\u0435 \u0441\u043b\u0430\u0431\u044b\u0439 \u0443\u0447\u0430\u0441\u0442\u043e\u043a \u0432 \u043a\u043e\u043d\u0441\u0442\u0440\u0443\u043a\u0446\u0438\u0438 \u0434\u043e\u0440\u043e\u0436\u043d\u043e\u0433\u043e \u043f\u043e\u043b\u043e\u0442\u043d\u0430 \u043c\u043e\u0441\u0442\u043e\u0432\u044b\u0445 \u0441\u043e\u043e\u0440\u0443\u0436\u0435\u043d\u0438\u0439. \u0414\u043b\u044f \u0443\u0432\u0435\u043b\u0438\u0447\u0435\u043d\u0438\u044f \u0441\u0440\u043e\u043a\u0430 \u0441\u043b\u0443\u0436\u0431\u044b \u043c\u0435\u0442\u0430\u043b\u043b\u0438\u0447\u0435\u0441\u043a\u043e\u0433\u043e \u043f\u0440\u043e\u0444\u0438\u043b\u044f \u0434\u0435\u0444\u043e\u0440\u043c\u0430\u0446\u0438\u043e\u043d\u043d\u043e\u0433\u043e \u0448\u0432\u0430 \u0438 \u0441\u043e\u043f\u0440\u044f\u0433\u0430\u044e\u0449\u0435\u0439\u0441\u044f \u0441 \u043d\u0438\u043c \u0434\u043e\u0440\u043e\u0436\u043d\u043e\u0439 \u043e\u0434\u0435\u0436\u0434\u044b \u043d\u0435\u043e\u0431\u0445\u043e\u0434\u0438\u043c\u043e \u0442\u0449\u0430\u0442\u0435\u043b\u044c\u043d\u043e \u043f\u043e\u0434\u043e\u0439\u0442\u0438 \u043a \u043f\u0440\u043e\u0440\u0430\u0431\u043e\u0442\u043a\u0435 \u0440\u0435\u0448\u0435\u043d\u0438\u044f \u043f\u0435\u0440\u0435\u0445\u043e\u0434\u043d\u044b\u0445 \u0437\u043e\u043d: \u0438\u0445 \u043a\u043e\u043d\u0441\u0442\u0440\u0443\u043a\u0446\u0438\u0438 \u0438 \u0432\u044b\u0431\u043e\u0440\u0443 \u043c\u0430\u0442\u0435\u0440\u0438\u0430\u043b\u043e\u0432.\r\n\u041d\u0430 \u0441\u0435\u0433\u043e\u0434\u043d\u044f\u0448\u043d\u0438\u0439 \u0434\u0435\u043d\u044c \u0432 \u0420\u043e\u0441\u0441\u0438\u0438 \u0438\u0441\u043f\u043e\u043b\u044c\u0437\u0443\u0435\u0442\u0441\u044f \u043d\u0435\u0441\u043a\u043e\u043b\u044c\u043a\u043e \u0441\u043f\u043e\u0441\u043e\u0431\u043e\u0432 \u0443\u0441\u0442\u0440\u043e\u0439\u0441\u0442\u0432\u0430 \u0437\u0430\u0449\u0438\u0442\u043d\u044b\u0445 \u0437\u043e\u043d \u043f\u0440\u0438\u043c\u044b\u043a\u0430\u043d\u0438\u0439: \u044d\u0442\u043e \u0440\u0435\u0448\u0435\u043d\u0438\u044f \u043e\u0441\u043d\u043e\u0432\u0430\u043d\u043d\u044b\u0435 \u043d\u0430 \u043f\u0440\u0438\u043c\u0435\u043d\u0435\u043d\u0438\u0438 \u0440\u0430\u0437\u043b\u0438\u0447\u043d\u044b\u0445 \u043f\u043e\u043b\u0438\u043c\u0435\u0440\u0431\u0435\u0442\u043e\u043d\u043e\u0432 (\u0442\u0438\u043f\u0430 Betoflex\u00ae, ROBO\u00aeFlex) \u0438 \u043c\u0430\u0441\u0442\u0438\u0447\u043d\u044b\u0445 \u0441\u0432\u044f\u0437\u0443\u044e\u0449\u0438\u0445 \u0441 \u0449\u0435\u0431\u0435\u043d\u043e\u0447\u043d\u044b\u043c \u043d\u0430\u043f\u043e\u043b\u043d\u0438\u0442\u0435\u043b\u0435\u043c (\u0442\u0438\u043f\u0430 \u041f\u0423\u0413\u041c\u041a\u00ae). \u042d\u0442\u0438 \u0440\u0435\u0448\u0435\u043d\u0438\u044f, \u0442\u0430\u043a \u0438\u043b\u0438 \u0438\u043d\u0430\u0447\u0435, \u0438\u043c\u0435\u044e\u0442 \u0440\u044f\u0434 \u043c\u0438\u043d\u0443\u0441\u043e\u0432 \u0441\u0432\u044f\u0437\u0430\u043d\u043d\u044b\u0445 \u043b\u0438\u0431\u043e \u0441 \u043d\u0435\u0434\u043e\u0441\u0442\u0430\u0442\u043e\u0447\u043d\u043e \u0445\u043e\u0440\u043e\u0448\u0438\u043c\u0438 \u043f\u043e\u043a\u0430\u0437\u0430\u0442\u0435\u043b\u044f\u043c\u0438 \u0438\u0437\u043d\u043e\u0441\u043e\u0441\u0442\u043e\u0439\u043a\u043e\u0441\u0442\u0438 \u0438 \u0436\u0435\u0441\u0442\u043a\u043e\u0441\u0442\u0438 (\u0447\u0442\u043e \u043f\u0440\u0438\u0432\u043e\u0434\u0438\u0442 \u043a \u043e\u0431\u0440\u0430\u0437\u043e\u0432\u0430\u043d\u0438\u044e \u043a\u043e\u043b\u0435\u0438 \u0438 \u043f\u0440\u0435\u0436\u0434\u0435\u0432\u0440\u0435\u043c\u0435\u043d\u043d\u043e\u043c\u0443 \u0438\u0437\u043d\u043e\u0441\u0443 \u043f\u0440\u043e\u0444\u0438\u043b\u044f \u0414\u0428), \u043b\u0438\u0431\u043e \u0441 \u0438\u0445 \u043a\u0440\u0430\u0439\u043d\u0435 \u0432\u044b\u0441\u043e\u043a\u043e\u0439 \u0441\u0442\u043e\u0438\u043c\u043e\u0441\u0442\u044c\u044e. (\u0421\u043c\u043e\u0442\u0440\u0438 \u043a\u043e\u043d\u044a\u044e\u043d\u043a\u0442\u0443\u0440\u043d\u044b\u0439 \u0430\u043d\u0430\u043b\u0438\u0437 \u0446\u0435\u043d)", "price": "0.00", "created": "2019-09-30T13:45:29.164Z", "updated": "2019-10-11T07:00:51.527Z", "is_active": true}}, {"model": "productsapp.technicalsolutions", "pk": 4, "fields": {"name": "\u041f\u043e\u0434\u0437\u0435\u043c\u043d\u0430\u044f \u0433\u0438\u0434\u0440\u043e\u0438\u0437\u043e\u043b\u044f\u0446\u0438\u044f", "slug": "gidroizolyaciya-podzemnyh-chastej-konstrukcij", "measure": 2, "image": "products_images/fundament_Z5yJ0BZ.jpg", "alt_desc": "", "short_desc": "\u041d\u0435\u0441\u0443\u0449\u0438\u0435 \u043a\u043e\u043d\u0441\u0442\u0440\u0443\u043a\u0446\u0438\u0438 \u043c\u043e\u0441\u0442\u0430 \u0437\u0430\u0449\u0438\u0449\u0430\u044e\u0442\u0441\u044f \u043e\u0442 \u0434\u0435\u0439\u0441\u0442\u0432\u0438\u044f \u0430\u0433\u0440\u0435\u0441\u0441\u0438\u0432\u043d\u044b\u0445 \u0444\u0430\u043a\u0442\u043e\u0440\u043e\u0432 \u0441\u0440\u0435\u0434\u044b \u0441 \u043f\u043e\u043c\u043e\u0449\u044c\u044e \u043d\u0430\u043f\u044b\u043b\u044f\u0435\u043c\u043e\u0439 \u0433\u0438\u0434\u0440\u043e\u0438\u0437\u043e\u043b\u044f\u0446\u0438\u0438", "description": "", "price": "1450.00", "created": "2019-10-01T11:26:24.843Z", "updated": "2019-10-11T07:10:04.543Z", "is_active": true}}, {"model": "productsapp.technicalsolutions", "pk": 5, "fields": {"name": "\u0422\u043e\u043d\u043a\u043e\u0441\u043b\u043e\u0439\u043d\u0430\u044f \u0434\u043e\u0440\u043e\u0436\u043d\u0430\u044f \u043e\u0434\u0435\u0436\u0434\u0430", "slug": "tonkoslojnaya-dorozhnaya-odezhda", "measure": 2, "image": "products_images/tonkosloy.png", "alt_desc": "", "short_desc": "\u041f\u043e\u043a\u0440\u044b\u0442\u0438\u0435 \u0437\u0430\u0449\u0438\u0449\u0430\u0435\u0442 \u043a\u043e\u043d\u0441\u0442\u0440\u0443\u043a\u0446\u0438\u0438 \u043c\u043e\u0441\u0442\u0430, \u0443\u043c\u0435\u043d\u044c\u0448\u0430\u0435\u0442 \u0441\u0442\u0430\u0442\u0438\u0447\u0435\u0441\u043a\u0443\u044e \u043d\u0430\u0433\u0440\u0443\u0437\u043a\u0443, \u0430 \u0442\u0430\u043a\u0436\u0435 \u043d\u0430 \u0438 \u043e\u0431\u0435\u0441\u043f\u0435\u0447\u0438\u0432\u0430\u0435\u0442 \u0431\u0435\u0437\u043e\u043f\u0430\u0441\u043d\u043e\u0435 \u0434\u0432\u0438\u0436\u0435\u043d\u0438\u0435 \u0430\u0432\u0442\u043e\u0442\u0440\u0430\u043d\u0441\u043f\u043e\u0440\u0442\u0430", "description": "", "price": "12000.00", "created": "2019-10-01T11:44:10.206Z", "updated": "2019-10-11T07:06:33.293Z", "is_active": true}}, {"model": "productsapp.technicalsolutions", "pk": 6, "fields": {"name": "\u0413\u0438\u0434\u0440\u043e\u0438\u0437\u043e\u043b\u044f\u0446\u0438\u044f \u0442\u043e\u043d\u043d\u0435\u043b\u0435\u0439", "slug": "gidroizolyaciya-tonnelej", "measure": 2, "image": "products_images/tonneli.jpg", "alt_desc": "", "short_desc": "\u0413\u0438\u0434\u0440\u043e\u0438\u0437\u043e\u043b\u044f\u0446\u0438\u043e\u043d\u043d\u0430\u044f \u0441\u0438\u0441\u0442\u0435\u043c\u0430 \u043d\u0430\u0434\u0435\u0436\u043d\u043e \u0437\u0430\u0449\u0438\u0449\u0430\u0435\u0442 \u0442\u0435\u043b\u043e \u0442\u043e\u043d\u043d\u0435\u043b\u044f \u0438 \u0435\u0433\u043e \u0438\u043d\u0436\u0435\u043d\u0435\u0440\u043d\u044b\u0435 \u0441\u0435\u0442\u0438 \u043e\u0442 \u043f\u0440\u043e\u0442\u0435\u0447\u0435\u043a \u0438 \u0440\u0430\u0437\u0440\u0443\u0448\u0430\u044e\u0449\u0435\u0433\u043e \u0432\u043b\u0438\u044f\u043d\u0438\u044f \u0432\u043d\u0435\u0448\u043d\u0438\u0445 \u0444\u0430\u043a\u0442\u043e\u0440\u043e\u0432 \u0441\u0440\u0435\u0434\u044b", "description": "", "price": "7590.00", "created": "2019-10-01T12:30:39.767Z", "updated": "2019-10-11T07:08:32.052Z", "is_active": true}}, {"model": "productsapp.technicalsolutionsimage", "pk": 1, "fields": {"material": 1, "alt_desc": "", "image": "products_images/rubberflex_55_peresechenie_leninskogo_i_mkad_7_x4VbnjW.jpg", "is_active": true, "created": "2019-09-30T13:37:10.495Z", "updated": "2019-09-30T13:37:10.495Z"}}, {"model": "productsapp.technicalsolutionsimage", "pk": 2, "fields": {"material": 1, "alt_desc": "", "image": "products_images/rekonstrukciya_mosta_v_chistopolskom_rayone_08_RfChnLy.png", "is_active": true, "created": "2019-09-30T13:37:10.502Z", "updated": "2019-09-30T13:37:10.502Z"}}, {"model": "productsapp.technicalsolutionsimage", "pk": 3, "fields": {"material": 1, "alt_desc": "", "image": "products_images/2017_rubberflex_tskad_reka_desna_65.jpg", "is_active": true, "created": "2019-09-30T13:37:10.518Z", "updated": "2019-09-30T13:37:10.518Z"}}, {"model": "productsapp.technicalsolutionsimage", "pk": 4, "fields": {"material": 1, "alt_desc": "", "image": "products_images/volokolamskogo_i_ilinskogo_shosse_1_kfLhOLK.jpeg", "is_active": true, "created": "2019-09-30T13:37:10.524Z", "updated": "2019-09-30T13:37:10.525Z"}}, {"model": "productsapp.technicalsolutionsimage", "pk": 5, "fields": {"material": 2, "alt_desc": "", "image": "products_images/moskva_kharkov_11.png", "is_active": true, "created": "2019-09-30T13:43:07.752Z", "updated": "2019-09-30T13:43:07.752Z"}}, {"model": "productsapp.technicalsolutionsimage", "pk": 6, "fields": {"material": 2, "alt_desc": "", "image": "products_images/peshehodny_perehod_na_avtodoroge_saratov_ustkurdyum_010.png", "is_active": true, "created": "2019-09-30T13:43:07.755Z", "updated": "2019-09-30T13:43:07.755Z"}}, {"model": "productsapp.technicalsolutionsimage", "pk": 7, "fields": {"material": 2, "alt_desc": "", "image": "products_images/img_0288.jpg", "is_active": true, "created": "2019-09-30T13:43:07.759Z", "updated": "2019-09-30T13:43:07.759Z"}}, {"model": "productsapp.technicalsolutionsimage", "pk": 8, "fields": {"material": 3, "alt_desc": "", "image": "products_images/deformatsionnyy_shov_rabberflex_55_5_DvV8Iol.jpg", "is_active": true, "created": "2019-09-30T13:45:29.172Z", "updated": "2019-09-30T13:45:29.172Z"}}, {"model": "productsapp.technicalsolutionsimage", "pk": 9, "fields": {"material": 3, "alt_desc": "", "image": "products_images/deformatsionnyy_shov_rabberflex_55_6_8UAWC8F.jpg", "is_active": true, "created": "2019-09-30T13:45:29.176Z", "updated": "2019-09-30T13:45:29.176Z"}}, {"model": "productsapp.materialcategory", "pk": 1, "fields": {"name": "\u0413\u0440\u0443\u043d\u0442\u043e\u0432\u043a\u0438", "description": "", "created": "2019-09-30T13:33:02.798Z", "updated": "2019-09-30T13:33:02.798Z"}}, {"model": "productsapp.materialcategory", "pk": 2, "fields": {"name": "\u041c\u0430\u0441\u0442\u0438\u043a\u0438", "description": "", "created": "2019-09-30T13:34:11.121Z", "updated": "2019-09-30T13:34:11.121Z"}}, {"model": "productsapp.materialcategory", "pk": 3, "fields": {"name": "\u041c\u0438\u043d\u0435\u0440\u0430\u043b\u044b", "description": "", "created": "2019-09-30T13:35:34.575Z", "updated": "2019-09-30T13:35:34.575Z"}}, {"model": "productsapp.materialcategory", "pk": 4, "fields": {"name": "\u041b\u0430\u043a\u0438", "description": "", "created": "2019-09-30T13:41:07.192Z", "updated": "2019-09-30T13:41:07.192Z"}}, {"model": "productsapp.materialcategory", "pk": 5, "fields": {"name": "\u0414\u043e\u0431\u0430\u0432\u043a\u0438", "description": "", "created": "2019-09-30T13:41:50.589Z", "updated": "2019-09-30T13:41:50.589Z"}}, {"model": "productsapp.material", "pk": 1, "fields": {"name": "\u041f\u0440\u0430\u0439\u043c\u0435\u0440 \u0423\u043d\u0438\u0432\u0435\u0440\u0441\u0430\u043b 2\u041a", "slug": "prajmer-universal-2k", "category": 1, "measure": 1, "image": "products_images/universal_primer_2k_4060_a_12.640.020_8kg_b_12kg_12.641.020_1_lxEaa0E.png", "alt_desc": "", "short_desc": "", "description": "", "price": "560.00", "quantity": 0, "created": "2019-09-30T13:33:33.394Z", "updated": "2019-09-30T13:33:33.394Z"}}, {"model": "productsapp.material", "pk": 2, "fields": {"name": "\u0420\u0430\u0431\u0431\u0435\u0440\u0444\u043b\u0435\u043a\u0441-55", "slug": "rabberfleks-55", "category": 2, "measure": 1, "image": "products_images/rabberfleks_55.png", "alt_desc": "", "short_desc": "", "description": "", "price": "650.00", "quantity": 0, "created": "2019-09-30T13:35:18.323Z", "updated": "2019-09-30T13:35:18.323Z"}}, {"model": "productsapp.material", "pk": 3, "fields": {"name": "\u041a\u0432\u0430\u0440\u0446 2,0-2,5", "slug": "kvarc-20-25", "category": 3, "measure": 1, "image": "", "alt_desc": "", "short_desc": "", "description": "", "price": "12.00", "quantity": 0, "created": "2019-09-30T13:35:46.321Z", "updated": "2019-09-30T13:35:46.321Z"}}, {"model": "productsapp.material", "pk": 4, "fields": {"name": "\u041c\u0430\u0442\u0430\u043a\u0440\u0438\u043b \u041f\u0440\u0430\u0439\u043c\u0435\u0440 \u0421\u041c", "slug": "matakril-prajmer-sm", "category": 1, "measure": 1, "image": "", "alt_desc": "", "short_desc": "", "description": "", "price": "950.00", "quantity": 0, "created": "2019-09-30T13:40:04.243Z", "updated": "2019-09-30T13:40:04.243Z"}}, {"model": "productsapp.material", "pk": 5, "fields": {"name": "\u041c\u0430\u0442\u0430\u043a\u0440\u0438\u043b \u0412\u041b \u0420\u0435\u0437\u0438\u043d", "slug": "matakril-vl-rezin", "category": 2, "measure": 1, "image": "", "alt_desc": "", "short_desc": "", "description": "", "price": "1250.00", "quantity": 0, "created": "2019-09-30T13:40:39.015Z", "updated": "2019-09-30T13:40:39.015Z"}}, {"model": "productsapp.material", "pk": 6, "fields": {"name": "\u041c\u0430\u0442\u0430\u043a\u0440\u0438\u043b \u0421\u0422\u0421 \u041a\u043b\u0435\u0440", "slug": "matakril-sts-kler", "category": 4, "measure": 1, "image": "", "alt_desc": "", "short_desc": "", "description": "", "price": "1150.00", "quantity": 0, "created": "2019-09-30T13:41:15.967Z", "updated": "2019-09-30T13:41:15.967Z"}}, {"model": "productsapp.material", "pk": 7, "fields": {"name": "\u0426\u0432\u0435\u0442\u043d\u043e\u0439 \u043a\u0432\u0430\u0440\u0446", "slug": "cvetnoj-kvarc", "category": 3, "measure": 1, "image": "", "alt_desc": "", "short_desc": "", "description": "", "price": "23.00", "quantity": 0, "created": "2019-09-30T13:41:34.743Z", "updated": "2019-09-30T13:41:34.743Z"}}, {"model": "productsapp.material", "pk": 8, "fields": {"name": "\u041c\u0430\u0442\u0430\u043a\u0440\u0438\u043b \u041a\u0430\u0442\u0430\u043b\u0438\u0441\u0442", "slug": "matakril-katalist", "category": 5, "measure": 1, "image": "", "alt_desc": "", "short_desc": "", "description": "", "price": "2250.00", "quantity": 0, "created": "2019-09-30T13:42:01.706Z", "updated": "2019-09-30T13:42:01.706Z"}}, {"model": "productsapp.material", "pk": 9, "fields": {"name": "\u0420\u0430\u0431\u0431\u0435\u0440\u0444\u043b\u0435\u043a\u0441 \u0414\u0428 250", "slug": "rabberfleks-dsh-250", "category": 2, "measure": 1, "image": "", "alt_desc": "", "short_desc": "", "description": "", "price": "1950.00", "quantity": 0, "created": "2019-09-30T13:44:17.449Z", "updated": "2019-09-30T13:44:17.449Z"}}, {"model": "productsapp.material", "pk": 10, "fields": {"name": "\u0420\u0430\u0431\u0431\u0435\u0440\u0444\u043b\u0435\u043a\u0441 \u041f\u0440\u0430\u0439\u043c\u0435\u0440", "slug": "rabberfleks-prajmer", "category": 1, "measure": 1, "image": "", "alt_desc": "", "short_desc": "", "description": "", "price": "650.00", "quantity": 0, "created": "2019-09-30T13:44:35.203Z", "updated": "2019-09-30T13:44:35.203Z"}}, {"model": "productsapp.material", "pk": 11, "fields": {"name": "\u0429\u0435\u0431\u0435\u043d\u044c \u0433\u0440\u0430\u043d\u0438\u0442\u043d\u044b\u0439 5-20", "slug": "sheben-granitnyj-5-20", "category": 3, "measure": 1, "image": "", "alt_desc": "", "short_desc": "", "description": "", "price": "9.00", "quantity": 0, "created": "2019-09-30T13:44:56.257Z", "updated": "2019-09-30T13:44:56.257Z"}}, {"model": "productsapp.material", "pk": 12, "fields": {"name": "\u042d\u043b\u0435\u043a\u0442\u0440\u043e\u043a\u043e\u0440\u0443\u043d\u0434", "slug": "elektrokorund", "category": 3, "measure": 1, "image": "", "alt_desc": "", "short_desc": "", "description": "", "price": "75.00", "quantity": 0, "created": "2019-10-01T11:43:36.037Z", "updated": "2019-10-01T11:43:36.037Z"}}, {"model": "productsapp.material", "pk": 13, "fields": {"name": "\u0410\u043a\u0441\u0435\u043b\u0435\u0440\u0430\u0442\u043e\u0440 3000\u0410", "slug": "akselerator-3000a", "category": 5, "measure": 1, "image": "", "alt_desc": "", "short_desc": "", "description": "", "price": "1150.00", "quantity": 0, "created": "2019-10-01T19:44:25.479Z", "updated": "2019-10-01T19:44:25.479Z"}}, {"model": "productsapp.material", "pk": 14, "fields": {"name": "\u0422\u0438\u043a\u0441\u043e\u0442\u0443\u043b", "slug": "tiksotul", "category": 5, "measure": 1, "image": "", "alt_desc": "", "short_desc": "", "description": "", "price": "490.00", "quantity": 0, "created": "2019-10-01T19:46:06.518Z", "updated": "2019-10-01T19:46:06.518Z"}}, {"model": "productsapp.material", "pk": 15, "fields": {"name": "\u0429\u0435\u0431\u0435\u043d\u044c \u0433\u0440\u0430\u043d\u0438\u0442\u043d\u044b\u0439 10-20", "slug": "sheben-granitnyj-10-20", "category": 3, "measure": 1, "image": "", "alt_desc": "", "short_desc": "", "description": "", "price": "13.00", "quantity": 0, "created": "2019-10-01T19:47:55.237Z", "updated": "2019-10-01T19:47:55.237Z"}}, {"model": "productsapp.material", "pk": 16, "fields": {"name": "\u041a\u0432\u0430\u0440\u0446 0,3-0,8", "slug": "kvarc-03-08", "category": 3, "measure": 1, "image": "", "alt_desc": "", "short_desc": "", "description": "", "price": "7.00", "quantity": 0, "created": "2019-10-01T19:49:11.707Z", "updated": "2019-10-01T19:49:11.707Z"}}, {"model": "productsapp.material", "pk": 17, "fields": {"name": "\u041a\u0432\u0430\u0440\u0446\u0435\u0432\u0430\u044f \u0441\u043c\u0435\u0441\u044c \u0421\u041d\u041b", "slug": "kvarcevaya-smes-snl", "category": 3, "measure": 1, "image": "", "alt_desc": "", "short_desc": "", "description": "", "price": "0.00", "quantity": 0, "created": "2019-10-01T19:50:31.170Z", "updated": "2019-10-01T19:50:31.170Z"}}, {"model": "productsapp.material", "pk": 18, "fields": {"name": "\u0413\u0435\u043e\u0434\u0435\u0441\u043c\u043e-50", "slug": "geodesmo-50", "category": 1, "measure": 1, "image": "", "alt_desc": "", "short_desc": null, "description": "", "price": "650.00", "quantity": 0, "created": "2019-10-10T07:48:35.238Z", "updated": "2019-10-10T07:48:35.238Z"}}, {"model": "productsapp.material", "pk": 19, "fields": {"name": "\u041f\u0440\u0430\u0439\u043c\u0435\u0440 \u0410\u043a\u0432\u0430\u0434\u044e\u0440", "slug": "prajmer-akvadyur", "category": 1, "measure": 1, "image": "", "alt_desc": "", "short_desc": null, "description": "", "price": "690.00", "quantity": 0, "created": "2019-10-10T07:49:06.978Z", "updated": "2019-10-10T07:49:06.978Z"}}, {"model": "productsapp.material", "pk": 20, "fields": {"name": "\u041a\u0441\u0438\u043b\u043e\u043b", "slug": "ksilol", "category": 5, "measure": 4, "image": "", "alt_desc": "", "short_desc": null, "description": "", "price": "72.00", "quantity": 0, "created": "2019-10-10T07:50:44.819Z", "updated": "2019-10-10T07:50:44.819Z"}}, {"model": "productsapp.workcategory", "pk": 1, "fields": {"name": "\u041f\u043e\u0434\u0433\u043e\u0442\u043e\u0432\u0438\u0442\u0435\u043b\u044c\u043d\u044b\u0435 \u0440\u0430\u0431\u043e\u0442\u044b", "description": "", "created": "2019-10-10T06:10:00.378Z", "updated": "2019-10-10T06:10:00.378Z"}}, {"model": "productsapp.workcategory", "pk": 2, "fields": {"name": "\u041e\u0441\u043d\u043e\u0432\u043d\u043e\u0439 \u0441\u043e\u0441\u0442\u0430\u0432 \u0440\u0430\u0431\u043e\u0442", "description": "", "created": "2019-10-10T06:10:38.904Z", "updated": "2019-10-10T06:10:38.904Z"}}, {"model": "productsapp.workcategory", "pk": 3, "fields": {"name": "\u041f\u0440\u043e\u0432\u0435\u0440\u043a\u0430 \u043a\u0430\u0447\u0435\u0441\u0442\u0432\u0430 \u0438 \u0441\u0434\u0430\u0447\u0430 \u0440\u0430\u0431\u043e\u0442", "description": "", "created": "2019-10-10T06:10:49.992Z", "updated": "2019-10-10T06:11:06.347Z"}}, {"model": "productsapp.workcategory", "pk": 4, "fields": {"name": "\u041f\u0440\u043e\u043c\u0435\u0436\u0443\u0442\u043e\u0447\u043d\u0430\u044f \u043f\u0440\u043e\u0432\u0435\u0440\u043a\u0430 \u043a\u0430\u0447\u0435\u0441\u0442\u0432\u0430", "description": "", "created": "2019-10-10T06:20:40.420Z", "updated": "2019-10-10T06:20:40.420Z"}}, {"model": "productsapp.work", "pk": 1, "fields": {"name": "\u041e\u0431\u0435\u0441\u043f\u044b\u043b\u0438\u0432\u0430\u043d\u0438\u0435 / \u043f\u0440\u043e\u0434\u0443\u0432\u043a\u0430 \u0441\u0436\u0430\u0442\u044b\u043c \u0432\u043e\u0437\u0434\u0443\u0445\u043e\u043c", "category": 1, "measure": 2, "image": "", "file": "", "alt_desc": "", "short_desc": null, "description": "", "price": "0.00", "created": "2019-10-10T06:12:36.810Z", "updated": "2019-10-10T06:12:56.164Z", "materials": []}}, {"model": "productsapp.work", "pk": 2, "fields": {"name": "\u041f\u043e\u0434\u0433\u043e\u0442\u043e\u0432\u043a\u0430 \u043f\u043e\u0432\u0435\u0440\u0445\u043d\u043e\u0441\u0442\u0438 \u0436\u0435\u043b\u0435\u0437\u043e\u0431\u0435\u0442\u043e\u043d\u043d\u043e\u0439 \u0438\u043b\u0438 \u043e\u0440\u0442\u043e\u0442\u0440\u043e\u043f\u043d\u043e\u0439 \u043c\u0435\u0442\u0430\u043b\u043b\u0438\u0447\u0435\u0441\u043a\u043e\u0439 \u043f\u043b\u0438\u0442\u044b \u043f\u0440\u043e\u043b\u0435\u0442\u043d\u043e\u0433\u043e \u0441\u0442\u0440\u043e\u0435\u043d\u0438\u044f", "category": 1, "measure": 2, "image": "", "file": "", "alt_desc": "", "short_desc": null, "description": "\u041f\u043e\u0434\u0433\u043e\u0442\u043e\u0432\u043a\u0443 \u0431\u0435\u0442\u043e\u043d\u043d\u043e\u0439 \u043f\u043e\u0432\u0435\u0440\u0445\u043d\u043e\u0441\u0442\u0438 \u043f\u0440\u043e\u0438\u0437\u0432\u043e\u0434\u044f\u0442 \u0441\u0443\u0445\u043e\u0439 \u0438\u043b\u0438 \u0432\u043b\u0430\u0436\u043d\u043e\u0439 \u0441\u0442\u0440\u0443\u0439\u043d\u043e-\u0430\u0431\u0440\u0430\u0437\u0438\u0432\u043d\u043e\u0439 \u043e\u0447\u0438\u0441\u0442\u043a\u043e\u0439 \u0438\u043b\u0438 \u0448\u043b\u0438\u0444\u043e\u0432\u0430\u043b\u044c\u043d\u044b\u043c\u0438 \u043c\u0430\u0448\u0438\u043d\u0430\u043c\u0438 \u043f\u043b\u0430\u043d\u0435\u0442\u0430\u0440\u043d\u043e\u0433\u043e \u0442\u0438\u043f\u0430. \u0422\u0430\u043a\u0436\u0435 \u0434\u043e\u043f\u0443\u0441\u043a\u0430\u0435\u0442\u0441\u044f \u043f\u043e\u0434\u0433\u043e\u0442\u043e\u0432\u043a\u0430 \u0431\u0435\u0442\u043e\u043d\u0430 \u0437\u0430\u0442\u0438\u0440\u043e\u0447\u043d\u044b\u043c\u0438 \u043c\u0430\u0448\u0438\u043d\u0430\u043c\u0438. \u041e\u0447\u0438\u0441\u0442\u043a\u0443 \u043f\u043e\u0432\u0435\u0440\u0445\u043d\u043e\u0441\u0442\u0438 \u043e\u0440\u0442\u043e\u0442\u0440\u043e\u043f\u043d\u043e\u0439 \u043f\u043b\u0438\u0442\u044b \u043e\u0442 \u043e\u043a\u0438\u0441\u043b\u043e\u0432 \u0438 \u043e\u043a\u0440\u0430\u0441\u043e\u0447\u043d\u044b\u0445 \u0437\u0430\u0432\u043e\u0434\u0441\u043a\u0438\u0445 \u043f\u043e\u043a\u0440\u044b\u0442\u0438\u0439, \u0432\u044b\u043f\u043e\u043b\u043d\u044f\u044e\u0442 \u0441\u0442\u0440\u0443\u0439\u043d\u043e-\u0430\u0431\u0440\u0430\u0437\u0438\u0432\u043d\u044b\u043c \u043c\u0435\u0442\u043e\u0434\u043e\u043c \u0441 \u0438\u0441\u043f\u043e\u043b\u044c\u0437\u043e\u0432\u0430\u043d\u0438\u0435\u043c \u043f\u0435\u0441\u043a\u043e\u0441\u0442\u0440\u0443\u0439\u043d\u044b\u0445 \u0438\u043b\u0438 \u0434\u0440\u043e\u0431\u0435\u0441\u0442\u0440\u0443\u0439\u043d\u044b\u0445 \u0430\u043f\u043f\u0430\u0440\u0430\u0442\u043e\u0432.", "price": "0.00", "created": "2019-10-10T06:13:18.049Z", "updated": "2019-10-10T07:21:21.981Z", "materials": []}}, {"model": "productsapp.work", "pk": 3, "fields": {"name": "\u0413\u0440\u0443\u043d\u0442\u043e\u0432\u0430\u043d\u0438\u0435 \u043f\u043e\u0432\u0435\u0440\u0445\u043d\u043e\u0441\u0442\u0438", "category": 2, "measure": 2, "image": "", "file": "", "alt_desc": "", "short_desc": null, "description": "\u0413\u0440\u0443\u043d\u0442\u043e\u0432\u0430\u043d\u0438\u0435 \u0431\u0435\u0442\u043e\u043d\u043d\u043e\u0439 \u043f\u043e\u0432\u0435\u0440\u0445\u043d\u043e\u0441\u0442\u0438 \u0432\u044b\u043f\u043e\u043b\u043d\u044f\u044e\u0442 \u0432 \u0441\u0443\u0445\u0443\u044e \u043f\u043e\u0433\u043e\u0434\u0443 \u043f\u043e \u0437\u0430\u0440\u0430\u043d\u0435\u0435 \u043f\u043e\u0434\u0433\u043e\u0442\u043e\u0432\u043b\u0435\u043d\u043d\u043e\u0439 \u043f\u043e\u0432\u0435\u0440\u0445\u043d\u043e\u0441\u0442\u0438. \u0412\u044b\u0431\u043e\u0440 \u0433\u0440\u0443\u043d\u0442\u043e\u0432\u043e\u0447\u043d\u043e\u0433\u043e \u0441\u043e\u0441\u0442\u0430\u0432\u0430 \u0437\u0430\u0432\u0438\u0441\u0438\u0442 \u043e\u0442 \u043c\u0430\u0442\u0435\u0440\u0438\u0430\u043b\u0430 \u043f\u043e\u0432\u0435\u0440\u0445\u043d\u043e\u0441\u0442\u0438, \u043e\u0442 \u0435\u0433\u043e \u043f\u043e\u0440\u0438\u0441\u0442\u043e\u0441\u0442\u0438 \u0438 \u0432\u043b\u0430\u0436\u043d\u043e\u0441\u0442\u0438 (\u0435\u0441\u043b\u0438 \u0431\u0435\u0442\u043e\u043d), \u0441\u0440\u043e\u043a\u043e\u0432 \u0438 \u0443\u0441\u043b\u043e\u0432\u0438\u0439 \u043f\u0440\u043e\u0438\u0437\u0432\u043e\u0434\u0441\u0442\u0432\u0430 \u0440\u0430\u0431\u043e\u0442.", "price": "0.00", "created": "2019-10-10T06:13:52.148Z", "updated": "2019-10-10T09:37:24.128Z", "materials": [1, 10, 18, 19]}}, {"model": "productsapp.work", "pk": 4, "fields": {"name": "\u0423\u0441\u0442\u0440\u043e\u0439\u0441\u0442\u0432\u043e \u0433\u0438\u0434\u0440\u043e\u0438\u0437\u043e\u043b\u044f\u0446\u0438\u043e\u043d\u043d\u043e\u0439 \u043c\u0435\u043c\u0431\u0440\u0430\u043d\u044b", "category": 2, "measure": 2, "image": "", "file": "", "alt_desc": "", "short_desc": null, "description": "", "price": "0.00", "created": "2019-10-10T06:14:27.108Z", "updated": "2019-10-10T07:51:07.117Z", "materials": [2, 13, 14, 20]}}, {"model": "productsapp.work", "pk": 5, "fields": {"name": "\u041f\u0440\u0438\u0441\u044b\u043f\u043a\u0430 \u043f\u043e\u0432\u0435\u0440\u0445\u043d\u043e\u0441\u0442\u0438 \u043c\u0438\u043d\u0435\u0440\u0430\u043b\u044c\u043d\u044b\u043c \u043d\u0430\u043f\u043e\u043b\u043d\u0438\u0442\u0435\u043b\u0435\u043c", "category": 2, "measure": 2, "image": "", "file": "", "alt_desc": "", "short_desc": null, "description": "", "price": "0.00", "created": "2019-10-10T06:16:13.483Z", "updated": "2019-10-10T07:51:47.005Z", "materials": [3]}}, {"model": "productsapp.work", "pk": 6, "fields": {"name": "\u0423\u0434\u0430\u043b\u0435\u043d\u0438\u0435 \u0438\u0437\u043b\u0438\u0448\u043a\u043e\u0432 \u043d\u0430\u043f\u043e\u043b\u043d\u0438\u0442\u0435\u043b\u044f", "category": 2, "measure": 2, "image": "", "file": "", "alt_desc": "", "short_desc": null, "description": "", "price": "0.00", "created": "2019-10-10T06:17:12.208Z", "updated": "2019-10-10T06:17:12.208Z", "materials": []}}, {"model": "productsapp.work", "pk": 7, "fields": {"name": "\u0418\u0441\u043f\u044b\u0442\u0430\u043d\u0438\u044f \u0430\u0434\u0433\u0435\u0437\u0438\u0438 \u043c\u0435\u0442\u043e\u0434\u043e\u043c \u043e\u0442\u0440\u044b\u0432\u0430 \u0413\u041e\u0421\u0422 28574", "category": 3, "measure": 3, "image": "", "file": "products_files/gost_28574.pdf", "alt_desc": "", "short_desc": null, "description": "\u0414\u043b\u044f \u043f\u0440\u043e\u0432\u0435\u0440\u043a\u0438 \u0441\u043e\u043e\u0442\u0432\u0435\u0442\u0441\u0442\u0432\u0438\u044f \u043d\u043e\u0440\u043c\u0430\u0442\u0438\u0432\u043d\u044b\u043c \u0442\u0440\u0435\u0431\u043e\u0432\u0430\u043d\u0438\u044f\u043c \u0430\u0434\u0433\u0435\u0437\u0438\u0438, \u043f\u043e \u043e\u043a\u043e\u043d\u0447\u0430\u043d\u0438\u0438 \u0440\u0430\u0431\u043e\u0442 \u0438 \u043d\u0430\u0431\u043e\u0440\u0430 \u043f\u0440\u043e\u0447\u043d\u043e\u0441\u0442\u0438 \u043c\u0430\u0442\u0435\u0440\u0438\u0430\u043b\u0430, \u043f\u0440\u043e\u0438\u0437\u0432\u043e\u0434\u044f\u0442 \u0438\u0441\u043f\u044b\u0442\u0430\u043d\u0438\u044f \u043c\u0435\u0442\u043e\u0434\u043e\u043c \u0432\u0435\u0440\u0442\u0438\u043a\u0430\u043b\u044c\u043d\u043e\u0433\u043e \u043e\u0442\u0440\u044b\u0432\u0430 \u043f\u043e \u0413\u041e\u0421\u0422 28574-2014.", "price": "0.00", "created": "2019-10-10T06:19:44.557Z", "updated": "2019-10-10T07:32:02.273Z", "materials": []}}, {"model": "productsapp.work", "pk": 8, "fields": {"name": "\u0412\u0438\u0437\u0443\u0430\u043b\u044c\u043d\u0430\u044f \u043e\u0446\u0435\u043d\u043a\u0430 \u0441\u043f\u043b\u043e\u0448\u043d\u043e\u0441\u0442\u0438 \u0433\u0438\u0434\u0440\u043e\u0438\u0437\u043e\u043b\u044f\u0446\u0438\u0438", "category": 4, "measure": 2, "image": "", "file": "", "alt_desc": "", "short_desc": null, "description": "", "price": "0.00", "created": "2019-10-10T06:20:50.879Z", "updated": "2019-10-10T06:20:50.879Z", "materials": []}}, {"model": "productsapp.technicalsolutionshasservice", "pk": 1, "fields": {"technicalsolutions": 2, "service": 1}}, {"model": "productsapp.technicalsolutionshasservice", "pk": 2, "fields": {"technicalsolutions": 2, "service": 4}}, {"model": "projectsapp.project", "pk": 1, "fields": {"name": "\u0411\u0440\u0430\u0442\u0435\u0435\u0432\u0441\u043a\u0438\u0439 \u043c\u043e\u0441\u0442", "slug": "brateevskij-most", "description": "", "image": "projects_images/bratislavskiy_most_01.png", "status": "\u0437\u0430\u0432\u0435\u0440\u0448\u0435\u043d", "creation_date": "2019-10-03T08:01:09.069Z", "updated": "2019-10-11T15:07:02.781Z", "city": "\u041c\u043e\u0441\u043a\u0432\u0430", "address": null, "coordinate": "55.640484, 37.747734", "map_mark": "brateevskij_most", "text_for_map": "", "is_active": false}}, {"model": "projectsapp.project", "pk": 2, "fields": {"name": "\u0410\u0432\u0442\u043e\u0437\u0430\u0432\u043e\u0434\u0441\u043a\u0438\u0439 \u043c\u043e\u0441\u0442", "slug": "avtozavodskij-most", "description": "", "image": "projects_images/2017_rubberflex_55_avtozavodskiy_most_1.jpg", "status": "\u0437\u0430\u0432\u0435\u0440\u0448\u0435\u043d", "creation_date": "2019-10-03T09:15:42.451Z", "updated": "2019-10-11T15:07:02.781Z", "city": "\u041c\u043e\u0441\u043a\u0432\u0430", "address": null, "coordinate": "55.705329, 37.628328", "map_mark": "avtozavodskij_most", "text_for_map": "", "is_active": false}}, {"model": "projectsapp.project", "pk": 3, "fields": {"name": "\u041d\u0430\u0433\u0430\u0442\u0438\u043d\u0441\u043a\u0438\u0439 \u043c\u043e\u0441\u0442", "slug": "nagatinskij-most", "description": "", "image": "projects_images/2016_nagatinsky_most_1.jpg", "status": "\u0437\u0430\u0432\u0435\u0440\u0448\u0435\u043d", "creation_date": "2019-10-03T09:17:11.441Z", "updated": "2019-10-11T15:07:02.781Z", "city": "\u041c\u043e\u0441\u043a\u0432\u0430", "address": null, "coordinate": "55.686403, 37.665366", "map_mark": "nagatinskij_most", "text_for_map": "\u041d\u0430\u0433\u0430\u0442\u0438\u043d\u0441\u043a\u0438\u0439 \u043c\u043e\u0441\u0442", "is_active": false}}, {"model": "projectsapp.project", "pk": 4, "fields": {"name": "\u041c\u043e\u0441\u0442 \u0447/\u0437 \u0440. \u0414\u0435\u0441\u043d\u0430", "slug": "most-chz-r-desna", "description": "", "image": "projects_images/2017_rubberflex_tskad_reka_desna_0_7_TJFgXiL.jpg", "status": "\u0437\u0430\u0432\u0435\u0440\u0448\u0435\u043d", "creation_date": "2019-10-03T09:19:56.047Z", "updated": "2019-10-11T15:07:02.781Z", "city": "\u041c\u043e\u0441\u043a\u043e\u0432\u0441\u043a\u0430\u044f \u043e\u0431\u043b\u0430\u0441\u0442\u044c", "address": null, "coordinate": "55.545187, 36.987684", "map_mark": "most_chz_r_desna", "text_for_map": "", "is_active": false}}, {"model": "projectsapp.project", "pk": 5, "fields": {"name": "\u041c\u043e\u0441\u0442 \u0447/\u0437 \u0440. \u041e\u043a\u0430", "slug": "most-chz-r-oka", "description": "", "image": "projects_images/most_cherez_reku_oka_ryazan_06.png", "status": "\u0437\u0430\u0432\u0435\u0440\u0448\u0435\u043d", "creation_date": "2019-10-03T09:22:27.190Z", "updated": "2019-10-11T15:07:02.781Z", "city": "\u0420\u044f\u0437\u0430\u043d\u044c", "address": null, "coordinate": "54.653218, 39.805796", "map_mark": "most_chz_r_oka", "text_for_map": "", "is_active": false}}, {"model": "projectsapp.project", "pk": 6, "fields": {"name": "\u041c\u043e\u0441\u0442 \u0447/\u0437 \u0440. \u041a\u0430\u043c\u0447\u0430\u0442\u043a\u0430", "slug": "most-chz-r-kamchatka", "description": "", "image": "projects_images/maracryl_most_kamchatca_16.jpg", "status": "\u0437\u0430\u0432\u0435\u0440\u0448\u0435\u043d", "creation_date": "2019-10-03T09:24:23.748Z", "updated": "2019-10-11T15:07:02.781Z", "city": "\u041f\u0435\u0442\u0440\u043e\u043f\u0430\u0432\u043b\u043e\u0432\u0441\u043a-\u041a\u0430\u043c\u0447\u0430\u0442\u0441\u043a\u0438\u0439", "address": null, "coordinate": "55.923144, 159.678884", "map_mark": "most_chz_r_kamchatka", "text_for_map": "", "is_active": false}}, {"model": "projectsapp.project", "pk": 7, "fields": {"name": "\u042d\u0441\u0442\u0430\u043a\u0430\u0434\u0430 \u0418\u043b\u044c\u0438\u043d\u0441\u043a\u043e\u0433\u043e \u0448\u043e\u0441\u0441\u0435", "slug": "estakada-ilinskogo-shosse", "description": "", "image": "projects_images/volokolamka_ilinka_03.png", "status": "\u0441\u0442\u0440\u043e\u0438\u0442\u0435\u043b\u044c\u0441\u0442\u0432\u043e", "creation_date": "2019-10-03T09:26:44.635Z", "updated": "2019-10-11T15:07:02.781Z", "city": "\u041c\u043e\u0441\u043a\u043e\u0432\u0441\u043a\u0430\u044f \u043e\u0431\u043b\u0430\u0441\u0442\u044c", "address": null, "coordinate": "55.816072, 37.352646", "map_mark": "estakada_ilinskogo_shosse", "text_for_map": "", "is_active": false}}, {"model": "projectsapp.project", "pk": 8, "fields": {"name": "\u041c\u043e\u0441\u0442 \u0447/\u0437 \u0440. \u0410\u043a\u0442\u0430\u0439", "slug": "most-chz-r-aktaj", "description": "", "image": "projects_images/Aktai.jpeg", "status": "\u0437\u0430\u0432\u0435\u0440\u0448\u0435\u043d", "creation_date": "2019-10-03T09:31:30.757Z", "updated": "2019-10-11T15:07:02.781Z", "city": "\u041d\u043e\u0432\u043e\u0441\u0438\u0431\u0438\u0440\u0441\u043a", "address": null, "coordinate": null, "map_mark": "most_chz_r_aktaj", "text_for_map": "", "is_active": false}}, {"model": "projectsapp.project", "pk": 9, "fields": {"name": "\u041f\u0443\u0442\u0435\u043f\u0440\u043e\u0432\u043e\u0434 \u0447/\u0437 \u0443\u043b. \u0414\u043e\u0440\u043e\u0436\u043d\u0430\u044f", "slug": "puteprovod-chz-ul-dorozhnaya", "description": "", "image": "projects_images/Dorozhnaya.jpeg", "status": "\u0441\u0442\u0440\u043e\u0438\u0442\u0435\u043b\u044c\u0441\u0442\u0432\u043e", "creation_date": "2019-10-03T09:33:54.522Z", "updated": "2019-10-11T15:07:02.781Z", "city": "\u041c\u043e\u0441\u043a\u0432\u0430", "address": null, "coordinate": "55.586462, 37.613720", "map_mark": "puteprovod_chz_ul_dorozhnaja", "text_for_map": "", "is_active": false}}, {"model": "projectsapp.project", "pk": 10, "fields": {"name": "\u041c\u043e\u0441\u0442 \u0447/\u0437 \u0440. \u0421\u044f\u0441\u044c", "slug": "most-chz-r-syas", "description": "", "image": "projects_images/syas1.jpg", "status": "\u0437\u0430\u0432\u0435\u0440\u0448\u0435\u043d", "creation_date": "2019-10-08T12:59:34.900Z", "updated": "2019-10-11T15:07:02.781Z", "city": "\u0421\u0430\u043d\u043a\u0442-\u041f\u0435\u0442\u0435\u0440\u0431\u0443\u0440\u0433", "address": null, "coordinate": null, "map_mark": "most_chz_r_sjas", "text_for_map": "", "is_active": false}}, {"model": "projectsapp.project", "pk": 11, "fields": {"name": "\u0414\u0432\u043e\u0440\u0446\u043e\u0432\u044b\u0439 \u043c\u043e\u0441\u0442", "slug": "dvorcovyj-most", "description": "", "image": "projects_images/dvortsoviy5.jpg", "status": "\u0437\u0430\u0432\u0435\u0440\u0448\u0435\u043d", "creation_date": "2019-10-08T13:00:59.815Z", "updated": "2019-10-11T15:07:02.781Z", "city": "\u0421\u0430\u043d\u043a\u0442-\u041f\u0435\u0442\u0435\u0440\u0431\u0443\u0440\u0433", "address": null, "coordinate": null, "map_mark": "dvortsovyj_most", "text_for_map": "", "is_active": false}}, {"model": "projectsapp.project", "pk": 12, "fields": {"name": "\u0417\u0432\u0435\u043d\u0438\u0433\u043e\u0440\u043e\u0434\u0441\u043a\u0438\u0439 \u043f\u0443\u0442\u0435\u043f\u0440\u043e\u0432\u043e\u0434", "slug": "zvenigorodskij-puteprovod", "description": "", "image": "projects_images/zvenigorodka1-_1_.jpg", "status": "\u0432\u044b\u043f\u043b\u0430\u0442\u0430", "creation_date": "2019-10-08T13:04:05.740Z", "updated": "2019-10-11T15:07:02.781Z", "city": "\u041c\u043e\u0441\u043a\u0432\u0430", "address": null, "coordinate": null, "map_mark": "zvenigorodskij_puteprovod", "text_for_map": "", "is_active": false}}, {"model": "projectsapp.project", "pk": 13, "fields": {"name": "\u041f\u0435\u0448\u0435\u0445\u043e\u0434\u043d\u044b\u0439 \u043c\u043e\u0441\u0442 \u0443 \u0441\u0442\u0430\u043d\u0446\u0438\u0438 \u0417\u0418\u041b", "slug": "peshehodnyj-most-u-stancii-zil", "description": "", "image": "projects_images/2016.09._matacryl_remont_pokrytiya_peshekhodnyy_most_4.jpg", "status": "\u0437\u0430\u0432\u0435\u0440\u0448\u0435\u043d", "creation_date": "2019-10-08T13:05:13.147Z", "updated": "2019-10-11T15:07:02.781Z", "city": "\u041c\u043e\u0441\u043a\u0432\u0430", "address": null, "coordinate": null, "map_mark": "peshehodnyj_most_u_stantsii_zil", "text_for_map": "", "is_active": false}}, {"model": "projectsapp.project", "pk": 14, "fields": {"name": "\u041f\u0435\u0448\u0435\u0445\u043e\u0434\u043d\u044b\u0439 \u043c\u043e\u0441\u0442 \u0432 \u043f\u0430\u0440\u043a\u0435 \u0426\u0430\u0440\u0438\u0446\u044b\u043d\u043e", "slug": "peshehodnyj-most-v-parke-caricyno", "description": "", "image": "projects_images/avatar.jpg", "status": "\u0437\u0430\u0432\u0435\u0440\u0448\u0435\u043d", "creation_date": "2019-10-08T13:05:59.078Z", "updated": "2019-10-11T15:07:02.781Z", "city": "\u041c\u043e\u0441\u043a\u0432\u0430", "address": null, "coordinate": null, "map_mark": "peshehodnyj_most_v_parke_tsaritsyno", "text_for_map": "", "is_active": false}}, {"model": "projectsapp.project", "pk": 15, "fields": {"name": "\u041f\u0435\u0448\u0435\u0445\u043e\u0434\u043d\u044b\u0439 \u043c\u043e\u0441\u0442 \u0432 \u0434. \u041c\u043e\u0437\u0436\u0435\u043d\u043a\u0430", "slug": "peshehodnyj-most-v-d-mozzhenka", "description": "", "image": "projects_images/peshehodnyj_perehod_u_d_mozzhinka_015.png", "status": "\u0437\u0430\u0432\u0435\u0440\u0448\u0435\u043d", "creation_date": "2019-10-08T13:07:03.120Z", "updated": "2019-10-11T15:07:02.781Z", "city": "\u041c\u043e\u0441\u043a\u043e\u0432\u0441\u043a\u0430\u044f \u043e\u0431\u043b\u0430\u0441\u0442\u044c", "address": null, "coordinate": null, "map_mark": "peshehodnyj_most_v_d_mozzhenka", "text_for_map": "", "is_active": false}}, {"model": "projectsapp.project", "pk": 16, "fields": {"name": "\u041c\u043e\u0441\u0442 \u0447/\u0437 \u0440. \u0412\u043e\u0440\u0433\u043e\u043b", "slug": "most-chz-r-vorgol", "description": "", "image": "projects_images/2008_rubberflex_55_most_cherez_ruchey_vorgol_lipetskaya_obl_web_2.jpg", "status": "\u0437\u0430\u0432\u0435\u0440\u0448\u0435\u043d", "creation_date": "2019-10-08T13:08:57.533Z", "updated": "2019-10-11T15:07:02.781Z", "city": "\u041e\u0440\u0435\u043b", "address": null, "coordinate": null, "map_mark": "most_chz_r_vorgol", "text_for_map": "", "is_active": false}}, {"model": "projectsapp.project", "pk": 17, "fields": {"name": "\u041c\u043e\u0441\u0442 \u0447/\u0437 \u043a\u0430\u043d\u0430\u043b \u0438\u043c. \u041c\u043e\u0441\u043a\u0432\u044b", "slug": "most-chz-kanal-im-moskvy", "description": "", "image": "projects_images/kanal_imeni_moskvy1.jpg", "status": "\u0437\u0430\u0432\u0435\u0440\u0448\u0435\u043d", "creation_date": "2019-10-08T13:10:09.468Z", "updated": "2019-10-11T15:07:02.781Z", "city": "\u041c\u043e\u0441\u043a\u043e\u0432\u0441\u043a\u0430\u044f \u043e\u0431\u043b\u0430\u0441\u0442\u044c", "address": null, "coordinate": "55.972101, 37.528630", "map_mark": "most_chz_kanal_im_moskvy", "text_for_map": "", "is_active": false}}, {"model": "projectsapp.project", "pk": 18, "fields": {"name": "\u0422\u0440\u0430\u043d\u0441\u043f\u043e\u0440\u0442\u043d\u0430\u044f \u0440\u0430\u0437\u0432\u044f\u0437\u043a\u0430 \u041c\u0438\u0447\u0443\u0440\u0438\u043d\u0441\u043a\u0438\u0439 \u043f\u0440\u043e\u0441\u043f. \u0438 \u041c\u041a\u0410\u0414", "slug": "transportnaya-razvyazka-michurinskij-prosp-i-mkad", "description": "", "image": "projects_images/michurinsky1.jpg", "status": "\u0437\u0430\u0432\u0435\u0440\u0448\u0435\u043d", "creation_date": "2019-10-08T13:12:25.627Z", "updated": "2019-10-11T15:07:02.781Z", "city": "\u041c\u043e\u0441\u043a\u0432\u0430", "address": null, "coordinate": "55.661345, 37.430039", "map_mark": "transportnaja_razvjazka_michurinskij_prosp_i_mkad", "text_for_map": "", "is_active": false}}, {"model": "projectsapp.project", "pk": 19, "fields": {"name": "\u0420\u0430\u0437\u0432\u043e\u0440\u043e\u0442\u043d\u0430\u044f \u044d\u0441\u0442\u0430\u043a\u0430\u0434\u0430 \u041f\u0440\u043e\u0444\u0441\u043e\u044e\u0437\u043d\u0430\u044f \u0443\u043b. \u0438 \u041c\u041a\u0410\u0414", "slug": "razvorotnaya-estakada-profsoyuznaya-ul-i-mkad", "description": "", "image": "projects_images/2017_rubberflex_55_estakada_mkad_profsouznaya.jpg", "status": "\u0437\u0430\u0432\u0435\u0440\u0448\u0435\u043d", "creation_date": "2019-10-08T13:14:29.186Z", "updated": "2019-10-17T10:37:16.043Z", "city": "\u041c\u043e\u0441\u043a\u0432\u0430", "address": "\u041c\u041a\u0410\u0414, 41-\u0439 \u043a\u043c, \u043f\u0435\u0440\u0435\u0441\u0435\u0447\u0435\u043d\u0438\u0435 \u0441 \u041a\u0430\u043b\u0443\u0436\u0441\u043a\u0438\u043c \u0448\u043e\u0441\u0441\u0435 / \u041f\u0440\u043e\u0444\u0441\u043e\u044e\u0437\u043d\u043e\u0439 \u0443\u043b\u0438\u0446\u0435\u0439", "coordinate": "55.607785, 37.494657", "map_mark": "razvorotnaja_estakada_profsojuznaja_ul_i_mkad", "text_for_map": "", "is_active": false}}, {"model": "projectsapp.project", "pk": 20, "fields": {"name": "\u041f\u0443\u0442\u0435\u043f\u0440\u043e\u0432\u043e\u0434 \u0447/\u0437 \u041f\u044f\u0442\u043d\u0438\u0446\u043a\u043e\u0435 \u0448\u043e\u0441\u0441\u0435", "slug": "puteprovod-chz-pyatnickoe-shosse", "description": "", "image": "projects_images/pyatnitskoe_shosse_1.jpg", "status": "\u0437\u0430\u0432\u0435\u0440\u0448\u0435\u043d", "creation_date": "2019-10-08T13:16:29.337Z", "updated": "2019-10-11T15:07:02.781Z", "city": "\u041c\u043e\u0441\u043a\u043e\u0432\u0441\u043a\u0430\u044f \u043e\u0431\u043b\u0430\u0441\u0442\u044c", "address": null, "coordinate": "56.005816, 37.026800", "map_mark": "puteprovod_chz_pjatnitskoe_shosse", "text_for_map": "", "is_active": false}}, {"model": "projectsapp.project", "pk": 21, "fields": {"name": "\u0411\u0435\u0441\u0435\u0434\u0438\u043d\u0441\u043a\u0430\u044f \u0440\u0430\u0437\u0432\u044f\u0437\u043a\u0430", "slug": "besedinskaya-razvyazka", "description": "", "image": "projects_images/besedinskoe_shosse_h_mkad_04.png", "status": "\u0437\u0430\u0432\u0435\u0440\u0448\u0435\u043d", "creation_date": "2019-10-08T13:17:52.014Z", "updated": "2019-10-17T12:33:56.309Z", "city": "\u041c\u043e\u0441\u043a\u0432\u0430", "address": null, "coordinate": "55.617577, 37.783444", "map_mark": "besedinskaja_razvjazka", "text_for_map": "", "is_active": false}}, {"model": "projectsapp.projectimage", "pk": 1, "fields": {"project": 1, "alt_desc": "", "image": "products_images/bratislavskiy_most_02_DFLfnFG.png", "is_active": true, "created": "2019-10-03T08:01:09.075Z", "updated": "2019-10-03T08:01:09.075Z"}}, {"model": "projectsapp.projectimage", "pk": 2, "fields": {"project": 1, "alt_desc": "", "image": "products_images/bratislavskiy_most_03_mdOuTyT.png", "is_active": true, "created": "2019-10-03T08:01:09.081Z", "updated": "2019-10-03T08:01:09.081Z"}}, {"model": "projectsapp.projectimage", "pk": 3, "fields": {"project": 1, "alt_desc": "", "image": "products_images/bratislavskiy_most_04_b7EzZfU.png", "is_active": true, "created": "2019-10-03T08:01:09.084Z", "updated": "2019-10-03T08:01:09.084Z"}}, {"model": "projectsapp.projectimage", "pk": 4, "fields": {"project": 1, "alt_desc": "", "image": "products_images/bratislavskiy_most_05_FQI6p3r.png", "is_active": true, "created": "2019-10-03T08:01:09.089Z", "updated": "2019-10-03T08:01:09.089Z"}}, {"model": "projectsapp.projectimage", "pk": 5, "fields": {"project": 1, "alt_desc": "", "image": "products_images/bratislavskiy_most_06_6taPj9P.png", "is_active": true, "created": "2019-10-03T08:01:09.093Z", "updated": "2019-10-03T08:01:09.093Z"}}, {"model": "projectsapp.projectimage", "pk": 6, "fields": {"project": 1, "alt_desc": "", "image": "products_images/bratislavskiy_most_07_ZeFhqGF.png", "is_active": true, "created": "2019-10-03T08:01:09.098Z", "updated": "2019-10-03T08:01:09.098Z"}}, {"model": "projectsapp.projectimage", "pk": 7, "fields": {"project": 1, "alt_desc": "", "image": "products_images/bratislavskiy_most_08_1w8ildi.png", "is_active": true, "created": "2019-10-03T08:01:09.102Z", "updated": "2019-10-03T08:01:09.102Z"}}, {"model": "projectsapp.projectimage", "pk": 8, "fields": {"project": 1, "alt_desc": "", "image": "products_images/bratislavskiy_most_09_TkZuZl8.png", "is_active": true, "created": "2019-10-03T08:01:09.106Z", "updated": "2019-10-03T08:01:09.106Z"}}, {"model": "projectsapp.projectimage", "pk": 9, "fields": {"project": 1, "alt_desc": "", "image": "products_images/bratislavskiy_most_10_QYhBvi6.png", "is_active": true, "created": "2019-10-03T08:01:09.111Z", "updated": "2019-10-03T08:01:09.111Z"}}, {"model": "projectsapp.projectimage", "pk": 10, "fields": {"project": 2, "alt_desc": "", "image": "products_images/2017_rubberflex_55_avtozavodskiy_most_1.jpg", "is_active": true, "created": "2019-10-03T09:15:42.460Z", "updated": "2019-10-03T09:15:42.460Z"}}, {"model": "projectsapp.projectimage", "pk": 11, "fields": {"project": 2, "alt_desc": "", "image": "products_images/2017_rubberflex_55_avtozavodskiy_most_3.jpg", "is_active": true, "created": "2019-10-03T09:15:42.464Z", "updated": "2019-10-03T09:15:42.464Z"}}, {"model": "projectsapp.projectimage", "pk": 12, "fields": {"project": 2, "alt_desc": "", "image": "products_images/2017_rubberflex_55_avtozavodskiy_most_51.jpg", "is_active": true, "created": "2019-10-03T09:15:42.469Z", "updated": "2019-10-03T09:15:42.469Z"}}, {"model": "projectsapp.projectimage", "pk": 13, "fields": {"project": 2, "alt_desc": "", "image": "products_images/2017_rubberflex_55_avtozavodskiy_most.jpg", "is_active": true, "created": "2019-10-03T09:15:42.475Z", "updated": "2019-10-03T09:15:42.475Z"}}, {"model": "projectsapp.projectimage", "pk": 14, "fields": {"project": 2, "alt_desc": "", "image": "products_images/2017_rubberflex_55_avtozavodskiy_most_52.jpg", "is_active": true, "created": "2019-10-03T09:15:42.481Z", "updated": "2019-10-03T09:15:42.481Z"}}, {"model": "projectsapp.projectimage", "pk": 15, "fields": {"project": 2, "alt_desc": "", "image": "products_images/2017_rubberflex_55_avtozavodskiy_most_53.jpg", "is_active": true, "created": "2019-10-03T09:15:42.484Z", "updated": "2019-10-03T09:15:42.484Z"}}, {"model": "projectsapp.projectimage", "pk": 16, "fields": {"project": 2, "alt_desc": "", "image": "products_images/2017_rubberflex_55_avtozavodskiy_most_54.jpg", "is_active": true, "created": "2019-10-03T09:15:42.488Z", "updated": "2019-10-03T09:15:42.488Z"}}, {"model": "projectsapp.projectimage", "pk": 17, "fields": {"project": 3, "alt_desc": "", "image": "products_images/2016_nagatinsky_most_1.jpg", "is_active": true, "created": "2019-10-03T09:17:11.450Z", "updated": "2019-10-03T09:17:11.450Z"}}, {"model": "projectsapp.projectimage", "pk": 18, "fields": {"project": 3, "alt_desc": "", "image": "products_images/2016_nagatinsky_most_10.jpg", "is_active": true, "created": "2019-10-03T09:17:11.454Z", "updated": "2019-10-03T09:17:11.454Z"}}, {"model": "projectsapp.projectimage", "pk": 19, "fields": {"project": 3, "alt_desc": "", "image": "products_images/2016_nagatinsky_most_2.jpg", "is_active": true, "created": "2019-10-03T09:17:11.458Z", "updated": "2019-10-03T09:17:11.459Z"}}, {"model": "projectsapp.projectimage", "pk": 20, "fields": {"project": 3, "alt_desc": "", "image": "products_images/2016_nagatinsky_most_8.jpg", "is_active": true, "created": "2019-10-03T09:17:11.464Z", "updated": "2019-10-03T09:17:11.464Z"}}, {"model": "projectsapp.projectimage", "pk": 21, "fields": {"project": 3, "alt_desc": "", "image": "products_images/2016_nagatinsky_most_11.jpg", "is_active": true, "created": "2019-10-03T09:17:11.472Z", "updated": "2019-10-03T09:17:11.472Z"}}, {"model": "projectsapp.projectimage", "pk": 22, "fields": {"project": 3, "alt_desc": "", "image": "products_images/2016_nagatinsky_most_9.jpg", "is_active": true, "created": "2019-10-03T09:17:11.476Z", "updated": "2019-10-03T09:17:11.476Z"}}, {"model": "projectsapp.projectimage", "pk": 23, "fields": {"project": 4, "alt_desc": "", "image": "products_images/2017_rubberflex_tskad_reka_desna_0_7_Xvgqd6E.jpg", "is_active": true, "created": "2019-10-03T09:19:56.056Z", "updated": "2019-10-03T09:19:56.056Z"}}, {"model": "projectsapp.projectimage", "pk": 24, "fields": {"project": 4, "alt_desc": "", "image": "products_images/2017_rubberflex_tskad_reka_desna_0_6.jpg", "is_active": true, "created": "2019-10-03T09:19:56.062Z", "updated": "2019-10-03T09:19:56.062Z"}}, {"model": "projectsapp.projectimage", "pk": 25, "fields": {"project": 4, "alt_desc": "", "image": "products_images/2017_rubberflex_tskad_reka_desna1.jpg", "is_active": true, "created": "2019-10-03T09:19:56.066Z", "updated": "2019-10-03T09:19:56.066Z"}}, {"model": "projectsapp.projectimage", "pk": 26, "fields": {"project": 4, "alt_desc": "", "image": "products_images/2017_rubberflex_tskad_reka_desna2.jpg", "is_active": true, "created": "2019-10-03T09:19:56.071Z", "updated": "2019-10-03T09:19:56.071Z"}}, {"model": "projectsapp.projectimage", "pk": 27, "fields": {"project": 4, "alt_desc": "", "image": "products_images/2017_rubberflex_tskad_reka_desna3.jpg", "is_active": true, "created": "2019-10-03T09:19:56.078Z", "updated": "2019-10-03T09:19:56.078Z"}}, {"model": "projectsapp.projectimage", "pk": 28, "fields": {"project": 4, "alt_desc": "", "image": "products_images/2017_rubberflex_tskad_reka_desna4.jpg", "is_active": true, "created": "2019-10-03T09:19:56.081Z", "updated": "2019-10-03T09:19:56.081Z"}}, {"model": "projectsapp.projectimage", "pk": 29, "fields": {"project": 4, "alt_desc": "", "image": "products_images/2017_rubberflex_tskad_reka_desna5.jpg", "is_active": true, "created": "2019-10-03T09:19:56.085Z", "updated": "2019-10-03T09:19:56.085Z"}}, {"model": "projectsapp.projectimage", "pk": 30, "fields": {"project": 4, "alt_desc": "", "image": "products_images/2017_rubberflex_tskad_reka_desna6.jpg", "is_active": true, "created": "2019-10-03T09:19:56.088Z", "updated": "2019-10-03T09:19:56.088Z"}}, {"model": "projectsapp.projectimage", "pk": 31, "fields": {"project": 4, "alt_desc": "", "image": "products_images/2017_rubberflex_tskad_reka_desna_0_10.jpg", "is_active": true, "created": "2019-10-03T09:19:56.092Z", "updated": "2019-10-03T09:19:56.092Z"}}, {"model": "projectsapp.projectimage", "pk": 32, "fields": {"project": 4, "alt_desc": "", "image": "products_images/2017_rubberflex_tskad_reka_desna_65_pQXBEjY.jpg", "is_active": true, "created": "2019-10-03T09:19:56.097Z", "updated": "2019-10-03T09:19:56.097Z"}}, {"model": "projectsapp.projectimage", "pk": 33, "fields": {"project": 5, "alt_desc": "", "image": "products_images/most_cherez_reku_oka_ryazan_05.png", "is_active": true, "created": "2019-10-03T09:22:27.196Z", "updated": "2019-10-03T09:22:27.196Z"}}, {"model": "projectsapp.projectimage", "pk": 34, "fields": {"project": 5, "alt_desc": "", "image": "products_images/most_cherez_reku_oka_ryazan_01_1.png", "is_active": true, "created": "2019-10-03T09:22:27.204Z", "updated": "2019-10-03T09:22:27.204Z"}}, {"model": "projectsapp.projectimage", "pk": 35, "fields": {"project": 5, "alt_desc": "", "image": "products_images/most_cherez_reku_oka_ryazan_01.png", "is_active": true, "created": "2019-10-03T09:22:27.208Z", "updated": "2019-10-03T09:22:27.208Z"}}, {"model": "projectsapp.projectimage", "pk": 36, "fields": {"project": 5, "alt_desc": "", "image": "products_images/most_cherez_reku_oka_ryazan_02_1.png", "is_active": true, "created": "2019-10-03T09:22:27.213Z", "updated": "2019-10-03T09:22:27.213Z"}}, {"model": "projectsapp.projectimage", "pk": 37, "fields": {"project": 5, "alt_desc": "", "image": "products_images/most_cherez_reku_oka_ryazan_03.png", "is_active": true, "created": "2019-10-03T09:22:27.221Z", "updated": "2019-10-03T09:22:27.221Z"}}, {"model": "projectsapp.projectimage", "pk": 38, "fields": {"project": 5, "alt_desc": "", "image": "products_images/most_cherez_reku_oka_ryazan_06.png", "is_active": true, "created": "2019-10-03T09:22:27.225Z", "updated": "2019-10-03T09:22:27.225Z"}}, {"model": "projectsapp.projectimage", "pk": 39, "fields": {"project": 5, "alt_desc": "", "image": "products_images/most_cherez_reku_oka_ryazan_08.png", "is_active": true, "created": "2019-10-03T09:22:27.230Z", "updated": "2019-10-03T09:22:27.230Z"}}, {"model": "projectsapp.projectimage", "pk": 40, "fields": {"project": 5, "alt_desc": "", "image": "products_images/most_cherez_reku_oka_ryazan_09.png", "is_active": true, "created": "2019-10-03T09:22:27.234Z", "updated": "2019-10-03T09:22:27.234Z"}}, {"model": "projectsapp.projectimage", "pk": 41, "fields": {"project": 5, "alt_desc": "", "image": "products_images/most_cherez_reku_oka_ryazan_010.png", "is_active": true, "created": "2019-10-03T09:22:27.237Z", "updated": "2019-10-03T09:22:27.237Z"}}, {"model": "projectsapp.projectimage", "pk": 42, "fields": {"project": 6, "alt_desc": "", "image": "products_images/maracryl_most_kamchatca_16.jpg", "is_active": true, "created": "2019-10-03T09:24:23.756Z", "updated": "2019-10-03T09:24:23.756Z"}}, {"model": "projectsapp.projectimage", "pk": 43, "fields": {"project": 6, "alt_desc": "", "image": "products_images/maracryl_most_kamchatca_3.jpg", "is_active": true, "created": "2019-10-03T09:24:23.761Z", "updated": "2019-10-03T09:24:23.761Z"}}, {"model": "projectsapp.projectimage", "pk": 44, "fields": {"project": 6, "alt_desc": "", "image": "products_images/maracryl_most_kamchatca_6.jpg", "is_active": true, "created": "2019-10-03T09:24:23.766Z", "updated": "2019-10-03T09:24:23.766Z"}}, {"model": "projectsapp.projectimage", "pk": 45, "fields": {"project": 6, "alt_desc": "", "image": "products_images/maracryl_most_kamchatca_12.jpg", "is_active": true, "created": "2019-10-03T09:24:23.769Z", "updated": "2019-10-03T09:24:23.769Z"}}, {"model": "projectsapp.projectimage", "pk": 46, "fields": {"project": 6, "alt_desc": "", "image": "products_images/maracryl_most_kamchatca_11.jpg", "is_active": true, "created": "2019-10-03T09:24:23.772Z", "updated": "2019-10-03T09:24:23.772Z"}}, {"model": "projectsapp.projectimage", "pk": 47, "fields": {"project": 6, "alt_desc": "", "image": "products_images/maracryl_most_kamchatca.jpg", "is_active": true, "created": "2019-10-03T09:24:23.775Z", "updated": "2019-10-03T09:24:23.775Z"}}, {"model": "projectsapp.projectimage", "pk": 48, "fields": {"project": 7, "alt_desc": "", "image": "products_images/volokolamka_ilinka_01.png", "is_active": true, "created": "2019-10-03T09:26:44.641Z", "updated": "2019-10-03T09:26:44.641Z"}}, {"model": "projectsapp.projectimage", "pk": 49, "fields": {"project": 7, "alt_desc": "", "image": "products_images/volokolamka_ilinka_02.png", "is_active": true, "created": "2019-10-03T09:26:44.647Z", "updated": "2019-10-03T09:26:44.647Z"}}, {"model": "projectsapp.projectimage", "pk": 50, "fields": {"project": 7, "alt_desc": "", "image": "products_images/volokolamka_ilinka_03.png", "is_active": true, "created": "2019-10-03T09:26:44.655Z", "updated": "2019-10-03T09:26:44.655Z"}}, {"model": "projectsapp.projectimage", "pk": 51, "fields": {"project": 7, "alt_desc": "", "image": "products_images/volokolamka_ilinka_04.png", "is_active": true, "created": "2019-10-03T09:26:44.659Z", "updated": "2019-10-03T09:26:44.659Z"}}, {"model": "projectsapp.projectimage", "pk": 52, "fields": {"project": 7, "alt_desc": "", "image": "products_images/volokolamka_ilinka_05.png", "is_active": true, "created": "2019-10-03T09:26:44.663Z", "updated": "2019-10-03T09:26:44.663Z"}}, {"model": "projectsapp.projectimage", "pk": 53, "fields": {"project": 7, "alt_desc": "", "image": "products_images/volokolamka_ilinka_06.png", "is_active": true, "created": "2019-10-03T09:26:44.670Z", "updated": "2019-10-03T09:26:44.670Z"}}, {"model": "projectsapp.projectimage", "pk": 54, "fields": {"project": 7, "alt_desc": "", "image": "products_images/volokolamskogo_i_ilinskogo_shosse_1_WNAaN0r.jpeg", "is_active": true, "created": "2019-10-03T09:26:44.675Z", "updated": "2019-10-03T09:26:44.675Z"}}, {"model": "projectsapp.projectimage", "pk": 55, "fields": {"project": 8, "alt_desc": "", "image": "products_images/Aktai.jpeg", "is_active": true, "created": "2019-10-03T09:31:30.762Z", "updated": "2019-10-03T09:31:30.762Z"}}, {"model": "projectsapp.projectimage", "pk": 56, "fields": {"project": 8, "alt_desc": "", "image": "products_images/most_aktai_4.jpeg", "is_active": true, "created": "2019-10-03T09:31:30.766Z", "updated": "2019-10-03T09:31:30.766Z"}}, {"model": "projectsapp.projectimage", "pk": 57, "fields": {"project": 8, "alt_desc": "", "image": "products_images/most_aktai_5.jpeg", "is_active": true, "created": "2019-10-03T09:31:30.769Z", "updated": "2019-10-03T09:31:30.769Z"}}, {"model": "projectsapp.projectimage", "pk": 58, "fields": {"project": 8, "alt_desc": "", "image": "products_images/most_aktai_8.jpeg", "is_active": true, "created": "2019-10-03T09:31:30.774Z", "updated": "2019-10-03T09:31:30.774Z"}}, {"model": "projectsapp.projectimage", "pk": 59, "fields": {"project": 8, "alt_desc": "", "image": "products_images/most_aktai_6.jpeg", "is_active": true, "created": "2019-10-03T09:31:30.777Z", "updated": "2019-10-03T09:31:30.777Z"}}, {"model": "projectsapp.projectimage", "pk": 60, "fields": {"project": 8, "alt_desc": "", "image": "products_images/most_aktai_9.jpeg", "is_active": true, "created": "2019-10-03T09:31:30.780Z", "updated": "2019-10-03T09:31:30.780Z"}}, {"model": "projectsapp.projectimage", "pk": 61, "fields": {"project": 8, "alt_desc": "", "image": "products_images/most_aktai_11.jpeg", "is_active": true, "created": "2019-10-03T09:31:30.783Z", "updated": "2019-10-03T09:31:30.783Z"}}, {"model": "projectsapp.projectimage", "pk": 62, "fields": {"project": 9, "alt_desc": "", "image": "products_images/dorojnaya_1.jpeg", "is_active": true, "created": "2019-10-03T09:33:54.530Z", "updated": "2019-10-03T09:33:54.530Z"}}, {"model": "projectsapp.projectimage", "pk": 63, "fields": {"project": 9, "alt_desc": "", "image": "products_images/dorojnaya_2.jpeg", "is_active": true, "created": "2019-10-03T09:33:54.534Z", "updated": "2019-10-03T09:33:54.534Z"}}, {"model": "projectsapp.projectimage", "pk": 64, "fields": {"project": 9, "alt_desc": "", "image": "products_images/dorojnaya_3.jpeg", "is_active": true, "created": "2019-10-03T09:33:54.537Z", "updated": "2019-10-03T09:33:54.537Z"}}, {"model": "projectsapp.projectimage", "pk": 65, "fields": {"project": 9, "alt_desc": "", "image": "products_images/dorojnaya_5.jpeg", "is_active": true, "created": "2019-10-03T09:33:54.540Z", "updated": "2019-10-03T09:33:54.540Z"}}, {"model": "projectsapp.projectimage", "pk": 66, "fields": {"project": 9, "alt_desc": "", "image": "products_images/dorojnaya_11.jpeg", "is_active": true, "created": "2019-10-03T09:33:54.543Z", "updated": "2019-10-03T09:33:54.543Z"}}, {"model": "projectsapp.projectimage", "pk": 67, "fields": {"project": 9, "alt_desc": "", "image": "products_images/dorojnaya_13.jpeg", "is_active": true, "created": "2019-10-03T09:33:54.546Z", "updated": "2019-10-03T09:33:54.546Z"}}, {"model": "projectsapp.projectimage", "pk": 68, "fields": {"project": 10, "alt_desc": "", "image": "products_images/syas1.jpg", "is_active": true, "created": "2019-10-08T12:59:34.921Z", "updated": "2019-10-08T12:59:34.921Z"}}, {"model": "projectsapp.projectimage", "pk": 69, "fields": {"project": 11, "alt_desc": "", "image": "products_images/dvortsoviy5_HgZdSmQ.jpg", "is_active": true, "created": "2019-10-08T13:00:59.822Z", "updated": "2019-10-08T13:00:59.822Z"}}, {"model": "projectsapp.projectimage", "pk": 70, "fields": {"project": 11, "alt_desc": "", "image": "products_images/dvortsoviy_most_1.jpg", "is_active": true, "created": "2019-10-08T13:02:37.790Z", "updated": "2019-10-08T13:02:37.790Z"}}, {"model": "projectsapp.projectimage", "pk": 71, "fields": {"project": 11, "alt_desc": "", "image": "products_images/dvortsoviy_most_6.jpg", "is_active": true, "created": "2019-10-08T13:02:37.792Z", "updated": "2019-10-08T13:02:37.792Z"}}, {"model": "projectsapp.projectimage", "pk": 72, "fields": {"project": 11, "alt_desc": "", "image": "products_images/dvortsoviy_most_7.jpg", "is_active": true, "created": "2019-10-08T13:02:37.795Z", "updated": "2019-10-08T13:02:37.795Z"}}, {"model": "projectsapp.projectimage", "pk": 73, "fields": {"project": 11, "alt_desc": "", "image": "products_images/dvortsoviy_most_11.jpg", "is_active": true, "created": "2019-10-08T13:02:37.797Z", "updated": "2019-10-08T13:02:37.797Z"}}, {"model": "projectsapp.projectimage", "pk": 74, "fields": {"project": 11, "alt_desc": "", "image": "products_images/dvortsoviy_most_12.jpg", "is_active": true, "created": "2019-10-08T13:02:37.799Z", "updated": "2019-10-08T13:02:37.799Z"}}, {"model": "projectsapp.projectimage", "pk": 75, "fields": {"project": 11, "alt_desc": "", "image": "products_images/dvortsoviy_most_17.jpg", "is_active": true, "created": "2019-10-08T13:02:37.801Z", "updated": "2019-10-08T13:02:37.801Z"}}, {"model": "projectsapp.projectimage", "pk": 76, "fields": {"project": 11, "alt_desc": "", "image": "products_images/dvortsoviy_most_27.jpg", "is_active": true, "created": "2019-10-08T13:02:37.803Z", "updated": "2019-10-08T13:02:37.803Z"}}, {"model": "projectsapp.projectimage", "pk": 77, "fields": {"project": 11, "alt_desc": "", "image": "products_images/dvortsoviy_most_28.jpg", "is_active": true, "created": "2019-10-08T13:02:37.805Z", "updated": "2019-10-08T13:02:37.805Z"}}, {"model": "projectsapp.projectimage", "pk": 78, "fields": {"project": 12, "alt_desc": "", "image": "products_images/zvenigorodka1-_1_.jpg", "is_active": true, "created": "2019-10-08T13:04:05.748Z", "updated": "2019-10-08T13:04:05.748Z"}}, {"model": "projectsapp.projectimage", "pk": 79, "fields": {"project": 12, "alt_desc": "", "image": "products_images/2015_matacryl_zvenigorodskaya_estakada_2.jpg", "is_active": true, "created": "2019-10-08T13:04:05.752Z", "updated": "2019-10-08T13:04:05.752Z"}}, {"model": "projectsapp.projectimage", "pk": 80, "fields": {"project": 12, "alt_desc": "", "image": "products_images/2015_matacryl_zvenigorodskaya_estakada_8.jpg", "is_active": true, "created": "2019-10-08T13:04:05.755Z", "updated": "2019-10-08T13:04:05.755Z"}}, {"model": "projectsapp.projectimage", "pk": 81, "fields": {"project": 14, "alt_desc": "", "image": "products_images/avatar.jpg", "is_active": true, "created": "2019-10-08T13:05:59.086Z", "updated": "2019-10-08T13:05:59.086Z"}}, {"model": "projectsapp.projectimage", "pk": 82, "fields": {"project": 15, "alt_desc": "", "image": "products_images/peshehodnyj_perehod_u_d_mozzhinka_015.png", "is_active": true, "created": "2019-10-08T13:07:03.128Z", "updated": "2019-10-08T13:07:03.128Z"}}, {"model": "projectsapp.projectimage", "pk": 83, "fields": {"project": 16, "alt_desc": "", "image": "products_images/2008_rubberflex_55_most_cherez_ruchey_vorgol_lipetskaya_obl_web_2.jpg", "is_active": true, "created": "2019-10-08T13:08:57.543Z", "updated": "2019-10-08T13:08:57.543Z"}}, {"model": "projectsapp.projectimage", "pk": 84, "fields": {"project": 17, "alt_desc": "", "image": "products_images/kanal_imeni_moskvy1.jpg", "is_active": true, "created": "2019-10-08T13:10:09.476Z", "updated": "2019-10-08T13:10:09.476Z"}}, {"model": "projectsapp.projectimage", "pk": 85, "fields": {"project": 18, "alt_desc": "", "image": "products_images/michurinsky1.jpg", "is_active": true, "created": "2019-10-08T13:12:25.635Z", "updated": "2019-10-08T13:12:25.635Z"}}, {"model": "projectsapp.projectimage", "pk": 86, "fields": {"project": 18, "alt_desc": "", "image": "products_images/michurinsky2.jpg", "is_active": true, "created": "2019-10-08T13:12:25.638Z", "updated": "2019-10-08T13:12:25.638Z"}}, {"model": "projectsapp.projectimage", "pk": 87, "fields": {"project": 18, "alt_desc": "", "image": "products_images/rabberflex_55_michurinskiy_prospekt_5.jpg", "is_active": true, "created": "2019-10-08T13:12:25.641Z", "updated": "2019-10-08T13:12:25.641Z"}}, {"model": "projectsapp.projectimage", "pk": 88, "fields": {"project": 19, "alt_desc": "", "image": "products_images/2017_rubberflex_55_estakada_mkad_profsouznaya_1.jpg", "is_active": true, "created": "2019-10-08T13:14:29.194Z", "updated": "2019-10-08T13:14:29.194Z"}}, {"model": "projectsapp.projectimage", "pk": 89, "fields": {"project": 19, "alt_desc": "", "image": "products_images/2017_rubberflex_55_estakada_mkad_profsouznaya_2.jpg", "is_active": true, "created": "2019-10-08T13:14:29.196Z", "updated": "2019-10-08T13:14:29.196Z"}}, {"model": "projectsapp.projectimage", "pk": 90, "fields": {"project": 19, "alt_desc": "", "image": "products_images/2017_rubberflex_55_estakada_mkad_profsouznaya_3.jpg", "is_active": true, "created": "2019-10-08T13:14:29.199Z", "updated": "2019-10-08T13:14:29.199Z"}}, {"model": "projectsapp.projectimage", "pk": 91, "fields": {"project": 19, "alt_desc": "", "image": "products_images/2017_rubberflex_55_estakada_mkad_profsouznaya_5.jpg", "is_active": true, "created": "2019-10-08T13:14:29.202Z", "updated": "2019-10-08T13:14:29.202Z"}}, {"model": "projectsapp.projectimage", "pk": 92, "fields": {"project": 19, "alt_desc": "", "image": "products_images/2017_rubberflex_55_estakada_mkad_profsouznaya_6.jpg", "is_active": true, "created": "2019-10-08T13:14:29.204Z", "updated": "2019-10-08T13:14:29.204Z"}}, {"model": "projectsapp.projectimage", "pk": 93, "fields": {"project": 19, "alt_desc": "", "image": "products_images/2017_rubberflex_55_estakada_mkad_profsouznaya_10.jpg", "is_active": true, "created": "2019-10-08T13:14:29.206Z", "updated": "2019-10-08T13:14:29.206Z"}}, {"model": "projectsapp.projectimage", "pk": 94, "fields": {"project": 19, "alt_desc": "", "image": "products_images/2017_rubberflex_55_estakada_mkad_profsouznaya_6_OQJlEyD.jpg", "is_active": true, "created": "2019-10-08T13:14:29.209Z", "updated": "2019-10-08T13:14:29.209Z"}}, {"model": "projectsapp.projectimage", "pk": 95, "fields": {"project": 19, "alt_desc": "", "image": "products_images/2017_rubberflex_55_estakada_mkad_profsouznaya_avatar.jpg", "is_active": true, "created": "2019-10-08T13:14:29.211Z", "updated": "2019-10-08T13:14:29.211Z"}}, {"model": "projectsapp.projectimage", "pk": 96, "fields": {"project": 20, "alt_desc": "", "image": "products_images/pyatnitskoe_shosse_2.jpg", "is_active": true, "created": "2019-10-08T13:16:29.344Z", "updated": "2019-10-08T13:16:29.344Z"}}, {"model": "projectsapp.projectimage", "pk": 97, "fields": {"project": 20, "alt_desc": "", "image": "products_images/pyatnitskoe_shosse_3.jpg", "is_active": true, "created": "2019-10-08T13:16:29.347Z", "updated": "2019-10-08T13:16:29.347Z"}}, {"model": "projectsapp.projectimage", "pk": 98, "fields": {"project": 20, "alt_desc": "", "image": "products_images/pyatnitskoe_shosse_1.jpg", "is_active": true, "created": "2019-10-08T13:16:29.349Z", "updated": "2019-10-08T13:16:29.349Z"}}, {"model": "projectsapp.projectimage", "pk": 99, "fields": {"project": 20, "alt_desc": "", "image": "products_images/pyatnitskoe_shosse_4.jpg", "is_active": true, "created": "2019-10-08T13:16:29.352Z", "updated": "2019-10-08T13:16:29.352Z"}}, {"model": "projectsapp.projectimage", "pk": 100, "fields": {"project": 20, "alt_desc": "", "image": "products_images/pyatnitskoe_shosse_5.jpg", "is_active": true, "created": "2019-10-08T13:16:29.354Z", "updated": "2019-10-08T13:16:29.354Z"}}, {"model": "projectsapp.projectimage", "pk": 101, "fields": {"project": 20, "alt_desc": "", "image": "products_images/pyatnitskoe_shosse_6.jpg", "is_active": true, "created": "2019-10-08T13:16:29.356Z", "updated": "2019-10-08T13:16:29.356Z"}}, {"model": "projectsapp.projectimage", "pk": 102, "fields": {"project": 20, "alt_desc": "", "image": "products_images/pyatnitskoe_shosse_8.jpg", "is_active": true, "created": "2019-10-08T13:16:29.358Z", "updated": "2019-10-08T13:16:29.358Z"}}, {"model": "projectsapp.projectimage", "pk": 103, "fields": {"project": 21, "alt_desc": "", "image": "products_images/besedinskoe_shosse_h_mkad_01.png", "is_active": true, "created": "2019-10-08T13:17:52.023Z", "updated": "2019-10-08T13:17:52.023Z"}}, {"model": "projectsapp.projectimage", "pk": 104, "fields": {"project": 21, "alt_desc": "", "image": "products_images/besedinskoe_shosse_h_mkad_02.png", "is_active": true, "created": "2019-10-08T13:17:52.028Z", "updated": "2019-10-08T13:17:52.028Z"}}, {"model": "projectsapp.projectimage", "pk": 105, "fields": {"project": 21, "alt_desc": "", "image": "products_images/besedinskoe_shosse_h_mkad_03.png", "is_active": true, "created": "2019-10-08T13:17:52.032Z", "updated": "2019-10-08T13:17:52.032Z"}}, {"model": "projectsapp.projectimage", "pk": 106, "fields": {"project": 21, "alt_desc": "", "image": "products_images/besedinskoe_shosse_h_mkad_04.png", "is_active": true, "created": "2019-10-08T13:17:52.036Z", "updated": "2019-10-08T13:17:52.036Z"}}, {"model": "projectsapp.projectimage", "pk": 107, "fields": {"project": 21, "alt_desc": "", "image": "products_images/besedinskoe_shosse_h_mkad_05.png", "is_active": true, "created": "2019-10-08T13:17:52.039Z", "updated": "2019-10-08T13:17:52.039Z"}}, {"model": "projectsapp.projectimage", "pk": 108, "fields": {"project": 21, "alt_desc": "", "image": "products_images/besedinskoe_shosse_h_mkad_06.png", "is_active": true, "created": "2019-10-08T13:17:52.044Z", "updated": "2019-10-08T13:17:52.044Z"}}, {"model": "projectsapp.projectimage", "pk": 109, "fields": {"project": 13, "alt_desc": "", "image": "products_images/2016.09._matacryl_remont_pokrytiya_peshekhodnyy_most_4.jpg", "is_active": true, "created": "2019-10-08T17:09:14.466Z", "updated": "2019-10-08T17:09:14.466Z"}}, {"model": "projectsapp.projectcompany", "pk": 7, "fields": {"role": "\u043f\u0440\u043e\u0435\u043a\u0442\u0438\u0440\u043e\u0432\u0449\u0438\u043a", "project": 19, "company": 26, "is_active": true, "created": "2019-10-12T18:08:38.206Z", "updated": "2019-10-12T18:08:38.206Z"}}, {"model": "projectsapp.projectcompany", "pk": 8, "fields": {"role": "\u043f\u043e\u0434\u0440\u044f\u0434\u0447\u0438\u043a", "project": 19, "company": 9, "is_active": true, "created": "2019-10-12T18:08:38.207Z", "updated": "2019-10-12T18:08:38.207Z"}}, {"model": "projectsapp.projectcompany", "pk": 9, "fields": {"role": "\u0437\u0430\u043a\u0430\u0437\u0447\u0438\u043a", "project": 19, "company": 21, "is_active": true, "created": "2019-10-12T18:08:38.208Z", "updated": "2019-10-12T18:08:38.208Z"}}, {"model": "projectsapp.projectcompany", "pk": 10, "fields": {"role": "\u043f\u0440\u043e\u0435\u043a\u0442\u0438\u0440\u043e\u0432\u0449\u0438\u043a", "project": 19, "company": 5, "is_active": true, "created": "2019-10-17T10:37:16.046Z", "updated": "2019-10-17T10:37:16.046Z"}}, {"model": "projectsapp.projectcompany", "pk": 11, "fields": {"role": "\u043f\u0440\u043e\u0435\u043a\u0442\u0438\u0440\u043e\u0432\u0449\u0438\u043a", "project": 21, "company": 6, "is_active": true, "created": "2019-10-17T12:33:56.312Z", "updated": "2019-10-17T12:33:56.312Z"}}, {"model": "servicesapp.servicecategory", "pk": 1, "fields": {"name": "\u041a\u0430\u0442\u0435\u0433\u043e\u0440\u0438\u044f \u0443\u0441\u043b\u0443\u0433", "slug": "kategoriya-uslug", "created": "2019-10-18T18:56:32.716Z", "updated": "2019-10-18T18:56:32.716Z"}}, {"model": "servicesapp.service", "pk": 1, "fields": {"category": 1, "name": "\u0423\u0441\u043b\u0443\u0433\u0430 1", "slug": "usluga-1", "description": "", "is_active": true, "created": "2019-10-18T18:56:37.754Z", "updated": "2019-10-18T18:56:37.754Z"}}, {"model": "servicesapp.service", "pk": 2, "fields": {"category": 1, "name": "\u0423\u0441\u043b\u0443\u0433\u0430 2", "slug": "usluga-2", "description": "", "is_active": true, "created": "2019-10-18T19:47:56.009Z", "updated": "2019-10-18T19:47:56.009Z"}}, {"model": "servicesapp.service", "pk": 3, "fields": {"category": 1, "name": "\u0423\u0441\u043b\u0443\u0433\u0430 3", "slug": "usluga-3", "description": "", "is_active": true, "created": "2019-10-18T19:48:14.316Z", "updated": "2019-10-18T19:48:14.316Z"}}, {"model": "servicesapp.service", "pk": 4, "fields": {"category": 1, "name": "\u0423\u0441\u043b\u0443\u0433\u0430 4", "slug": "usluga-4", "description": "", "is_active": true, "created": "2019-10-18T19:48:20.409Z", "updated": "2019-10-18T19:48:20.409Z"}}, {"model": "servicesapp.service", "pk": 5, "fields": {"category": 1, "name": "\u0423\u0441\u043b\u0443\u0433\u0430 5", "slug": "usluga-5", "description": "", "is_active": true, "created": "2019-10-18T19:48:26.085Z", "updated": "2019-10-18T19:48:26.085Z"}}, {"model": "servicesapp.service", "pk": 6, "fields": {"category": 1, "name": "\u0423\u0441\u043b\u0443\u0433\u0430 6", "slug": "usluga-6", "description": "", "is_active": true, "created": "2019-10-18T19:48:30.910Z", "updated": "2019-10-18T19:48:30.910Z"}}, {"model": "researchapp.subjectofstudy", "pk": 1, "fields": {"name": "\u0432\u043e\u0434\u043e\u043f\u043e\u0433\u043b\u043e\u0449\u0435\u043d\u0438\u0435", "description": "\u043a\u043e\u043b\u0438\u0447\u0435\u0441\u0442\u0432\u043e \u043f\u043e\u0433\u043b\u043e\u0449\u0435\u043d\u043d\u043e\u0439 \u043c\u0430\u0442\u0435\u0440\u0438\u0430\u043b\u043e\u043c \u0432\u043e\u0434\u044b \u043d\u0430 \u0435\u0434\u0438\u043d\u0438\u0446\u0443 \u043c\u0430\u0441\u0441\u044b \u043c\u0430\u0442\u0435\u0440\u0438\u0430\u043b\u0430, %, \u0413\u041e\u0421\u0422 26589-94. \u041d\u043e\u0440\u043c\u0430\u0442\u0438\u0432\u043d\u043e\u0435 \u0437\u043d\u0430\u0447\u0435\u043d\u0438\u0435 \u043d\u0435 \u0431\u043e\u043b\u0435\u0435 1,0% (\u0421\u041f 46.13330.2012)"}}, {"model": "researchapp.subjectofstudy", "pk": 2, "fields": {"name": "\u0432\u043e\u0434\u043e\u043d\u0435\u043f\u0440\u043e\u043d\u0438\u0446\u0430\u0435\u043c\u043e\u0441\u0442\u044c", "description": "\u0434\u0430\u0432\u043b\u0435\u043d\u0438\u0435 \u0432\u044b\u0434\u0435\u0440\u0436\u0438\u0432\u0430\u0435\u043c\u043e\u0435 \u0433\u0438\u0434\u0440\u043e\u0438\u0437\u043e\u043b\u044f\u0446\u0438\u043e\u043d\u043d\u043e\u0439 \u043c\u0435\u043c\u0431\u0440\u0430\u043d\u043e\u0439, \u041c\u041f\u0430, \u043d\u043e\u0440\u043c\u0430\u0442\u0438\u0432\u043d\u044b\u0435 \u0442\u0440\u0435\u0431\u043e\u0432\u0430\u043d\u0438\u044f \u043d\u0435 \u043c\u0435\u043d\u0435\u0435 0,1 \u041c\u041f\u0430 (\u0421\u041f 46.13330.2012)"}}, {"model": "researchapp.subjectofstudy", "pk": 3, "fields": {"name": "\u0443\u0441\u043b\u043e\u0432\u043d\u0430\u044f \u043f\u0440\u043e\u0447\u043d\u043e\u0441\u0442\u044c \u043f\u0440\u0438 \u0440\u0430\u0437\u0440\u044b\u0432\u0435", "description": "\u043c\u0430\u043a\u0441\u0438\u043c\u0430\u043b\u044c\u043d\u043e\u0435 \u0443\u0441\u0438\u043b\u0438\u0435 \u043f\u0440\u0438 \u0440\u0430\u0437\u0440\u044b\u0432\u0435 \u043c\u0435\u043c\u0431\u0440\u0430\u043d\u044b, \u041c\u041f\u0430, \u043d\u043e\u0440\u043c\u0430\u0442\u0438\u0432\u043d\u043e\u0435 \u0442\u0440\u0435\u0431\u043e\u0432\u0430\u043d\u0438\u0435 \u043d\u0435 \u043c\u0435\u043d\u0435\u0435 0,5 \u041c\u041f\u0430"}}, {"model": "researchapp.subjectofstudy", "pk": 4, "fields": {"name": "\u043e\u0442\u043d\u043e\u0441\u0438\u0442\u0435\u043b\u044c\u043d\u043e\u0435 \u0443\u0434\u043b\u0438\u043d\u0435\u043d\u0438\u0435 \u043f\u0440\u0438 \u0440\u0430\u0437\u0440\u044b\u0432\u0435", "description": "\u0443\u0434\u043b\u0438\u043d\u0435\u043d\u0438\u0435 \u0433\u0438\u0434\u0440\u043e\u0438\u0437\u043e\u043b\u044f\u0446\u0438\u043e\u043d\u043d\u043e\u0439 \u043c\u0435\u043c\u0431\u0440\u0430\u043d\u044b \u043f\u0440\u0438 \u0440\u0430\u0437\u0440\u044b\u0432\u0435, \u043e\u0442\u043d\u043e\u0441\u0438\u0442\u0435\u043b\u044c\u043d\u043e \u0438\u0437\u043d\u0430\u0447\u0430\u043b\u044c\u043d\u044b\u0445 \u0440\u0430\u0437\u043c\u0435\u0440\u043e\u0432, %, \u043d\u043e\u0440\u043c\u0430\u0442\u0438\u0432\u043d\u043e\u0435 \u0442\u0440\u0435\u0431\u043e\u0432\u0430\u043d\u0438\u0435 \u043d\u0435 \u043c\u0435\u043d\u0435\u0435 50%"}}, {"model": "researchapp.subjectofstudy", "pk": 5, "fields": {"name": "\u043c\u043e\u0440\u043e\u0437\u043e\u0441\u0442\u043e\u0439\u043a\u043e\u0441\u0442\u044c", "description": "\u0433\u0438\u0431\u043a\u043e\u0441\u0442\u044c \u0431\u0435\u0437 \u043e\u0431\u0440\u0430\u0437\u043e\u0432\u0430\u043d\u0438\u044f \u0442\u0440\u0435\u0449\u0438\u043d \u043d\u0430 \u0441\u0442\u0435\u0440\u0436\u043d\u0435 \u0434\u0438\u0430\u043c\u0435\u0442\u0440\u043e\u043c \"d\" \u0438 \u043f\u0440\u0438 \u0442\u0435\u043c\u043f\u0435\u0440\u0430\u0442\u0443\u0440\u0435 \"t\". \u041d\u043e\u0440\u043c\u0430\u0442\u0438\u0432\u043d\u043e\u0435 \u0437\u043d\u0430\u0447\u0435\u043d\u0438\u0435: \u0434\u0438\u0430\u043c\u0435\u0442\u0440 d=20 \u043c\u043c, \u0442\u0435\u043c\u043f\u0435\u0440\u0430\u0442\u0443\u0440\u0430 t= \u043c\u0438\u043d\u0443\u0441 60 \u0421"}}, {"model": "researchapp.subjectofstudy", "pk": 6, "fields": {"name": "\u0442\u0435\u043f\u043b\u043e\u0441\u0442\u043e\u0439\u043a\u043e\u0441\u0442\u044c", "description": "\u0441\u043e\u0445\u0440\u0430\u043d\u0435\u043d\u0438\u0435 \u0433\u0438\u0434\u0440\u043e\u0438\u0437\u043e\u043b\u044f\u0446\u0438\u043e\u043d\u043d\u043e\u0439 \u043c\u0435\u043c\u0431\u0440\u0430\u043d\u043e\u0439 \u0441\u0432\u043e\u0438\u0445 \u043a\u0430\u0447\u0435\u0441\u0442\u0432  \u043f\u043e\u0441\u043b\u0435 \u0432\u043e\u0437\u0434\u0435\u0439\u0441\u0442\u0432\u0438\u044f \u0432\u044b\u0441\u043e\u043a\u0438\u0445 \u0442\u0435\u043c\u043f\u0435\u0440\u0430\u0442\u0443\u0440. \u041d\u043e\u0440\u043c\u0430\u0442\u0438\u0432\u043d\u043e\u0435 \u0442\u0440\u0435\u0431\u043e\u0432\u0430\u043d\u0438\u044f \u043e\u0442\u0441\u0443\u0442\u0441\u0442\u0432\u0443\u044e\u0442, \u0443\u0441\u043b\u043e\u0432\u043d\u043e \u043e\u0440\u0438\u0435\u043d\u0442\u0438\u0440\u0443\u044e\u0442\u0441\u044f \u043d\u0430 \u0442\u0435\u043c\u043f\u0435\u0440\u0430\u0442\u0443\u0440\u0443 \u0410\u0411 \u0441\u043c\u0435\u0441\u0435\u0439 \u043f\u0440\u0438 \u0443\u043a\u043b\u0430\u0434\u043a\u0435: \u0443\u043f\u043b\u043e\u0442\u043d\u044f\u0435\u043c\u044b\u0439 \u0430\u0441\u0444\u0430\u043b\u044c\u0442\u043e\u0431\u0435\u0442\u043e\u043d +150 \u0421, \u043b\u0438\u0442\u043e\u0439 \u0430\u0441\u0444\u0430\u043b\u044c\u0442\u043e\u0431\u0435\u0442\u043e\u043d + 230 \u0421."}}, {"model": "researchapp.subjectofstudy", "pk": 7, "fields": {"name": "\u0443\u0441\u0442\u043e\u0439\u0447\u0438\u0432\u043e\u0441\u0442\u044c \u043a \u0430\u0433\u0440\u0435\u0441\u0441\u0438\u0432\u043d\u044b\u043c \u0441\u0440\u0435\u0434\u0430\u043c", "description": "\u0443\u0441\u0442\u043e\u0439\u0447\u0438\u0432\u043e\u0441\u0442\u044c \u043a \u0434\u0435\u0439\u0441\u0442\u0432\u0438\u044e \u043a\u0438\u0441\u043b\u044b\u0445, \u0449\u0435\u043b\u043e\u0447\u043d\u044b\u0445, \u0441\u043e\u043b\u0435\u0432\u044b\u0445 \u0440\u0430\u0441\u0442\u0432\u043e\u0440\u043e\u0432 \u0438 \u043d\u0435\u0444\u0442\u0435\u043f\u0440\u043e\u0434\u0443\u043a\u0442\u043e\u0432. \u041d\u043e\u0440\u043c\u0430\u0442\u0438\u0432\u043d\u043e\u0435 \u0442\u0440\u0435\u0431\u043e\u0432\u0430\u043d\u0438\u0435 - \"\u0443\u0441\u0442\u043e\u0439\u0447\u0438\u0432\""}}, {"model": "researchapp.subjectofstudy", "pk": 8, "fields": {"name": "\u0441\u043e\u043f\u0440\u043e\u0442\u0438\u0432\u043b\u0435\u043d\u0438\u0435 \u0441\u0434\u0432\u0438\u0433\u043e\u0432\u043e\u0439 \u043d\u0430\u0433\u0440\u0443\u0437\u043a\u0435", "description": "\u043c\u0430\u043a\u0441\u0438\u043c\u0430\u043b\u044c\u043d\u043e\u0435 \u043d\u0430\u043f\u0440\u044f\u0436\u0435\u043d\u0438\u0435 \u0441\u0434\u0432\u0438\u0433\u0430 \u043f\u0440\u0438 \u0440\u0430\u0437\u0440\u0443\u0448\u0435\u043d\u0438\u0438 \u0432 \u043a\u043e\u043d\u0441\u0442\u0440\u0443\u043a\u0446\u0438\u044f\u0445 \u0434\u043e\u0440\u043e\u0436\u043d\u044b\u0445 \u043e\u0434\u0435\u0436\u0434 \u043c\u043e\u0441\u0442\u043e\u0432\u043e\u0433\u043e \u043f\u043e\u043b\u043e\u0442\u043d\u0430, \u041c\u041f\u0430"}}, {"model": "researchapp.subjectofstudy", "pk": 9, "fields": {"name": "\u0430\u0434\u0433\u0435\u0437\u0438\u044f \u043d\u0430 \u043e\u0442\u0440\u044b\u0432", "description": "\u043c\u0430\u043a\u0441\u0438\u043c\u0430\u043b\u044c\u043d\u043e\u0435 \u0443\u0441\u0438\u043b\u0438\u0435 \u043f\u0440\u0438 \u043e\u0442\u0440\u044b\u0432\u0435 \u0433\u0438\u0434\u0440\u043e\u0438\u0437\u043e\u043b\u044f\u0446\u0438\u043e\u043d\u043d\u043e\u0439 \u043c\u0435\u043c\u0431\u0440\u0430\u043d\u044b \u043e\u0442 \u043e\u0441\u043d\u043e\u0432\u0430\u043d\u0438\u044f"}}, {"model": "researchapp.subjectofstudy", "pk": 10, "fields": {"name": "\u0430\u0434\u0433\u0435\u0437\u0438\u044f \u043d\u0430 \u043e\u0442\u0434\u0438\u0440", "description": "\u043c\u0430\u043a\u0441\u0438\u043c\u0430\u043b\u044c\u043d\u043e\u0435 \u0443\u0441\u0438\u043b\u0438\u0435 \u043f\u0440\u0438 \u043e\u0442\u0434\u0438\u0440\u0435 (\u043e\u0442\u043b\u0438\u0447\u0430\u0435\u0442\u0441\u044f \u043e\u0442 \u043c\u0435\u0442\u043e\u0434\u0430 \u043e\u0442\u0440\u044b\u0432\u0430 \u043d\u0430\u043f\u0440\u0430\u0432\u043b\u0435\u043d\u0438\u0435\u043c \u043f\u0440\u0438\u043b\u043e\u0436\u0435\u043d\u0438\u044f \u0441\u0438\u043b\u044b) \u0433\u0438\u0434\u0440\u043e\u0438\u0437\u043e\u043b\u044f\u0446\u0438\u043e\u043d\u043d\u043e\u0439 \u043c\u0435\u043c\u0431\u0440\u0430\u043d\u044b \u043e\u0442 \u043e\u0441\u043d\u043e\u0432\u0430\u043d\u0438\u044f"}}, {"model": "researchapp.subjectofstudy", "pk": 11, "fields": {"name": "\u0443\u0441\u043a\u043e\u0440\u0435\u043d\u043d\u043e\u0435 \u0441\u0442\u0430\u0440\u0435\u043d\u0438\u0435", "description": "\u044f\u0432\u043b\u044f\u0435\u0442\u0441\u044f \u043f\u043e\u043a\u0430\u0437\u0430\u0442\u0435\u043b\u0435\u043c \u0434\u043e\u043b\u0433\u043e\u0432\u0435\u0447\u043d\u043e\u0441\u0442\u0438 \u0433\u0438\u0434\u0440\u043e\u0438\u0437\u043e\u043b\u044f\u0446\u0438\u043e\u043d\u043d\u043e\u0439 \u043c\u0435\u043c\u0431\u0440\u0430\u043d\u044b. \u041c\u0435\u0442\u043e\u0434 \u0437\u0430\u043a\u043b\u044e\u0447\u0430\u0435\u0442\u0441\u044f \u0432 \u0432\u043e\u0437\u0434\u0435\u0439\u0441\u0442\u0432\u0438\u0438 \u043d\u0430 \u043c\u0435\u043c\u0431\u0440\u0430\u043d\u0443 \u0440\u0430\u0437\u043b\u0438\u0447\u043d\u044b\u043c\u0438 \u0444\u0430\u043a\u0442\u043e\u0440\u0430\u043c\u0438 \u0438\u043c\u0438\u0442\u0438\u0440\u0443\u044e\u0449\u0438\u043c\u0438 \u043a\u043b\u0438\u043c\u0430\u0442\u0438\u0447\u0435\u0441\u043a\u0443\u044e \u0441\u0440\u0435\u0434\u0443.  \u0420\u0435\u0437\u0443\u043b\u044c\u0442\u0430\u0442\u044b \u0432\u044b\u0440\u0430\u0436\u0430\u044e\u0442\u0441\u044f \u0432 \u0446\u0438\u043a\u043b\u0430\u0445 \u0432\u043e\u0437\u0434\u0435\u0439\u0441\u0442\u0432\u0438\u044f: \u043d\u0435 \u043c\u0435\u043d\u0435\u0435 50 \u0446\u0438\u043a\u043b\u043e\u0432"}}, {"model": "researchapp.subjectofstudy", "pk": 12, "fields": {"name": "\u0436\u0438\u0437\u043d\u0435\u0441\u043f\u043e\u0441\u043e\u0431\u043d\u043e\u0441\u0442\u044c", "description": "\u0441\u043f\u043e\u0441\u043e\u0431\u043d\u043e\u0441\u0442\u044c \u043c\u0430\u0442\u0435\u0440\u0438\u0430\u043b\u043e\u0432 \u043e\u0441\u0442\u0430\u0432\u0430\u0442\u044c\u0441\u044f \u043f\u043e\u0434\u0432\u0438\u0436\u043d\u044b\u043c \u0438 \u0432 \u0443\u0434\u043e\u0431\u043e\u0443\u043a\u043b\u0430\u0434\u044b\u0432\u0430\u0435\u043c\u043e\u043c \u0441\u043e\u0441\u0442\u043e\u044f\u043d\u0438\u0438 \u0432 \u0442\u0430\u0440\u0435, \u043f\u043e\u0441\u043b\u0435 \u043f\u0440\u0438\u0433\u043e\u0442\u043e\u0432\u043b\u0435\u043d\u0438\u044f \u0441\u043c\u0435\u0441\u0438, \u0438\u0437\u043c\u0435\u0440\u044f\u0435\u0442\u0441\u044f \u0432 \u043c\u0438\u043d\u0443\u0442\u0430\u0445 (\u0441\u0435\u043a\u0443\u043d\u0434\u0430\u0445)"}}, {"model": "researchapp.subjectofstudy", "pk": 13, "fields": {"name": "\u0432\u0440\u0435\u043c\u044f \u043f\u043e\u043b\u043d\u043e\u0439 \u043f\u043e\u043b\u0438\u043c\u0435\u0440\u0438\u0437\u0430\u0446\u0438\u0438", "description": "\u0432\u0440\u0435\u043c\u044f \u043d\u0435\u043e\u0431\u0445\u043e\u0434\u0438\u043c\u043e\u0435 \u0434\u043b\u044f \u043f\u043e\u043b\u043d\u043e\u0439 \u043f\u043e\u043b\u0438\u043c\u0435\u0440\u0438\u0437\u0430\u0446\u0438\u0438 (\u043d\u0430\u0431\u043e\u0440\u0430 \u043f\u0440\u043e\u0447\u043d\u043e\u0441\u0442\u0438) \u043c\u0430\u0442\u0435\u0440\u0438\u0430\u043b\u0430 \u043f\u043e\u0441\u043b\u0435 \u0435\u0433\u043e \u043f\u0440\u0438\u043c\u0435\u043d\u0435\u043d\u0438\u044f (\u0437\u0430\u0442\u0432\u043e\u0440\u0435\u043d\u0438\u044f), \u0438\u0437\u043c\u0435\u0440\u044f\u0435\u0442\u0441\u044f \u0432 \u043c\u0438\u043d\u0443\u0442\u0430\u0445 (\u0447\u0430\u0441\u0430\u0445, \u0441\u0443\u0442\u043a\u0430\u0445)"}}, {"model": "researchapp.subjectofstudy", "pk": 14, "fields": {"name": "\u0442\u0435\u043c\u043f\u0435\u0440\u0430\u0442\u0443\u0440\u0430 \u044d\u043a\u0441\u043f\u043b\u0443\u0430\u0442\u0430\u0446\u0438\u0438", "description": "\u043f\u043e\u043a\u0430\u0437\u0430\u0442\u0435\u043b\u044c \u0442\u0435\u043c\u043f\u0435\u0440\u0430\u0442\u0443\u0440 (\u043a\u0430\u043a \u0432\u044b\u0441\u043e\u043a\u0438\u0445 \u0442\u0430\u043a \u0438 \u043d\u0438\u0437\u043a\u0438\u0445) \u043f\u0440\u0438 \u043a\u043e\u0442\u043e\u0440\u044b\u0445 \u0433\u0438\u0434\u0440\u043e\u0438\u0437\u043e\u043b\u044f\u0446\u0438\u043e\u043d\u043d\u0430\u044f \u043c\u0435\u043c\u0431\u0440\u0430\u043d\u0430 \u0441\u043e\u0445\u0440\u0430\u043d\u044f\u0435\u0442 \u043d\u043e\u0440\u043c\u0430\u0442\u0438\u0432\u043d\u044b\u0435 \u0441\u0432\u043e\u0439\u0441\u0442\u0432\u0430"}}, {"model": "researchapp.subjectofstudy", "pk": 15, "fields": {"name": "\u043f\u0440\u0435\u0434\u0435\u043b \u043f\u0440\u043e\u0447\u043d\u043e\u0441\u0442\u0438 \u043f\u0440\u0438 \u0438\u0437\u0433\u0438\u0431\u0435", "description": ""}}, {"model": "researchapp.subjectofstudy", "pk": 16, "fields": {"name": "\u043f\u0440\u0435\u0434\u0435\u043b \u043f\u0440\u043e\u0447\u043d\u043e\u0441\u0442\u0438 \u043f\u0440\u0438 \u0441\u0436\u0430\u0442\u0438\u0438", "description": ""}}, {"model": "researchapp.subjectofstudy", "pk": 17, "fields": {"name": "\u0418\u0441\u0442\u0438\u0440\u0430\u0435\u043c\u043e\u0441\u0442\u044c", "description": ""}}, {"model": "researchapp.subjectofstudy", "pk": 18, "fields": {"name": "\u043a\u043e\u044d\u0444\u0444\u0438\u0446\u0438\u0435\u043d\u0442 \u0441\u0446\u0435\u043f\u043b\u0435\u043d\u0438\u044f", "description": ""}}, {"model": "researchapp.filestorage", "pk": 1, "fields": {"alt_desc": "\u0421\u0442\u0430\u043d\u0434\u0430\u0440\u0442 \u043e\u0440\u0433\u0430\u043d\u0438\u0437\u0430\u0446\u0438\u0438", "file": "research_files/sto_1_tehnologicheskij_reglament_po_gidroizolyacii_podzemnyh_konstrukcij.pdf", "is_active": true, "created": "2019-10-04T10:50:17.792Z", "updated": "2019-10-04T10:50:17.792Z"}}, {"model": "researchapp.filestorage", "pk": 2, "fields": {"alt_desc": "\u0421\u0442\u0430\u043d\u0434\u0430\u0440\u0442 \u043e\u0440\u0433\u0430\u043d\u0438\u0437\u0430\u0446\u0438\u0438 2", "file": "research_files/sto_1-tekhnologicheskiy-reglament-po-gidroizolyatsii-proezzhey-chasti-mostov.pdf", "is_active": true, "created": "2019-10-04T10:50:32.912Z", "updated": "2019-10-04T10:50:32.912Z"}}, {"model": "researchapp.filestorage", "pk": 3, "fields": {"alt_desc": "\u0417\u0430\u043a\u043b\u044e\u0447\u0435\u043d\u0438\u0435 \u0426\u041d\u0418\u0418\u0421", "file": "research_files/cniis_zaklyuchenie_2015.pdf", "is_active": true, "created": "2019-10-04T11:25:26.428Z", "updated": "2019-10-04T11:25:26.428Z"}}, {"model": "researchapp.filestorage", "pk": 4, "fields": {"alt_desc": "\u041d\u0418\u0420 \u0426\u041d\u0418\u0418\u0421 2003", "file": "research_files/cniis_obshhie_ispytanij_XdACvKx.pdf", "is_active": true, "created": "2019-10-05T08:12:14.833Z", "updated": "2019-10-05T08:12:14.833Z"}}, {"model": "researchapp.filestorage", "pk": 5, "fields": {"alt_desc": "\u041f\u0440\u043e\u0442\u043e\u043a\u043e\u043b \u0438\u0441\u043f\u044b\u0442\u0430\u043d\u0438\u0439 \u043d\u0430 \u043c\u043e\u0440\u043e\u0437\u043e\u0441\u0442\u043e\u0439\u043a\u043e\u0441\u0442\u044c", "file": "research_files/cniis_ispytaniya_na_morozostojkost_nmugKUu.pdf", "is_active": true, "created": "2019-10-08T05:37:22.094Z", "updated": "2019-10-08T05:37:22.094Z"}}, {"model": "researchapp.filestorage", "pk": 6, "fields": {"alt_desc": "\u0418\u0441\u043f\u044b\u0442\u0430\u043d\u0438\u044f \u043d\u0430 \u0442\u0435\u043f\u043b\u043e\u0441\u0442\u043e\u0439\u043a\u043e\u0441\u0442\u044c", "file": "research_files/ic_vniigs_ispytaniya_pod_litym_asfaltom.pdf", "is_active": true, "created": "2019-10-08T05:43:01.340Z", "updated": "2019-10-08T05:43:01.340Z"}}, {"model": "researchapp.filestorage", "pk": 7, "fields": {"alt_desc": "\u041f\u0440\u043e\u0442\u043e\u043a\u043e\u043b \u0438\u0441\u043f\u044b\u0442\u0430\u043d\u0438\u0439 \u0430\u0434\u0433\u0435\u0437\u0438\u0438 \u2116523", "file": "research_files/mgsu_ispytaniya_na_adgeziyu.pdf", "is_active": true, "created": "2019-10-08T05:48:58.452Z", "updated": "2019-10-08T05:48:58.452Z"}}, {"model": "researchapp.filestorage", "pk": 8, "fields": {"alt_desc": "\u0417\u0430\u043a\u043b\u044e\u0447\u0435\u043d\u0438\u0435 \u0421\u041e\u042e\u0417\u0414\u041e\u0420\u041d\u0418\u0418", "file": "research_files/soyuzdornii_zaklyuchenie.pdf", "is_active": true, "created": "2019-10-08T05:53:26.132Z", "updated": "2019-10-08T05:53:26.132Z"}}, {"model": "researchapp.filestorage", "pk": 9, "fields": {"alt_desc": "\u0417\u0430\u043a\u043b\u044e\u0447\u0435\u043d\u0438\u0435 \u0413\u041e\u0420\u041c\u041e\u0421\u0422", "file": "research_files/gormost_zaklyuchenie.pdf", "is_active": true, "created": "2019-10-08T05:56:42.751Z", "updated": "2019-10-08T05:56:42.751Z"}}, {"model": "researchapp.filestorage", "pk": 10, "fields": {"alt_desc": "\u0417\u0430\u043a\u043b\u044e\u0447\u0435\u043d\u0438\u0435 \u0413\u041e\u0420\u041c\u041e\u0421\u0422 2014", "file": "research_files/gormost_zaklyuchenie_2014.pdf", "is_active": true, "created": "2019-10-08T05:59:24.226Z", "updated": "2019-10-08T05:59:24.227Z"}}, {"model": "researchapp.filestorage", "pk": 11, "fields": {"alt_desc": "\u0417\u0430\u043a\u043b\u044e\u0447\u0435\u043d\u0438\u0435 \u0418\u041c\u0418\u0414\u0418\u0421 \u043b\u0438\u0442\u043e\u0439 \u0410\u0411", "file": "research_files/chast_1_zaklyuchenie_sdvig_rabberfleks_55_litoj_asfalt.pdf", "is_active": true, "created": "2019-10-08T06:05:12.698Z", "updated": "2019-10-08T06:05:12.698Z"}}, {"model": "researchapp.filestorage", "pk": 12, "fields": {"alt_desc": "\u0417\u0430\u043a\u043b\u044e\u0447\u0435\u043d\u0438\u0435 \u0418\u041c\u0418\u0414\u0418\u0421 \u0443\u043f\u043b\u043e\u0442\u043d\u044f\u0435\u043c\u044b\u0439 \u0410\u0411", "file": "", "is_active": true, "created": "2019-10-08T06:07:08.388Z", "updated": "2019-10-08T06:07:08.388Z"}}, {"model": "researchapp.filestorage", "pk": 13, "fields": {"alt_desc": "\u0410\u043a\u0442 \u043e\u0431\u0441\u043b\u0435\u0434\u043e\u0432\u0430\u043d\u0438\u044f 1 \u0433\u043e\u0434\u0430 \u044d\u043a\u0441\u043f\u043b\u0443\u0430\u0442\u0430\u0446\u0438\u0438", "file": "research_files/akt_obsledovaniya_posle_1_goda.pdf", "is_active": true, "created": "2019-10-08T06:12:11.542Z", "updated": "2019-10-08T06:12:11.542Z"}}, {"model": "researchapp.filestorage", "pk": 14, "fields": {"alt_desc": "\u041d\u0430\u0443\u0447\u043d\u043e-\u0438\u0441\u0441\u043b\u0435\u0434\u043e\u0432\u0430\u0442\u0435\u043b\u044c\u0441\u043a\u0430\u044f \u0440\u0430\u0431\u043e\u0442\u0430 \u041c\u0410\u0422\u0410\u041a\u0420\u0418\u041b", "file": "research_files/matacryl_cover_trying_nits_most.pdf", "is_active": true, "created": "2019-10-08T06:18:50.872Z", "updated": "2019-10-08T06:18:50.872Z"}}, {"model": "researchapp.filestorage", "pk": 15, "fields": {"alt_desc": "\u0413\u041e\u0421\u0422 \u0420 53627-2009", "file": "research_files/matacryl_cover_gost_53627_2009.pdf", "is_active": true, "created": "2019-10-08T06:29:14.669Z", "updated": "2019-10-08T06:29:14.669Z"}}, {"model": "researchapp.filestorage", "pk": 16, "fields": {"alt_desc": "\u043e\u0442\u0437\u044b\u0432 \u0410\u0440\u043a\u0441", "file": "research_files/arks.pdf", "is_active": true, "created": "2019-10-08T12:10:48.806Z", "updated": "2019-10-08T12:10:48.806Z"}}, {"model": "researchapp.filestorage", "pk": 17, "fields": {"alt_desc": "\u043e\u0442\u0437\u044b\u0432 \u041c\u0418\u0421\u041a", "file": "research_files/misk.pdf", "is_active": true, "created": "2019-10-08T12:32:13.921Z", "updated": "2019-10-08T12:32:13.921Z"}}, {"model": "researchapp.filestorage", "pk": 18, "fields": {"alt_desc": "\u043e\u0442\u0437\u044b\u0432 \u041a\u043e\u043b\u044c\u0446\u0435\u0432\u0430\u044f \u041c\u0430\u0433\u0438\u0441\u0442\u0440\u0430\u043b\u044c", "file": "research_files/kolcevaya.pdf", "is_active": true, "created": "2019-10-08T12:36:40.902Z", "updated": "2019-10-08T12:36:40.902Z"}}, {"model": "researchapp.filestorage", "pk": 19, "fields": {"alt_desc": "\u043e\u0442\u0437\u044b\u0432 \u041f\u0435\u043b\u0438\u0441\u043a\u0435\u0440", "file": "research_files/pelisker.pdf", "is_active": true, "created": "2019-10-08T12:38:29.794Z", "updated": "2019-10-08T12:38:29.794Z"}}, {"model": "researchapp.filestorage", "pk": 20, "fields": {"alt_desc": "\u043e\u0442\u0437\u044b\u0432 \u0410\u041d\u0422 \u042f\u041f\u042b", "file": "research_files/ant_yapy.pdf", "is_active": true, "created": "2019-10-08T12:40:51.076Z", "updated": "2019-10-08T12:40:51.076Z"}}, {"model": "researchapp.filestorage", "pk": 21, "fields": {"alt_desc": "\u043e\u0442\u0437\u044b\u0432 \u0421\u0422\u041c \u0426\u0435\u043d\u0442\u0440", "file": "research_files/stm_center.pdf", "is_active": true, "created": "2019-10-08T12:42:50.886Z", "updated": "2019-10-08T12:42:50.886Z"}}, {"model": "researchapp.filestorage", "pk": 22, "fields": {"alt_desc": "\u043e\u0442\u0437\u044b\u0432 \u0423\u0440\u0435\u043d\u0433\u043e\u0439\u0434\u043e\u0440\u0441\u0442\u0440\u043e\u0439", "file": "research_files/urengoidorstroy.pdf", "is_active": true, "created": "2019-10-08T12:44:58.318Z", "updated": "2019-10-08T12:44:58.318Z"}}, {"model": "researchapp.filestorage", "pk": 23, "fields": {"alt_desc": "\u043e\u0442\u0437\u044b\u0432 \u041f\u0440\u0438\u0442\u043e\u043a-\u043c\u043e\u0441\u0442", "file": "research_files/pritok.pdf", "is_active": true, "created": "2019-10-08T12:46:11.224Z", "updated": "2019-10-08T12:46:11.224Z"}}, {"model": "researchapp.filestorage", "pk": 24, "fields": {"alt_desc": "\u043e\u0442\u0437\u044b\u0432 \u041c\u043e\u0441\u0442\u043e\u0432\u0438\u043a", "file": "research_files/mostovik.pdf", "is_active": true, "created": "2019-10-08T12:47:53.159Z", "updated": "2019-10-08T12:47:53.159Z"}}, {"model": "researchapp.filestorage", "pk": 25, "fields": {"alt_desc": "\u043e\u0442\u0437\u044b\u0432 \u0424\u041a\u0423 \u041c\u043e\u0441\u043a\u0432\u0430-\u0425\u0430\u0440\u044c\u043a\u043e\u0432", "file": "research_files/kharkov.pdf", "is_active": true, "created": "2019-10-08T12:49:48.298Z", "updated": "2019-10-08T12:49:48.298Z"}}, {"model": "researchapp.documentcategory", "pk": 1, "fields": {"name": "\u0420\u0435\u0433\u043b\u0430\u043c\u0435\u043d\u0442", "comment": "\u0418\u043d\u0441\u0442\u0440\u0443\u043a\u0446\u0438\u0438, \u0442\u0435\u0445\u043d\u043e\u043b\u043e\u0433\u0438\u0447\u0435\u0441\u043a\u0438\u0435 \u0440\u0435\u0433\u043b\u0430\u043c\u0435\u043d\u0442\u044b"}}, {"model": "researchapp.documentcategory", "pk": 2, "fields": {"name": "\u0417\u0430\u043a\u043b\u044e\u0447\u0435\u043d\u0438\u0435", "comment": ""}}, {"model": "researchapp.documentcategory", "pk": 3, "fields": {"name": "\u041d\u0430\u0443\u0447\u043d\u043e-\u0438\u0441\u0441\u043b\u0435\u0434\u043e\u0432\u0430\u0442\u0435\u043b\u044c\u0441\u043a\u0430\u044f \u0440\u0430\u0431\u043e\u0442\u0430", "comment": ""}}, {"model": "researchapp.documentcategory", "pk": 4, "fields": {"name": "\u041e\u0442\u0437\u044b\u0432", "comment": ""}}, {"model": "authapp.users", "pk": 1, "fields": {"password": "pbkdf2_sha256$150000$RqiGAeQQLw2k$2mhqq348wUZ/Jy4XvO6dYRgew8O9IwUFYMjl8PCWXPk=", "last_login": "2019-10-19T05:57:53.287Z", "is_superuser": true, "email": "ipsharaev@gmail.com", "is_staff": true, "is_active": true, "date_joined": "2019-10-09T11:46:30.630Z", "username": "bridges", "first_name": "\u0415\u0432\u0433\u0435\u043d\u0438\u0439", "last_name": "\u0428\u0430\u0440\u0430\u0435\u0432", "patronymic": null, "gender": null, "birthday": "1980-10-08", "phone": "+7(925)028-79-88", "groups": [], "user_permissions": []}}, {"model": "authapp.users", "pk": 2, "fields": {"password": "", "last_login": null, "is_superuser": false, "email": "", "is_staff": true, "is_active": true, "date_joined": "2019-10-12T15:04:33.766Z", "username": "khokhlov", "first_name": "\u0421\u0435\u0440\u0433\u0435\u0439", "last_name": "\u0425\u043e\u0445\u043b\u043e\u0432", "patronymic": "\u0412\u0438\u043a\u0442\u043e\u0440\u043e\u0432\u0438\u0447", "gender": "male", "birthday": "1987-04-04", "phone": "+7(123)456-78-90", "groups": [], "user_permissions": []}}, {"model": "authapp.users", "pk": 3, "fields": {"password": "", "last_login": null, "is_superuser": false, "email": "", "is_staff": false, "is_active": true, "date_joined": "2019-10-12T19:36:16.355Z", "username": "master", "first_name": "\u0415\u0432\u0433\u0435\u043d\u0438\u0439", "last_name": "\u0428\u0430\u0440\u0430\u0435\u0432", "patronymic": "\u0412\u0430\u043b\u0435\u0440\u0438\u0435\u0432\u0438\u0447", "gender": "male", "birthday": null, "phone": "+79851438799", "groups": [], "user_permissions": []}}, {"model": "authapp.users", "pk": 4, "fields": {"password": "", "last_login": null, "is_superuser": false, "email": "", "is_staff": false, "is_active": true, "date_joined": "2019-10-12T19:37:25.914Z", "username": "padovan", "first_name": "\u0410\u043d\u0434\u0440\u0435\u0439", "last_name": "\u0424\u0435\u0434\u043e\u0440\u043e\u0432", "patronymic": "\u0410\u043d\u0434\u0440\u0435\u0435\u0432\u0438\u0447", "gender": "male", "birthday": null, "phone": "+7(909)665-24-32", "groups": [], "user_permissions": []}}, {"model": "authapp.users", "pk": 5, "fields": {"password": "", "last_login": null, "is_superuser": false, "email": "", "is_staff": false, "is_active": true, "date_joined": "2019-10-17T07:57:22.842Z", "username": "sotrydnik1", "first_name": "\u041a\u0441\u0435\u043d\u043e\u0444\u043e\u043d\u0442", "last_name": "\u0415\u0440\u043c\u0435\u043d\u0433\u0435\u043b\u0435\u0435\u0432", "patronymic": null, "gender": null, "birthday": null, "phone": "+7(957)844-65-65", "groups": [], "user_permissions": []}}, {"model": "authapp.users", "pk": 6, "fields": {"password": "pbkdf2_sha256$150000$0hXuj0XHcXrt$fBOtqf3OBEKuctwVzLWy0/rsK7gbAjrcgd607oSMRG8=", "last_login": "2019-10-17T20:26:10.543Z", "is_superuser": false, "email": "afs-we_w@yandex.ru", "is_staff": false, "is_active": true, "date_joined": "2019-10-17T08:51:49.368Z", "username": "sotrudnik2", "first_name": "\u0421\u0442\u0440\u0430\u0444\u0438\u043b\u0430\u043d\u0442\u0438\u0439", "last_name": "\u0424\u0443\u043d\u0444\u044b\u0440\u0438\u043a", "patronymic": "\u0418\u043d\u043e\u043a\u0435\u043d\u0442\u044c\u0435\u0432\u0438\u0447", "gender": null, "birthday": null, "phone": "+7(789)454-65-46", "groups": [], "user_permissions": []}}, {"model": "authapp.companyusers", "pk": 1, "fields": {"company": 5, "user": 2, "position": "\u0420\u0443\u043a\u043e\u0432\u043e\u0434\u0438\u0442\u0435\u043b\u044c \u043d\u0430\u043f\u0440\u0430\u0432\u043b\u0435\u043d\u0438\u044f", "works": true}}, {"model": "authapp.companyusers", "pk": 2, "fields": {"company": 5, "user": 3, "position": "\u0420\u0443\u043a\u043e\u0432\u043e\u0434\u0438\u0442\u0435\u043b\u044c \u043f\u0440\u043e\u0435\u043a\u0442\u043e\u0432", "works": true}}, {"model": "authapp.companyusers", "pk": 3, "fields": {"company": 5, "user": 4, "position": "\u0417\u0430\u043c\u0435\u0441\u0442\u0438\u0442\u0435\u043b\u044c \u0440\u0443\u043a\u043e\u0432\u043e\u0434\u0438\u0442\u0435\u043b\u044f \u043d\u0430\u043f\u0440\u0430\u0432\u043b\u0435\u043d\u0438\u044f", "works": true}}, {"model": "authapp.companyusers", "pk": 4, "fields": {"company": 6, "user": 4, "position": "\u0417\u0430\u043c\u0435\u0441\u0442\u0438\u0442\u0435\u043b\u044c \u0440\u0443\u043a\u043e\u0432\u043e\u0434\u0438\u0442\u0435\u043b\u044f \u043d\u0430\u043f\u0440\u0430\u0432\u043b\u0435\u043d\u0438\u044f", "works": null}}, {"model": "authapp.companyusers", "pk": 5, "fields": {"company": 26, "user": 5, "position": "\u0413\u043b\u0430\u0432\u043d\u044b\u0439 \u043f\u043e \u043a\u0440\u0443\u0436\u043a\u0430\u043c", "works": false}}, {"model": "authapp.companyusers", "pk": 8, "fields": {"company": 2, "user": 1, "position": "\u0413\u0435\u043d\u0434\u0438\u0440\u0435\u043a\u0442\u043e\u0440", "works": true}}, {"model": "authapp.companyusers", "pk": 13, "fields": {"company": 6, "user": 1, "position": "\u041c\u0435\u043d\u0435\u0434\u0436\u0435\u0440", "works": true}}, {"model": "authapp.companyusers", "pk": 14, "fields": {"company": 18, "user": 4, "position": "\u0413\u0435\u043d\u0434\u0438\u0440\u0435\u0445\u0442\u043e\u0440", "works": false}}, {"model": "authapp.companyusers", "pk": 15, "fields": {"company": 34, "user": 1, "position": "\u0413\u0435\u043d\u0434\u0438\u0440\u0435\u0445\u0442\u043e\u0440", "works": false}}, {"model": "authapp.companyusers", "pk": 16, "fields": {"company": 12, "user": 2, "position": "\u0417\u0430\u043c\u0435\u0441\u0442\u0438\u0442\u0435\u043b\u044c \u0440\u0443\u043a\u043e\u0432\u043e\u0434\u0438\u0442\u0435\u043b\u044f \u043d\u0430\u043f\u0440\u0430\u0432\u043b\u0435\u043d\u0438\u044f", "works": true}}, {"model": "authapp.companyusers", "pk": 17, "fields": {"company": 34, "user": 6, "position": "\u0417\u0430\u043c\u0435\u0441\u0442\u0438\u0442\u0435\u043b\u044c \u0433\u0435\u043d\u0434\u0438\u0440\u0435\u0445\u0442\u043e\u0440\u0430", "works": true}}, {"model": "authapp.companyusers", "pk": 20, "fields": {"company": 35, "user": 4, "position": "\u041c\u0435\u043d\u0435\u0434\u0436\u0435\u0440", "works": null}}, {"model": "authapp.companyusers", "pk": 21, "fields": {"company": 3, "user": 1, "position": "\u041c\u0435\u043d\u0435\u0434\u0436\u0435\u0440", "works": true}}, {"model": "authapp.companyusers", "pk": 22, "fields": {"company": 32, "user": 5, "position": "\u0417\u0430\u043c\u0435\u0441\u0442\u0438\u0442\u0435\u043b\u044c \u0440\u0443\u043a\u043e\u0432\u043e\u0434\u0438\u0442\u0435\u043b\u044f \u043d\u0430\u043f\u0440\u0430\u0432\u043b\u0435\u043d\u0438\u044f", "works": true}}, {"model": "admin.logentry", "pk": 1, "fields": {"action_time": "2019-10-17T07:57:22.851Z", "user": 1, "content_type": 27, "object_id": "5", "object_repr": "\u041a\u0441\u0435\u043d\u043e\u0444\u043e\u043d\u0442 \u0415\u0440\u043c\u0435\u043d\u0433\u0435\u043b\u0435\u0435\u0432", "action_flag": 1, "change_message": "[{\"added\": {}}]"}}, {"model": "admin.logentry", "pk": 2, "fields": {"action_time": "2019-10-17T08:51:49.377Z", "user": 1, "content_type": 27, "object_id": "6", "object_repr": "\u0421\u0442\u0440\u0430\u0444\u0438\u043b\u0430\u043d\u0442\u0438\u0439 \u0424\u0443\u043d\u0444\u044b\u0440\u0438\u043a", "action_flag": 1, "change_message": "[{\"added\": {}}]"}}, {"model": "admin.logentry", "pk": 3, "fields": {"action_time": "2019-10-17T08:53:39.701Z", "user": 1, "content_type": 27, "object_id": "6", "object_repr": "\u0421\u0442\u0440\u0430\u0444\u0438\u043b\u0430\u043d\u0442\u0438\u0439 \u0418\u043d\u043e\u043a\u0435\u043d\u0442\u044c\u0435\u0432\u0438\u0447 \u0424\u0443\u043d\u0444\u044b\u0440\u0438\u043a", "action_flag": 2, "change_message": "[{\"changed\": {\"fields\": [\"patronymic\"]}}]"}}, {"model": "admin.logentry", "pk": 4, "fields": {"action_time": "2019-10-17T10:25:35.571Z", "user": 1, "content_type": 27, "object_id": "1", "object_repr": "Evgeny Sharaev", "action_flag": 2, "change_message": "[{\"changed\": {\"fields\": [\"birthday\"]}}]"}}, {"model": "admin.logentry", "pk": 5, "fields": {"action_time": "2019-10-17T12:39:18.989Z", "user": 1, "content_type": 27, "object_id": "4", "object_repr": "\u0410\u043d\u0434\u0440\u0435\u0439 \u0410\u043d\u0434\u0440\u0435\u0435\u0432\u0438\u0447 \u0424\u0435\u0434\u043e\u0440\u043e\u0432", "action_flag": 2, "change_message": "[{\"changed\": {\"name\": \"\\u041a\\u043e\\u043c\\u043f\\u0430\\u043d\\u0438\\u044f - \\u0440\\u0430\\u0431\\u043e\\u0442\\u043e\\u0434\\u0430\\u0442\\u0435\\u043b\\u044c\", \"object\": \"CompanyUsers object (4)\", \"fields\": [\"position\"]}}]"}}, {"model": "admin.logentry", "pk": 6, "fields": {"action_time": "2019-10-17T18:35:31.547Z", "user": 1, "content_type": 27, "object_id": "1", "object_repr": "Evgeny Sharaev", "action_flag": 2, "change_message": "[{\"changed\": {\"fields\": [\"last_name\"]}}]"}}, {"model": "admin.logentry", "pk": 7, "fields": {"action_time": "2019-10-17T19:35:10.871Z", "user": 1, "content_type": 27, "object_id": "7", "object_repr": "\u0418\u0432\u0430\u043d \u0418\u0432\u0430\u043d\u043e\u0432", "action_flag": 2, "change_message": "[{\"changed\": {\"fields\": [\"first_name\", \"last_name\", \"is_active\"]}}]"}}, {"model": "admin.logentry", "pk": 8, "fields": {"action_time": "2019-10-17T19:38:04.561Z", "user": 1, "content_type": 27, "object_id": "7", "object_repr": "\u0418\u0432\u0430\u043d \u0418\u0432\u0430\u043d\u043e\u0432", "action_flag": 2, "change_message": "[{\"changed\": {\"fields\": [\"password\"]}}]"}}, {"model": "admin.logentry", "pk": 9, "fields": {"action_time": "2019-10-17T19:39:00.081Z", "user": 1, "content_type": 27, "object_id": "7", "object_repr": "\u0418\u0432\u0430\u043d \u0418\u0432\u0430\u043d\u043e\u0432", "action_flag": 3, "change_message": ""}}, {"model": "admin.logentry", "pk": 10, "fields": {"action_time": "2019-10-17T19:46:11.701Z", "user": 1, "content_type": 27, "object_id": "8", "object_repr": " ", "action_flag": 3, "change_message": ""}}, {"model": "admin.logentry", "pk": 11, "fields": {"action_time": "2019-10-17T19:47:19.202Z", "user": 1, "content_type": 27, "object_id": "6", "object_repr": "\u0421\u0442\u0440\u0430\u0444\u0438\u043b\u0430\u043d\u0442\u0438\u0439 \u0418\u043d\u043e\u043a\u0435\u043d\u0442\u044c\u0435\u0432\u0438\u0447 \u0424\u0443\u043d\u0444\u044b\u0440\u0438\u043a", "action_flag": 2, "change_message": "[{\"changed\": {\"fields\": [\"password\"]}}]"}}, {"model": "admin.logentry", "pk": 12, "fields": {"action_time": "2019-10-17T20:14:04.984Z", "user": 1, "content_type": 27, "object_id": "6", "object_repr": "\u0421\u0442\u0440\u0430\u0444\u0438\u043b\u0430\u043d\u0442\u0438\u0439 \u0418\u043d\u043e\u043a\u0435\u043d\u0442\u044c\u0435\u0432\u0438\u0447 \u0424\u0443\u043d\u0444\u044b\u0440\u0438\u043a", "action_flag": 2, "change_message": "[{\"changed\": {\"fields\": [\"email\"]}}]"}}, {"model": "admin.logentry", "pk": 13, "fields": {"action_time": "2019-10-18T06:52:07.905Z", "user": 1, "content_type": 27, "object_id": "1", "object_repr": "\u0415\u0432\u0433\u0435\u043d\u0438\u0439 \u0428\u0430\u0440\u0430\u0435\u0432", "action_flag": 2, "change_message": "[{\"changed\": {\"name\": \"\\u041a\\u043e\\u043c\\u043f\\u0430\\u043d\\u0438\\u044f - \\u0440\\u0430\\u0431\\u043e\\u0442\\u043e\\u0434\\u0430\\u0442\\u0435\\u043b\\u044c\", \"object\": \"CompanyUsers object (8)\", \"fields\": [\"works\"]}}]"}}, {"model": "admin.logentry", "pk": 14, "fields": {"action_time": "2019-10-18T18:56:32.720Z", "user": 1, "content_type": 21, "object_id": "1", "object_repr": "\u041a\u0430\u0442\u0435\u0433\u043e\u0440\u0438\u044f \u0443\u0441\u043b\u0443\u0433", "action_flag": 1, "change_message": "[{\"added\": {}}]"}}, {"model": "admin.logentry", "pk": 15, "fields": {"action_time": "2019-10-18T18:56:37.848Z", "user": 1, "content_type": 22, "object_id": "1", "object_repr": "\u0423\u0441\u043b\u0443\u0433\u0430 1", "action_flag": 1, "change_message": "[{\"added\": {}}]"}}, {"model": "admin.logentry", "pk": 16, "fields": {"action_time": "2019-10-18T19:47:56.010Z", "user": 1, "content_type": 22, "object_id": "2", "object_repr": "\u0423\u0441\u043b\u0443\u0433\u0430 2", "action_flag": 1, "change_message": "[{\"added\": {}}]"}}, {"model": "admin.logentry", "pk": 17, "fields": {"action_time": "2019-10-18T19:48:14.317Z", "user": 1, "content_type": 22, "object_id": "3", "object_repr": "\u0423\u0441\u043b\u0443\u0433\u0430 3", "action_flag": 1, "change_message": "[{\"added\": {}}]"}}, {"model": "admin.logentry", "pk": 18, "fields": {"action_time": "2019-10-18T19:48:20.411Z", "user": 1, "content_type": 22, "object_id": "4", "object_repr": "\u0423\u0441\u043b\u0443\u0433\u0430 4", "action_flag": 1, "change_message": "[{\"added\": {}}]"}}, {"model": "admin.logentry", "pk": 19, "fields": {"action_time": "2019-10-18T19:48:26.086Z", "user": 1, "content_type": 22, "object_id": "5", "object_repr": "\u0423\u0441\u043b\u0443\u0433\u0430 5", "action_flag": 1, "change_message": "[{\"added\": {}}]"}}, {"model": "admin.logentry", "pk": 20, "fields": {"action_time": "2019-10-18T19:48:30.912Z", "user": 1, "content_type": 22, "object_id": "6", "object_repr": "\u0423\u0441\u043b\u0443\u0433\u0430 6", "action_flag": 1, "change_message": "[{\"added\": {}}]"}}, {"model": "admin.logentry", "pk": 21, "fields": {"action_time": "2019-10-19T06:26:46.741Z", "user": 1, "content_type": 9, "object_id": "2", "object_repr": "\u0417\u0430\u0449\u0438\u0442\u043d\u043e\u0435 \u043f\u043e\u043b\u0438\u043c\u0435\u0440\u043d\u043e\u0435 \u043f\u043e\u043a\u0440\u044b\u0442\u0438\u0435", "action_flag": 2, "change_message": "[{\"added\": {\"name\": \"technical solutions has service\", \"object\": \"TechnicalSolutionsHasService object (1)\"}}]"}}, {"model": "admin.logentry", "pk": 22, "fields": {"action_time": "2019-10-19T06:27:01.088Z", "user": 1, "content_type": 9, "object_id": "2", "object_repr": "\u0417\u0430\u0449\u0438\u0442\u043d\u043e\u0435 \u043f\u043e\u043b\u0438\u043c\u0435\u0440\u043d\u043e\u0435 \u043f\u043e\u043a\u0440\u044b\u0442\u0438\u0435", "action_flag": 2, "change_message": "[{\"added\": {\"name\": \"technical solutions has service\", \"object\": \"TechnicalSolutionsHasService object (2)\"}}]"}}, {"model": "projectsapp.projectmanagers", "pk": 14, "fields": {"project": 19, "role": "\u0432\u043b\u0430\u0434\u0435\u043b\u0435\u0446", "manager": 2, "description": "", "is_active": true, "created": "2019-10-12T18:06:22.499Z", "updated": "2019-10-12T18:06:22.499Z"}}, {"model": "projectsapp.projectmanagers", "pk": 15, "fields": {"project": 19, "role": "\u043a\u043e\u043c\u043c\u0435\u0440\u0441\u0430\u043d\u0442", "manager": 3, "description": "", "is_active": true, "created": "2019-10-12T19:37:31.486Z", "updated": "2019-10-12T19:37:31.486Z"}}, {"model": "projectsapp.projectmanagers", "pk": 17, "fields": {"project": 19, "role": "\u043f\u0440\u043e\u0435\u043a\u0442\u0438\u0440\u043e\u0432\u0449\u0438\u043a", "manager": 5, "description": "", "is_active": true, "created": "2019-10-17T10:50:05.676Z", "updated": "2019-10-17T10:50:05.676Z"}}, {"model": "projectsapp.projectmanagers", "pk": 18, "fields": {"project": 14, "role": "\u043f\u0440\u043e\u0435\u043a\u0442\u0438\u0440\u043e\u0432\u0449\u0438\u043a", "manager": 4, "description": "", "is_active": true, "created": "2019-10-17T16:15:17.402Z", "updated": "2019-10-17T16:15:17.402Z"}}, {"model": "projectsapp.projectmanagers", "pk": 19, "fields": {"project": 19, "role": "\u0437\u0430\u043a\u0430\u0437\u0447\u0438\u043a", "manager": 4, "description": "", "is_active": true, "created": "2019-10-17T16:23:30.747Z", "updated": "2019-10-17T16:23:30.747Z"}}, {"model": "projectsapp.projectmanagers", "pk": 22, "fields": {"project": 21, "role": "\u043f\u0440\u043e\u0435\u043a\u0442\u0438\u0440\u043e\u0432\u0449\u0438\u043a", "manager": 1, "description": "", "is_active": true, "created": "2019-10-18T08:13:48.778Z", "updated": "2019-10-18T08:13:48.778Z"}}, {"model": "researchapp.document", "pk": 2, "fields": {"name": "\u042d\u043a\u0441\u043f\u0435\u0440\u0442\u043d\u043e\u0435 \u0437\u0430\u043a\u043b\u044e\u0447\u0435\u043d\u0438\u0435 \u043f\u043e \u0433\u0438\u0434\u0440\u043e\u0438\u0437\u043e\u043b\u044f\u0446\u0438\u0438 \u043c\u043e\u0441\u0442\u043e\u0432\u043e\u0433\u043e \u043f\u043e\u043b\u043e\u0442\u043d\u0430", "description": "\u042d\u043a\u0441\u043f\u0435\u0440\u0442\u043d\u043e\u0435 \u0437\u0430\u043a\u043b\u044e\u0447\u0435\u043d\u0438\u0435 \u0440\u0430\u0437\u0440\u0430\u0431\u043e\u0442\u0430\u043d\u043e \u043d\u0430 \u043e\u0441\u043d\u043e\u0432\u0435 \u0430\u043d\u0430\u043b\u0438\u0437\u0430 \u0440\u0435\u0437\u0443\u043b\u044c\u0442\u0430\u0442\u043e\u0432 \u0438\u0441\u043f\u044b\u0442\u0430\u043d\u0438\u0439, \u043f\u0440\u043e\u0432\u0435\u0434\u0435\u043d\u043d\u044b\u0445 \u0440\u0430\u043d\u0435\u0435 \u0432 \u041e\u0410\u041e \u0426\u041d\u0418\u0418\u0421, \u0418\u0426 \u0412\u041d\u0418\u0418\u0413\u0421, \u041c\u0413\u0421\u0423, \u041d\u0418\u0418 \u0421\u0435\u0439\u0441\u043c\u0421\u0442\u0440\u043e\u0438\u0442\u0435\u043b\u044c\u0441\u0442\u0432\u0430, \u0430 \u0442\u0430\u043a\u0436\u0435 \u0442\u0435\u0445\u043d\u0438\u0447\u0435\u0441\u043a\u043e\u0439 \u0434\u043e\u043a\u0443\u043c\u0435\u043d\u0442\u0430\u0446\u0438\u0438, \u043f\u0440\u0435\u0434\u043e\u0441\u0442\u0430\u0432\u043b\u0435\u043d\u043d\u043e\u0439 \u043a\u043e\u0440\u043f\u043e\u0440\u0430\u0446\u0438\u0435\u0439 \u0422\u0435\u043c\u043f\u0421\u0442\u0440\u043e\u0439\u0421\u0438\u0441\u0442\u0435\u043c\u0430", "type": 2, "date": "2019-10-04T11:25:32.731Z", "created": "2019-10-04T11:25:32.731Z", "updated": "2019-10-10T05:46:19.795Z", "subject": [2, 3, 4, 5, 6, 7, 9, 12, 13, 14], "company": [1], "author": [], "techsol": [1], "file": [3]}}, {"model": "researchapp.document", "pk": 3, "fields": {"name": "\u0421\u0422\u041e 57955084.001-2014", "description": "\u041f\u0440\u0438\u043c\u0435\u043d\u0435\u043d\u0438\u0435 \u0433\u0438\u0434\u0440\u043e\u0438\u0437\u043e\u043b\u044f\u0446\u0438\u043e\u043d\u043d\u043e\u0439 \u0441\u0438\u0441\u0442\u0435\u043c\u044b \"\u0420\u0430\u0431\u0431\u0435\u0440\u0444\u043b\u0435\u043a\u0441-55\" \u0432 \u043a\u043e\u043d\u0441\u0442\u0440\u0443\u043a\u0446\u0438\u044f\u0445 \u0434\u043e\u0440\u043e\u0436\u043d\u044b\u0445 \u043e\u0434\u0435\u0436\u0434 \u043c\u043e\u0441\u0442\u043e\u0432\u044b\u0445 \u0441\u043e\u043e\u0440\u0443\u0436\u0435\u043d\u0438\u0439, \u0433. \u041c\u043e\u0441\u043a\u0432\u0430  2014", "type": 1, "date": "2019-10-05T07:58:35.370Z", "created": "2019-10-05T07:58:35.370Z", "updated": "2019-10-10T05:46:00.166Z", "subject": [], "company": [5], "author": [], "techsol": [1], "file": [2]}}, {"model": "researchapp.document", "pk": 4, "fields": {"name": "\u0422\u0435\u0445\u043d\u043e\u043b\u043e\u0433\u0438\u0447\u0435\u0441\u043a\u0438\u0439 \u0440\u0435\u0433\u043b\u0430\u043c\u0435\u043d\u0442", "description": "\u0423\u0441\u0442\u0440\u043e\u0439\u0441\u0442\u0432\u043e \u0433\u0438\u0434\u0440\u043e\u0438\u0437\u043e\u043b\u044f\u0446\u0438\u0438 \u0442\u043e\u043d\u043d\u0435\u043b\u0435\u0439, \u0430 \u0442\u0430\u043a\u0436\u0435 \u043f\u043e\u0434\u0437\u0435\u043c\u043d\u044b\u0445 \u043a\u043e\u043d\u0441\u0442\u0440\u0443\u043a\u0446\u0438\u0439 (\u0440\u043e\u0441\u0442\u0432\u0435\u0440\u043a\u043e\u0432, \u0444\u0443\u043d\u0434\u0430\u043c\u0435\u043d\u0442\u043e\u0432, \u043f\u043e\u0434\u043f\u043e\u0440\u043d\u044b\u0445 \u0441\u0442\u0435\u043d, \u043e\u043f\u043e\u0440 \u0438 \u043f\u0440.) \u0433\u0438\u0434\u0440\u043e\u0438\u0437\u043e\u043b\u044f\u0446\u0438\u043e\u043d\u043d\u043e\u0439 \u0441\u0438\u0441\u0442\u0435\u043c\u043e\u0439 \"\u0420\u0430\u0431\u0431\u0435\u0440\u0444\u043b\u0435\u043a\u0441-55\"", "type": 1, "date": "2019-10-05T08:03:32.668Z", "created": "2019-10-05T08:03:32.668Z", "updated": "2019-10-10T05:45:41.843Z", "subject": [], "company": [5], "author": [], "techsol": [4], "file": [1]}}, {"model": "researchapp.document", "pk": 5, "fields": {"name": "\u041d\u0430\u0443\u0447\u043d\u043e-\u0438\u0441\u0441\u043b\u0435\u0434\u043e\u0432\u0430\u0442\u0435\u043b\u044c\u0441\u043a\u0430\u044f \u0440\u0430\u0431\u043e\u0442\u0430 \u043f\u043e \u0433\u0438\u0434\u0440\u043e\u0438\u0437\u043e\u043b\u044f\u0446\u0438\u0438 \u043c\u043e\u0441\u0442\u043e\u0432\u043e\u0433\u043e \u043f\u043e\u043b\u043e\u0442\u043d\u0430", "description": "\u041d\u0430\u0443\u0447\u043d\u043e-\u0438\u0441\u0441\u043b\u0435\u0434\u043e\u0432\u0430\u0442\u0435\u043b\u044c\u0441\u043a\u0430\u044f \u0440\u0430\u0431\u043e\u0442\u0430 \u043f\u043e \u0432\u044b\u043f\u043e\u043b\u043d\u0435\u043d\u0438\u044e \u0438\u0441\u043f\u044b\u0442\u0430\u043d\u0438\u0439 \u043e\u0434\u043d\u043e\u043a\u043e\u043c\u043f\u043e\u043d\u0435\u043d\u0442\u043d\u043e\u0439 \u043f\u043e\u043b\u0438\u0443\u0440\u0435\u0442\u0430\u043d\u043e\u0432\u043e\u0439 \u043c\u0430\u0441\u0442\u0438\u043a\u0438 \"\u0420\u0430\u0431\u0431\u0435\u0440\u0444\u043b\u0435\u043a\u0441-55\" \u0441 \u0446\u0435\u043b\u044c\u044e \u0438\u0441\u043f\u043e\u043b\u044c\u0437\u043e\u0432\u0430\u043d\u0438\u044f \u0435\u0435 \u0432 \u043a\u0430\u0447\u0435\u0441\u0442\u0432\u0435 \u0433\u0438\u0434\u0440\u043e\u0438\u0437\u043e\u043b\u044f\u0446\u0438\u0438 \u043c\u043e\u0441\u0442\u043e\u0432\u043e\u0433\u043e \u043f\u043e\u043b\u043e\u0442\u043d\u0430 \u0418\u0421-2002-753-04", "type": 3, "date": "2019-10-05T08:12:19.517Z", "created": "2019-10-05T08:12:19.517Z", "updated": "2019-10-10T05:45:31.418Z", "subject": [1, 2, 3, 4, 5, 6, 7, 8, 9, 10, 11], "company": [1], "author": [], "techsol": [1], "file": [4]}}, {"model": "researchapp.document", "pk": 6, "fields": {"name": "\u0418\u0441\u043f\u044b\u0442\u0430\u043d\u0438\u044f \u0433\u0438\u0434\u0440\u043e\u0438\u0437\u043e\u043b\u044f\u0446\u0438\u0438 \u043d\u0430 \u043c\u043e\u0440\u043e\u0437\u043e\u0441\u0442\u043e\u0439\u043a\u043e\u0441\u0442\u044c", "description": "\u041f\u0440\u043e\u0442\u043e\u043a\u043e\u043b \u0438\u0441\u043f\u044b\u0442\u0430\u043d\u0438\u0439 \u043d\u0430 \u043c\u043e\u0440\u043e\u0437\u043e\u0441\u0442\u043e\u0439\u043a\u043e\u0441\u0442\u044c, \u0430\u043a\u0442 \u0438\u0441\u043f\u044b\u0442\u0430\u043d\u0438\u0439 \u211611-04, \u041e\u0410\u041e \u0426\u041d\u0418\u0418\u0421, \u0433. \u041c\u043e\u0441\u043a\u0432\u0430, 2009", "type": 3, "date": "2019-10-08T05:38:07.669Z", "created": "2019-10-08T05:38:07.669Z", "updated": "2019-10-10T05:45:13.772Z", "subject": [5], "company": [1], "author": [], "techsol": [1, 4, 6], "file": [5]}}, {"model": "researchapp.document", "pk": 7, "fields": {"name": "\u0418\u0441\u043f\u044b\u0442\u0430\u043d\u0438\u044f \u043d\u0430 \u0442\u0435\u043f\u043b\u043e\u0441\u0442\u043e\u0439\u043a\u043e\u0441\u0442\u044c", "description": "\u0418\u0441\u043f\u044b\u0442\u0430\u043d\u0438\u044f \u043d\u0430 \u0442\u0435\u043f\u043b\u043e\u0441\u0442\u043e\u0439\u043a\u043e\u0441\u0442\u044c \u0433\u0438\u0434\u0440\u043e\u0438\u0437\u043e\u043b\u044f\u0446\u0438\u043e\u043d\u043d\u043e\u0439 \u043c\u0435\u043c\u0431\u0440\u0430\u043d\u044b \u0420\u0430\u0431\u0431\u0435\u0440\u0444\u043b\u0435\u043a\u0441-55 (\u043f\u043e\u0434 \u0432\u043e\u0437\u0434\u0435\u0439\u0441\u0442\u0432\u0438\u0435\u043c \u043b\u0438\u0442\u043e\u0433\u043e \u0430\u0441\u0444\u0430\u043b\u044c\u0442\u043e\u0431\u0435\u0442\u043e\u043d\u0430)", "type": 3, "date": "2019-10-08T05:43:03.917Z", "created": "2019-10-08T05:43:03.918Z", "updated": "2019-10-10T05:44:56.830Z", "subject": [6, 9], "company": [18], "author": [], "techsol": [1, 6], "file": [6]}}, {"model": "researchapp.document", "pk": 8, "fields": {"name": "\u0418\u0441\u043f\u044b\u0442\u0430\u043d\u0438\u044f \u0430\u0434\u0433\u0435\u0437\u0438\u0438", "description": "\u041e\u0434\u043d\u043e\u043a\u043e\u043c\u043f\u043e\u043d\u0435\u043d\u0442\u043d\u0430\u044f \u043f\u043e\u043b\u0438\u0443\u0440\u0435\u0442\u0430\u043d\u043e\u0432\u0430\u044f \u043c\u0430\u0441\u0442\u0438\u043a\u0430 \"\u0420\u0430\u0431\u0431\u0435\u0440\u0444\u043b\u0435\u043a\u0441-55\", \u043f\u0440\u0438\u043c\u0435\u043d\u044f\u0435\u043c\u0430\u044f \u0434\u043b\u044f \u0433\u0438\u0434\u0440\u043e\u0438\u0437\u043e\u043b\u044f\u0446\u0438\u0438 \u043c\u043e\u0441\u0442\u043e\u0432\u043e\u0433\u043e \u043f\u043e\u043b\u043e\u0442\u043d\u0430 \u043d\u0430 \u043e\u0431\u044a\u0435\u043a\u0442\u0435 \"\u041c\u043e\u0441\u0442 \u0447\u0435\u0440\u0435\u0437 \u0440\u0435\u043a\u0443 \u041b\u043e\u043a\u043d\u044b\u0448 \u043d\u0430 8,5 \u043a\u043c \u0434\u043e\u0440\u043e\u0433\u0438 \u0428\u0435\u0441\u0442\u0430\u043a\u043e\u0432\u043e-\u0423\u0441\u043f\u0435\u043d\u044c\u0435 \u0443 \u0434. \u041a\u0430\u043b\u043b\u0435\u0435\u0432\u043e\"", "type": 2, "date": "2019-10-08T05:49:00.498Z", "created": "2019-10-08T05:49:00.498Z", "updated": "2019-10-10T05:44:45.952Z", "subject": [9], "company": [7], "author": [], "techsol": [1], "file": [7]}}, {"model": "researchapp.document", "pk": 9, "fields": {"name": "\u0417\u0430\u043a\u043b\u044e\u0447\u0435\u043d\u0438\u0435 \u0421\u041e\u042e\u0417\u0414\u041e\u0420\u041d\u0418\u0418", "description": "\u0417\u0430\u043a\u043b\u044e\u0447\u0435\u043d\u0438\u0435 \u0421\u041e\u042e\u0417\u0414\u041e\u0420\u041d\u0418\u0418 \u043e \u0432\u043e\u0437\u043c\u043e\u0436\u043d\u043e\u0441\u0442\u0438 \u043f\u0440\u0438\u043c\u0435\u043d\u0435\u043d\u0438\u044f \u043f\u043e\u043b\u0438\u0443\u0440\u0435\u0442\u0430\u043d\u043e\u0432\u043e\u0439 \u043c\u0430\u0441\u0442\u0438\u043a\u0438 \u00ab\u0420\u0430\u0431\u0431\u0435\u0440\u0444\u043b\u0435\u043a\u0441 - 55\u00bb, \u0433. \u041c\u043e\u0441\u043a\u0432\u0430, 2004", "type": 2, "date": "2019-10-08T05:53:28.333Z", "created": "2019-10-08T05:53:28.333Z", "updated": "2019-10-10T05:44:38.140Z", "subject": [], "company": [4], "author": [], "techsol": [1, 4, 6], "file": [8]}}, {"model": "researchapp.document", "pk": 10, "fields": {"name": "\u0417\u0430\u043a\u043b\u044e\u0447\u0435\u043d\u0438\u0435 \u0413\u041e\u0420\u041c\u041e\u0421\u0422 2007", "description": "\u041f\u043e \u0432\u043e\u043f\u0440\u043e\u0441\u0443 \u043f\u0440\u0438\u043c\u0435\u043d\u0435\u043d\u0438\u044f \u043f\u043e\u043b\u0438\u043c\u0435\u0440\u043d\u044b\u0445 \u043f\u043e\u043a\u0440\u044b\u0442\u0438\u0439 \u043d\u0430 \u043e\u0441\u043d\u043e\u0432\u0435 \u043f\u043e\u043b\u0438\u043c\u0435\u0442\u0438\u043b\u043c\u0435\u0442\u0430\u043a\u0440\u0438\u043b\u0430\u0442\u043d\u044b\u0445 (\u041f\u041c\u041c\u0410) \u0441\u043c\u043e\u043b, \u0433. \u041c\u043e\u0441\u043a\u0432\u0430, 2007", "type": 2, "date": "2019-10-08T05:56:44.916Z", "created": "2019-10-08T05:56:44.916Z", "updated": "2019-10-10T05:44:24.919Z", "subject": [], "company": [2], "author": [], "techsol": [2, 5], "file": [9]}}, {"model": "researchapp.document", "pk": 11, "fields": {"name": "\u0417\u0430\u043a\u043b\u044e\u0447\u0435\u043d\u0438\u0435 \u0413\u041e\u0420\u041c\u041e\u0421\u0422 2014", "description": "\u041f\u043e \u0432\u043e\u043f\u0440\u043e\u0441\u0443 \u043f\u0440\u0438\u043c\u0435\u043d\u0435\u043d\u0438\u044f \u0433\u0438\u0434\u0440\u043e\u0438\u0437\u043e\u043b\u044f\u0446\u0438\u0438 \u0420\u0430\u0431\u0431\u0435\u0440\u0444\u043b\u0435\u043a\u0441-55, \u0433. \u041c\u043e\u0441\u043a\u0432\u0430, 2014", "type": 2, "date": "2019-10-08T05:59:34.509Z", "created": "2019-10-08T05:59:34.509Z", "updated": "2019-10-10T05:44:14.274Z", "subject": [], "company": [2], "author": [], "techsol": [1, 4, 6], "file": [10]}}, {"model": "researchapp.document", "pk": 12, "fields": {"name": "\u0418\u0441\u043f\u044b\u0442\u0430\u043d\u0438\u044f \u0441\u0434\u0432\u0438\u0433\u043e\u0432\u043e\u0439 \u043d\u0430\u0433\u0440\u0443\u0437\u043a\u0438 \u0441 \u043b\u0438\u0442\u044b\u043c\u0438 \u0410\u0411 \u0441\u043c\u0435\u0441\u044f\u043c\u0438", "description": "\u0426\u0435\u043b\u044c \u0440\u0430\u0431\u043e\u0442\u044b \u2013 \u044d\u043a\u0441\u043f\u0435\u0440\u0438\u043c\u0435\u043d\u0442\u0430\u043b\u044c\u043d\u043e\u0435 \u043e\u043f\u0440\u0435\u0434\u0435\u043b\u0435\u043d\u0438\u0435 \u043d\u0435\u0441\u0443\u0449\u0435\u0439 \u0441\u043f\u043e\u0441\u043e\u0431\u043d\u043e\u0441\u0442\u0438 \u043d\u0430 \u0441\u0434\u0432\u0438\u0433 \u043a\u043e\u043d\u0442\u0430\u043a\u0442\u0430 \u0433\u0438\u0434\u0440\u043e\u0438\u0437\u043e\u043b\u044f\u0446\u0438\u0438 \u0441 \u0431\u0435\u0442\u043e\u043d\u043d\u044b\u043c \u0438 \u043c\u0435\u0442\u0430\u043b\u043b\u0438\u0447\u0435\u0441\u043a\u0438\u043c \u043e\u0441\u043d\u043e\u0432\u0430\u043d\u0438\u0435\u043c, \u0430 \u0442\u0430\u043a\u0436\u0435 \u043b\u0438\u0442\u044b\u043c \u0430\u0441\u0444\u0430\u043b\u044c\u0442\u043e\u043c \u0441 \u043e\u0446\u0435\u043d\u043a\u043e\u0439 \u0441\u043e\u043e\u0442\u0432\u0435\u0442\u0441\u0442\u0432\u0438\u044f \u044d\u043a\u0441\u043f\u0435\u0440\u0438\u043c\u0435\u043d\u0442\u0430\u043b\u044c\u043d\u044b\u0445 \u0437\u043d\u0430\u0447\u0435\u043d\u0438\u0439 \u043d\u0430\u043f\u0440\u044f\u0436\u0435\u043d\u0438\u0439 \u043d\u043e\u0440\u043c\u0430\u0442\u0438\u0432\u043d\u044b\u043c \u043f\u043e\u043a\u0430\u0437\u0430\u0442\u0435\u043b\u044f\u043c. \u0420\u0430\u0431\u043e\u0442\u0430 \u0432\u044b\u043f\u043e\u043b\u043d\u0435\u043d\u0430 \u0417\u0410\u041e \u00ab\u0418\u043d\u0441\u0442\u0438\u0442\u0443\u0442 \u00ab\u0418\u041c\u0418\u0414\u0418\u0421\u00bb \u043f\u043e \u0434\u043e\u0433\u043e\u0432\u043e\u0440\u0443 \u2116 45-2015 \u043e\u0442 25.06.2015\u0433.", "type": 2, "date": "2019-10-08T06:05:15.017Z", "created": "2019-10-08T06:05:15.017Z", "updated": "2019-10-10T05:43:56.939Z", "subject": [8], "company": [3], "author": [], "techsol": [1], "file": [11]}}, {"model": "researchapp.document", "pk": 13, "fields": {"name": "\u0418\u0441\u043f\u044b\u0442\u0430\u043d\u0438\u044f \u0441\u0434\u0432\u0438\u0433\u043e\u0432\u043e\u0439 \u043d\u0430\u0433\u0440\u0443\u0437\u043a\u0438 \u0441 \u0443\u043f\u043b\u043e\u0442\u043d\u044f\u0435\u043c\u044b\u043c \u0410\u0411", "description": "\u0426\u0435\u043b\u044c \u0440\u0430\u0431\u043e\u0442\u044b \u2013 \u044d\u043a\u0441\u043f\u0435\u0440\u0438\u043c\u0435\u043d\u0442\u0430\u043b\u044c\u043d\u043e\u0435 \u043e\u043f\u0440\u0435\u0434\u0435\u043b\u0435\u043d\u0438\u0435 \u043d\u0435\u0441\u0443\u0449\u0435\u0439 \u0441\u043f\u043e\u0441\u043e\u0431\u043d\u043e\u0441\u0442\u0438 \u043d\u0430 \u0441\u0434\u0432\u0438\u0433 \u043a\u043e\u043d\u0442\u0430\u043a\u0442\u0430 \u0433\u0438\u0434\u0440\u043e\u0438\u0437\u043e\u043b\u044f\u0446\u0438\u0438 \u0441 \u0431\u0435\u0442\u043e\u043d\u043d\u044b\u043c \u0438 \u043c\u0435\u0442\u0430\u043b\u043b\u0438\u0447\u0435\u0441\u043a\u0438\u043c \u043e\u0441\u043d\u043e\u0432\u0430\u043d\u0438\u0435\u043c, \u0430 \u0442\u0430\u043a\u0436\u0435 \u043b\u0438\u0442\u044b\u043c \u0430\u0441\u0444\u0430\u043b\u044c\u0442\u043e\u043c \u0441 \u043e\u0446\u0435\u043d\u043a\u043e\u0439 \u0441\u043e\u043e\u0442\u0432\u0435\u0442\u0441\u0442\u0432\u0438\u044f \u044d\u043a\u0441\u043f\u0435\u0440\u0438\u043c\u0435\u043d\u0442\u0430\u043b\u044c\u043d\u044b\u0445 \u0437\u043d\u0430\u0447\u0435\u043d\u0438\u0439 \u043d\u0430\u043f\u0440\u044f\u0436\u0435\u043d\u0438\u0439 \u043d\u043e\u0440\u043c\u0430\u0442\u0438\u0432\u043d\u044b\u043c \u043f\u043e\u043a\u0430\u0437\u0430\u0442\u0435\u043b\u044f\u043c. \u0420\u0430\u0431\u043e\u0442\u0430 \u0432\u044b\u043f\u043e\u043b\u043d\u0435\u043d\u0430 \u0417\u0410\u041e \u00ab\u0418\u043d\u0441\u0442\u0438\u0442\u0443\u0442 \u00ab\u0418\u041c\u0418\u0414\u0418\u0421\u00bb \u043f\u043e \u0434\u043e\u0433\u043e\u0432\u043e\u0440\u0443 \u2116 45-2015 \u043e\u0442 25.06.2015\u0433.", "type": 3, "date": "2019-10-08T06:07:10.710Z", "created": "2019-10-08T06:07:10.710Z", "updated": "2019-10-10T05:43:45.912Z", "subject": [8], "company": [3], "author": [], "techsol": [1], "file": [12]}}, {"model": "researchapp.document", "pk": 14, "fields": {"name": "\u0410\u043a\u0442 \u043e\u0431\u0441\u043b\u0435\u0434\u043e\u0432\u0430\u043d\u0438\u044f", "description": "\u043e\u0431\u0441\u043b\u0435\u0434\u043e\u0432\u0430\u043d\u0438\u044f \u0436\u0435\u043b\u0435\u0437\u043e\u0431\u0435\u0442\u043e\u043d\u043d\u043e\u0433\u043e \u0430\u0432\u0442\u043e\u0434\u043e\u0440\u043e\u0436\u043d\u043e\u0433\u043e \u043c\u043e\u0441\u0442\u0430 \u0447\u0435\u0440\u0435\u0437 \u0440. \u041b\u043e\u043a\u043d\u0430\u0448 \u0443 \u0434. \u041a\u0430\u043b\u0435\u0435\u0432\u043e \u0441 \u043c\u0430\u0441\u0442\u0438\u0447\u043d\u043e\u0439 \u0433\u0438\u0434\u0440\u043e\u0438\u0437\u043e\u043b\u044f\u0446\u0438\u0435\u0439 \u00ab\u0420\u0430\u0431\u0431\u0435\u0440\u0444\u043b\u0435\u043a\u0441-55\u00bb \u043d\u0430 \u043f\u043e\u043b\u0438\u0443\u0440\u0435\u0442\u0430\u043d\u043e\u0432\u043e\u0439 \u043e\u0441\u043d\u043e\u0432\u0435", "type": 2, "date": "2019-10-08T06:12:13.011Z", "created": "2019-10-08T06:12:13.011Z", "updated": "2019-10-10T05:43:23.686Z", "subject": [], "company": [20], "author": [], "techsol": [1], "file": [13]}}, {"model": "researchapp.document", "pk": 15, "fields": {"name": "\u0418\u0441\u0441\u043b\u0435\u0434\u043e\u0432\u0430\u043d\u0438\u0435 \u0442\u043e\u043d\u043a\u043e\u0441\u043b\u043e\u0439\u043d\u043e\u0433\u043e \u043f\u043e\u043a\u0440\u044b\u0442\u0438\u044f", "description": "\u041e\u0431\u044a\u0435\u043a\u0442\u043e\u043c \u0438\u0441\u0441\u043b\u0435\u0434\u043e\u0432\u0430\u043d\u0438\u044f \u044f\u0432\u043b\u044f\u0435\u0442\u0441\u044f \u0441\u0438\u0441\u0442\u0435\u043c\u0430 \u0442\u043e\u043d\u043a\u043e\u0441\u043b\u043e\u0439\u043d\u043e\u0433\u043e \u043f\u043e\u043b\u0438\u043c\u0435\u0440\u043d\u043e\u0433\u043e \u043f\u043e\u043a\u0440\u044b\u0442\u0438\u044f \u043d\u0430 \u043e\u0441\u043d\u043e\u0432\u0435 \u043f\u043e\u043b\u0438\u043c\u0435\u0442\u0438\u043b\u043c\u0435\u0442\u0430\u043a\u0440\u0438\u043b\u0430\u0442\u0430 (\u041f\u041c\u041c\u0410) \u0441 \u0446\u0435\u043b\u044c\u044e \u0438\u0441\u043f\u043e\u043b\u044c\u0437\u043e\u0432\u0430\u043d\u0438\u044f \u0435\u0435 \u0434\u043b\u044f \u043c\u043e\u0441\u0442\u043e\u0432\u043e\u0433\u043e \u043f\u043e\u043b\u043e\u0442\u043d\u0430 \u043f\u043e \u043c\u0435\u0442\u0430\u043b\u043b\u0438\u0447\u0435\u0441\u043a\u043e\u0439 \u043e\u0440\u0442\u043e\u0442\u0440\u043e\u043f\u043d\u043e\u0439 \u043f\u043b\u0438\u0442\u0435. \u0423\u043a\u0430\u0437\u0430\u043d\u043d\u0430\u044f \u0441\u0438\u0441\u0442\u0435\u043c\u0430 \u043f\u043e\u043b\u0438\u043c\u0435\u0440\u043d\u043e\u0433\u043e \u043f\u043e\u043a\u0440\u044b\u0442\u0438\u044f \u043f\u0440\u0435\u0434\u043b\u043e\u0436\u0435\u043d\u0430 \u043a\u043e\u0440\u043f\u043e\u0440\u0430\u0446\u0438\u0435\u0439 \u00ab\u0422\u0435\u043c\u043f\u0421\u0442\u0440\u043e\u0439\u0421\u0438\u0441\u0442\u0435\u043c\u0430\u00bb \u043d\u0430 \u0431\u0430\u0437\u0435 \u043c\u0430\u0442\u0435\u0440\u0438\u0430\u043b\u043e\u0432 \u0411\u0435\u043b\u044c\u0433\u0438\u0439\u0441\u043a\u043e\u0439 \u0444\u0438\u0440\u043c\u044b RPM.", "type": 3, "date": "2019-10-08T06:19:26.407Z", "created": "2019-10-08T06:19:26.407Z", "updated": "2019-10-10T05:41:57.858Z", "subject": [1, 7, 8, 9, 11, 15, 16, 17, 18], "company": [1], "author": [], "techsol": [2, 5], "file": [14]}}, {"model": "researchapp.document", "pk": 16, "fields": {"name": "\u0413\u041e\u0421\u0422 \u0420 53627-2009", "description": "\u041f\u043e\u043a\u0440\u044b\u0442\u0438\u0435 \u043f\u043e\u043b\u0438\u043c\u0435\u0440\u043d\u043e\u0435 \u0442\u043e\u043d\u043a\u043e\u0441\u043b\u043e\u0439\u043d\u043e\u0435 \u043f\u0440\u043e\u0435\u0437\u0436\u0435\u0439 \u0447\u0430\u0441\u0442\u0438 \u043c\u043e\u0441\u0442\u043e\u0432", "type": 3, "date": "2019-10-08T06:29:16.426Z", "created": "2019-10-08T06:29:16.426Z", "updated": "2019-10-10T05:41:47.256Z", "subject": [], "company": [1], "author": [], "techsol": [2, 5], "file": [15]}}, {"model": "researchapp.document", "pk": 17, "fields": {"name": "\u041e\u0442\u0437\u044b\u0432 \u0410\u0440\u043a\u0441", "description": "\u043e\u0442\u0437\u044b\u0432 \u041e\u041e\u041e \u0418\u0424\u0421\u041a \u0410\u0420\u041a\u0421", "type": 4, "date": "2019-10-08T12:10:50.827Z", "created": "2019-10-08T12:10:50.827Z", "updated": "2019-10-10T05:41:35.039Z", "subject": [], "company": [9], "author": [], "techsol": [1], "file": [16]}}, {"model": "researchapp.document", "pk": 18, "fields": {"name": "\u043e\u0442\u0437\u044b\u0432 \u041c\u0418\u0421\u041a", "description": "", "type": 4, "date": "2019-10-08T12:32:16.481Z", "created": "2019-10-08T12:32:16.481Z", "updated": "2019-10-10T05:41:23.549Z", "subject": [], "company": [14], "author": [], "techsol": [1], "file": [17]}}, {"model": "researchapp.document", "pk": 19, "fields": {"name": "\u043e\u0442\u0437\u044b\u0432 \u041a\u043e\u043b\u044c\u0446\u0435\u0432\u0430\u044f \u041c\u0430\u0433\u0438\u0441\u0442\u0440\u0430\u043b\u044c", "description": "", "type": 4, "date": "2019-10-08T12:36:42.344Z", "created": "2019-10-08T12:36:42.344Z", "updated": "2019-10-10T05:41:14.485Z", "subject": [], "company": [15], "author": [], "techsol": [1], "file": [18]}}, {"model": "researchapp.document", "pk": 20, "fields": {"name": "\u043e\u0442\u0437\u044b\u0432 \u041f\u0435\u043b\u0438\u0441\u043a\u0435\u0440", "description": "", "type": 4, "date": "2019-10-08T12:38:31.216Z", "created": "2019-10-08T12:38:31.216Z", "updated": "2019-10-10T05:41:04.834Z", "subject": [], "company": [11], "author": [], "techsol": [1], "file": [19]}}, {"model": "researchapp.document", "pk": 21, "fields": {"name": "\u043e\u0442\u0437\u044b\u0432 \u0410\u041d\u0422 \u042f\u041f\u042b", "description": "", "type": 4, "date": "2019-10-08T12:40:52.400Z", "created": "2019-10-08T12:40:52.400Z", "updated": "2019-10-10T05:40:53.562Z", "subject": [], "company": [12], "author": [], "techsol": [1], "file": [20]}}, {"model": "researchapp.document", "pk": 22, "fields": {"name": "\u043e\u0442\u0437\u044b\u0432 \u0421\u0422\u041c \u0426\u0435\u043d\u0442\u0440", "description": "", "type": 4, "date": "2019-10-08T12:42:52.426Z", "created": "2019-10-08T12:42:52.426Z", "updated": "2019-10-10T05:40:43.707Z", "subject": [], "company": [19], "author": [], "techsol": [1], "file": [21]}}, {"model": "researchapp.document", "pk": 23, "fields": {"name": "\u043e\u0442\u0437\u044b\u0432 \u0423\u0440\u0435\u043d\u0433\u043e\u0439\u0434\u043e\u0440\u0441\u0442\u0440\u043e\u0439", "description": "", "type": 4, "date": "2019-10-08T12:44:59.579Z", "created": "2019-10-08T12:44:59.579Z", "updated": "2019-10-10T05:40:33.736Z", "subject": [], "company": [17], "author": [], "techsol": [1], "file": [22]}}, {"model": "researchapp.document", "pk": 24, "fields": {"name": "\u043e\u0442\u0437\u044b\u0432 \u041f\u0440\u0438\u0442\u043e\u043a-\u043c\u043e\u0441\u0442", "description": "", "type": 4, "date": "2019-10-08T12:46:12.944Z", "created": "2019-10-08T12:46:12.944Z", "updated": "2019-10-10T05:40:22.050Z", "subject": [], "company": [16], "author": [], "techsol": [1], "file": [23]}}, {"model": "researchapp.document", "pk": 25, "fields": {"name": "\u043e\u0442\u0437\u044b\u0432 \u041c\u043e\u0441\u0442\u043e\u0432\u0438\u043a", "description": "", "type": 4, "date": "2019-10-08T12:47:54.938Z", "created": "2019-10-08T12:47:54.938Z", "updated": "2019-10-10T05:40:01.148Z", "subject": [], "company": [8], "author": [], "techsol": [1], "file": [24]}}, {"model": "researchapp.document", "pk": 26, "fields": {"name": "\u043e\u0442\u0437\u044b\u0432 \u0424\u041a\u0423 \u041c\u043e\u0441\u043a\u0432\u0430-\u0425\u0430\u0440\u044c\u043a\u043e\u0432", "description": "", "type": 4, "date": "2019-10-08T12:49:50.059Z", "created": "2019-10-08T12:49:50.059Z", "updated": "2019-10-10T05:39:45.187Z", "subject": [], "company": [13], "author": [], "techsol": [1], "file": [25]}}]