[{"model": "authapp.categorycompany", "pk": 1, "fields": {"name": "\u043f\u0440\u043e\u0435\u043a\u0442\u0438\u0440\u043e\u0432\u0449\u0438\u043a", "description": null}}, {"model": "authapp.categorycompany", "pk": 2, "fields": {"name": "\u043f\u043e\u0434\u0440\u044f\u0434\u0447\u0438\u043a", "description": null}}, {"model": "authapp.categorycompany", "pk": 3, "fields": {"name": "\u0437\u0430\u043a\u0430\u0437\u0447\u0438\u043a", "description": null}}, {"model": "authapp.categorycompany", "pk": 4, "fields": {"name": "\u043f\u043e\u0441\u0442\u0430\u0432\u0449\u0438\u043a", "description": null}}, {"model": "authapp.categorycompany", "pk": 5, "fields": {"name": "\u043f\u0440\u043e\u0438\u0437\u0432\u043e\u0434\u0438\u0442\u0435\u043b\u044c", "description": null}}, {"model": "authapp.categorycompany", "pk": 6, "fields": {"name": "\u043d\u0430\u0443\u0447\u043d\u043e-\u0438\u0441\u0441\u043b\u0435\u0434\u043e\u0432\u0430\u0442\u0435\u043b\u044c\u0441\u043a\u0438\u0439 \u0438\u043d\u0441\u0442\u0438\u0442\u0443\u0442", "description": null}}, {"model": "authapp.formcompany", "pk": 1, "fields": {"name": "\u041e\u041e\u041e", "description": null}}, {"model": "authapp.formcompany", "pk": 2, "fields": {"name": "\u0410\u041e", "description": null}}, {"model": "authapp.formcompany", "pk": 3, "fields": {"name": "\u0417\u0410\u041e", "description": null}}, {"model": "authapp.formcompany", "pk": 4, "fields": {"name": "\u0413\u0411\u0423", "description": null}}, {"model": "authapp.formcompany", "pk": 5, "fields": {"name": "\u041e\u0410\u041e", "description": null}}, {"model": "authapp.formcompany", "pk": 6, "fields": {"name": "\u0424\u0413\u0423\u041f", "description": null}}, {"model": "authapp.formcompany", "pk": 7, "fields": {"name": "\u0424\u041a\u0423", "description": null}}, {"model": "authapp.formcompany", "pk": 8, "fields": {"name": "\u0413\u041a\u0423", "description": null}}, {"model": "authapp.formcompany", "pk": 9, "fields": {"name": "\u0413\u041a", "description": null}}, {"model": "authapp.formcompany", "pk": 10, "fields": {"name": "\u041d\u0418\u0423", "description": null}}, {"model": "authapp.company", "pk": 1, "fields": {"name": "\u0426\u041d\u0418\u0418\u0421", "short": "\u0426\u041d\u0418\u0418\u0421", "form": 5, "category": 6, "logo": "logo_company/tsniis.png", "inn": 7720005291, "city": "\u041c\u043e\u0441\u043a\u0432\u0430", "address": null, "phone": null, "email": null}}, {"model": "authapp.company", "pk": 2, "fields": {"name": "\u0413\u043e\u0440\u043c\u043e\u0441\u0442", "short": "\u0413\u043e\u0440\u043c\u043e\u0441\u0442", "form": 4, "category": 3, "logo": "logo_company/gormost.png", "inn": 7722765428, "city": "\u041c\u043e\u0441\u043a\u0432\u0430", "address": null, "phone": null, "email": null}}, {"model": "authapp.company", "pk": 3, "fields": {"name": "\u0418\u041c\u0418\u0414\u0418\u0421", "short": "\u0418\u041c\u0418\u0414\u0418\u0421", "form": 1, "category": 6, "logo": "logo_company/imidis.jpg", "inn": 7716831513, "city": "\u041c\u043e\u0441\u043a\u0432\u0430", "address": null, "phone": null, "email": null}}, {"model": "authapp.company", "pk": 4, "fields": {"name": "\u0421\u043e\u044e\u0437\u0434\u043e\u0440\u043d\u0438\u0438", "short": "\u0421\u043e\u044e\u0437\u0434\u043e\u0440\u043d\u0438\u0438", "form": 1, "category": 6, "logo": "logo_company/soyuz_ukgYhaQ.png", "inn": 7733319658, "city": "\u041c\u043e\u0441\u043a\u0432\u0430", "address": null, "phone": null, "email": null}}, {"model": "authapp.company", "pk": 5, "fields": {"name": "\u0422\u0435\u043c\u043f\u0421\u0442\u0440\u043e\u0439\u0421\u0438\u0441\u0442\u0435\u043c\u0430", "short": "\u0422\u0421\u0421", "form": 1, "category": 4, "logo": "", "inn": 7736195320, "city": "\u041c\u043e\u0441\u043a\u0432\u0430", "address": null, "phone": null, "email": null}}, {"model": "authapp.company", "pk": 6, "fields": {"name": "\u0410\u0432\u0442\u043e\u0434\u043e\u0440", "short": "\u0410\u0432\u0442\u043e\u0434\u043e\u0440", "form": 9, "category": 3, "logo": "", "inn": 7717151380, "city": "\u041c\u043e\u0441\u043a\u0432\u0430", "address": null, "phone": null, "email": null}}, {"model": "authapp.company", "pk": 7, "fields": {"name": "\u041c\u0413\u0421\u0423", "short": "\u041c\u0413\u0421\u0423", "form": 10, "category": 6, "logo": "logo_company/Logo-NIU-MGSU-new2017.jpg", "inn": 7716103391, "city": "\u041c\u043e\u0441\u043a\u0432\u0430", "address": null, "phone": null, "email": null}}, {"model": "authapp.company", "pk": 8, "fields": {"name": "\u041c\u043e\u0441\u0442\u043e\u0432\u0438\u043a", "short": "\u041c\u043e\u0441\u0442\u043e\u0432\u0438\u043a", "form": 1, "category": 2, "logo": "", "inn": 1605004838, "city": "\u0410\u043b\u0435\u043a\u0441\u0435\u0435\u0432\u0441\u043a\u043e\u0435", "address": null, "phone": null, "email": null}}, {"model": "authapp.company", "pk": 9, "fields": {"name": "\u0418\u0424\u0421\u041a \u0410\u0440\u043a\u0441", "short": "\u0410\u0440\u043a\u0441", "form": 1, "category": 2, "logo": "", "inn": 7714275324, "city": "\u041c\u043e\u0441\u043a\u0432\u0430", "address": null, "phone": null, "email": null}}, {"model": "authapp.company", "pk": 10, "fields": {"name": "\u041c\u0410\u0414\u0418", "short": "\u041c\u0410\u0414\u0418", "form": 6, "category": 6, "logo": "", "inn": 7714029600, "city": "\u041c\u043e\u0441\u043a\u0432\u0430", "address": null, "phone": null, "email": null}}, {"model": "authapp.company", "pk": 11, "fields": {"name": "\u041f\u0435\u043b\u0438\u0441\u043a\u0435\u0440", "short": "\u041f\u0435\u043b\u0438\u0441\u043a\u0435\u0440", "form": 1, "category": 2, "logo": "", "inn": 7716137136, "city": "\u041c\u043e\u0441\u043a\u0432\u0430", "address": null, "phone": null, "email": null}}, {"model": "authapp.company", "pk": 12, "fields": {"name": "\u0410\u041d\u0422 \u042f\u041f\u042b", "short": "\u0410\u041d\u0422 \u042f\u041f\u042b", "form": 1, "category": 2, "logo": "", "inn": 7709602209, "city": "\u041c\u043e\u0441\u043a\u0432\u0430", "address": null, "phone": null, "email": null}}, {"model": "authapp.company", "pk": 13, "fields": {"name": "\u0423\u043f\u0440\u0434\u043e\u0440 \u041c\u043e\u0441\u043a\u0432\u0430 - \u0425\u0430\u0440\u044c\u043a\u043e\u0432", "short": "\u0423\u043f\u0440\u0434\u043e\u0440 \u041c\u043e\u0441\u043a\u0432\u0430 - \u0425\u0430\u0440\u044c\u043a\u043e\u0432", "form": 7, "category": 3, "logo": "", "inn": 5752000133, "city": "\u041e\u0440\u0435\u043b", "address": null, "phone": null, "email": null}}, {"model": "authapp.company", "pk": 14, "fields": {"name": "\u041c\u0418\u0421\u041a", "short": "\u041c\u0418\u0421\u041a", "form": 2, "category": 2, "logo": "", "inn": 7709857542, "city": "\u041c\u043e\u0441\u043a\u0432\u0430", "address": null, "phone": null, "email": null}}, {"model": "authapp.company", "pk": 15, "fields": {"name": "\u041a\u043e\u043b\u044c\u0446\u0435\u0432\u0430\u044f \u041c\u0430\u0433\u0438\u0441\u0442\u0440\u0430\u043b\u044c", "short": "\u041a\u043e\u043b\u044c\u0446\u0435\u0432\u0430\u044f \u041c\u0430\u0433\u0438\u0441\u0442\u0440\u0430\u043b\u044c", "form": 1, "category": 2, "logo": "", "inn": 5032273017, "city": "\u041c\u043e\u0441\u043a\u0432\u0430", "address": null, "phone": null, "email": null}}, {"model": "authapp.company", "pk": 16, "fields": {"name": "\u041f\u0440\u0438\u0442\u043e\u043a-\u043c\u043e\u0441\u0442", "short": "\u041f\u0440\u0438\u0442\u043e\u043a-\u043c\u043e\u0441\u0442", "form": 1, "category": 2, "logo": "", "inn": 6231051148, "city": "\u041b\u0443\u0445\u043e\u0432\u0438\u0446\u044b", "address": null, "phone": null, "email": null}}, {"model": "authapp.company", "pk": 17, "fields": {"name": "\u0423\u0440\u0435\u043d\u0433\u043e\u0439\u0434\u043e\u0440\u0441\u0442\u0440\u043e\u0439", "short": "\u0423\u0440\u0435\u043d\u0433\u043e\u0439\u0434\u043e\u0440\u0441\u0442\u0440\u043e\u0439", "form": 1, "category": 2, "logo": "", "inn": 8904073529, "city": "\u041d\u043e\u0432\u044b\u0439 \u0423\u0440\u0435\u043d\u0433\u043e\u0439", "address": null, "phone": null, "email": null}}, {"model": "authapp.company", "pk": 18, "fields": {"name": "\u0412\u041d\u0418\u0418\u0413\u0421", "short": "\u0412\u041d\u0418\u0418\u0413\u0421", "form": 1, "category": 6, "logo": "logo_company/vniigs.jpg", "inn": 7811592463, "city": "\u0421\u0430\u043d\u043a\u0442-\u041f\u0435\u0442\u0435\u0440\u0431\u0443\u0440\u0433", "address": null, "phone": null, "email": null}}, {"model": "authapp.company", "pk": 19, "fields": {"name": "\u0421\u0422\u041c \u0426\u0435\u043d\u0442\u0440", "short": "\u0421\u0422\u041c \u0426\u0435\u043d\u0442\u0440", "form": 1, "category": 2, "logo": "", "inn": 7716803058, "city": "\u041c\u043e\u0441\u043a\u0432\u0430", "address": null, "phone": null, "email": null}}, {"model": "authapp.company", "pk": 20, "fields": {"name": "\u041c\u043e\u0441\u0430\u0432\u0442\u043e\u0434\u043e\u0440", "short": "\u041c\u043e\u0441\u0430\u0432\u0442\u043e\u0434\u043e\u0440", "form": 4, "category": 3, "logo": "logo_company/mosavtodor_T6dBQu7.jpeg", "inn": 5000001525, "city": "\u041a\u0440\u0430\u0441\u043d\u043e\u0433\u043e\u0440\u0441\u043a", "address": null, "phone": null, "email": null}}, {"model": "authapp.company", "pk": 21, "fields": {"name": "\u0423\u0414\u041c\u0421", "short": "\u0423\u0414\u041c\u0421", "form": 8, "category": 3, "logo": "", "inn": 7728381587, "city": "\u041c\u043e\u0441\u043a\u0432\u0430", "address": null, "phone": null, "email": null}}, {"model": "authapp.company", "pk": 22, "fields": {"name": "\u0413\u043e\u0440\u041a\u0430\u043f\u0421\u0442\u0440\u043e\u0439", "short": "\u0413\u043e\u0440\u041a\u0430\u043f\u0421\u0442\u0440\u043e\u0439", "form": 1, "category": 1, "logo": "", "inn": 7703619541, "city": "\u041c\u043e\u0441\u043a\u0432\u0430", "address": null, "phone": null, "email": null}}, {"model": "authapp.company", "pk": 23, "fields": {"name": "\u0424\u0438\u0440\u043c\u0430 \u0413\u0415\u0420\u0410", "short": "\u0413\u0415\u0420\u0410", "form": 1, "category": 2, "logo": "", "inn": 7714969940, "city": "\u041c\u043e\u0441\u043a\u0432\u0430", "address": null, "phone": null, "email": null}}, {"model": "authapp.company", "pk": 24, "fields": {"name": "\u041c\u041e\u0418\u0421\u0421", "short": "\u041c\u041e\u0418\u0421\u0421", "form": 1, "category": 2, "logo": "", "inn": 5026115076, "city": "\u041c\u043e\u0441\u043a\u0432\u0430", "address": null, "phone": null, "email": null}}, {"model": "authapp.company", "pk": 25, "fields": {"name": "\u0418\u043d\u0441\u0442\u0438\u0442\u0443\u0442 \u0421\u0442\u0440\u043e\u043f\u0440\u043e\u0435\u043a\u0442", "short": "\u0421\u0442\u0440\u043e\u043f\u0440\u043e\u0435\u043a\u0442", "form": 2, "category": 1, "logo": "", "inn": 7826688390, "city": "\u0421\u0430\u043d\u043a\u0442-\u041f\u0435\u0442\u0435\u0440\u0431\u0443\u0440\u0433", "address": null, "phone": null, "email": null}}, {"model": "authapp.company", "pk": 26, "fields": {"name": "\u041c\u0435\u0442\u0440\u043e\u0422\u0440\u0430\u043d\u0441\u041c\u043e\u0441\u0442", "short": "\u041c\u0435\u0442\u0440\u043e\u0422\u0440\u0430\u043d\u0441\u041c\u043e\u0441\u0442", "form": 1, "category": 1, "logo": "", "inn": 7728866599, "city": "\u041c\u043e\u0441\u043a\u0432\u0430", "address": null, "phone": null, "email": null}}, {"model": "authapp.company", "pk": 27, "fields": {"name": "\u0422\u0412\u0410 \u0413\u0440\u0443\u043f\u043f", "short": "\u0422\u0412\u0410 \u0413\u0440\u0443\u043f\u043f", "form": 1, "category": 2, "logo": "", "inn": 7729730390, "city": "\u041c\u043e\u0441\u043a\u0432\u0430", "address": null, "phone": null, "email": null}}, {"model": "authapp.company", "pk": 28, "fields": {"name": "\u041c\u0421\u0423-1", "short": "\u041c\u0421\u0423-1", "form": 2, "category": 2, "logo": "", "inn": 7745000111, "city": "\u041c\u043e\u0441\u043a\u0432\u0430", "address": null, "phone": null, "email": null}}, {"model": "authapp.company", "pk": 29, "fields": {"name": "\u0418\u043d\u0441\u0442\u0438\u0442\u0443\u0442 \u041f\u0440\u043e\u043c\u043e\u0441", "short": "\u0418\u043d\u0441\u0442\u0438\u0442\u0443\u0442 \u041f\u0440\u043e\u043c\u043e\u0441", "form": 2, "category": 1, "logo": "", "inn": 7728264523, "city": "\u041c\u043e\u0441\u043a\u0432\u0430", "address": null, "phone": null, "email": null}}, {"model": "authapp.company", "pk": 30, "fields": {"name": "\u0413\u041a \u0415\u041a\u0421", "short": "\u0413\u041a \u0415\u041a\u0421", "form": 5, "category": 2, "logo": "", "inn": 5012000639, "city": "\u041c\u043e\u0441\u043a\u043e\u0432\u0441\u043a\u0430\u044f \u043e\u0431\u043b\u0430\u0441\u0442\u044c", "address": null, "phone": null, "email": null}}, {"model": "authapp.company", "pk": 31, "fields": {"name": "\u0421\u0442\u0440\u043e\u0442\u0440\u0430\u043d\u0441\u0433\u0430\u0437", "short": "\u0421\u0442\u0440\u043e\u0442\u0440\u0430\u043d\u0441\u0433\u0430\u0437", "form": 2, "category": 2, "logo": "", "inn": 5700000164, "city": "\u041c\u043e\u0441\u043a\u0432\u0430", "address": null, "phone": null, "email": null}}, {"model": "authapp.company", "pk": 32, "fields": {"name": "\u041c\u0438\u043d\u0442\u0440\u0430\u043d\u0441 \u0420\u044f\u0437\u0430\u043d\u0438", "short": "\u041c\u0438\u043d\u0442\u0440\u0430\u043d\u0441 \u0420\u044f\u0437\u0430\u043d\u0438", "form": 8, "category": 3, "logo": "", "inn": 6234066600, "city": "\u0420\u044f\u0437\u0430\u043d\u044c", "address": null, "phone": null, "email": null}}, {"model": "authapp.company", "pk": 33, "fields": {"name": "\u0410\u043b\u044c\u044f\u043d\u0441\u0414\u043e\u0440\u0421\u0442\u0440\u043e\u0439", "short": "\u0410\u043b\u044c\u044f\u043d\u0441\u0414\u043e\u0440\u0421\u0442\u0440\u043e\u0439", "form": 1, "category": 2, "logo": "", "inn": 6205000250, "city": "\u0420\u044f\u0437\u0430\u043d\u044c", "address": null, "phone": null, "email": null}}, {"model": "authapp.company", "pk": 34, "fields": {"name": "\u0410\u043b\u044c\u044f\u043d\u0441 \u041f\u0440\u043e\u0435\u043a\u0442", "short": "\u0410\u043b\u044c\u044f\u043d\u0441 \u041f\u0440\u043e\u0435\u043a\u0442", "form": 1, "category": 1, "logo": "", "inn": 6230086934, "city": "\u0420\u044f\u0437\u0430\u043d\u044c", "address": null, "phone": null, "email": null}}, {"model": "authapp.company", "pk": 35, "fields": {"name": "\u0414\u0430\u043b\u044c\u043c\u043e\u0441\u0442\u043e\u0441\u0442\u0440\u043e\u0439", "short": "\u0414\u0430\u043b\u044c\u043c\u043e\u0441\u0442\u043e\u0441\u0442\u0440\u043e\u0439", "form": 2, "category": 2, "logo": "", "inn": 2700000144, "city": "\u0425\u0430\u0431\u0430\u0440\u043e\u0432\u0441\u043a", "address": null, "phone": null, "email": null}}, {"model": "contenttypes.contenttype", "pk": 1, "fields": {"app_label": "authapp", "model": "users"}}, {"model": "contenttypes.contenttype", "pk": 2, "fields": {"app_label": "authapp", "model": "categorycompany"}}, {"model": "contenttypes.contenttype", "pk": 3, "fields": {"app_label": "authapp", "model": "company"}}, {"model": "contenttypes.contenttype", "pk": 4, "fields": {"app_label": "authapp", "model": "formcompany"}}, {"model": "contenttypes.contenttype", "pk": 5, "fields": {"app_label": "authapp", "model": "companyusers"}}, {"model": "contenttypes.contenttype", "pk": 6, "fields": {"app_label": "admin", "model": "logentry"}}, {"model": "contenttypes.contenttype", "pk": 7, "fields": {"app_label": "auth", "model": "permission"}}, {"model": "contenttypes.contenttype", "pk": 8, "fields": {"app_label": "auth", "model": "group"}}, {"model": "contenttypes.contenttype", "pk": 9, "fields": {"app_label": "contenttypes", "model": "contenttype"}}, {"model": "contenttypes.contenttype", "pk": 10, "fields": {"app_label": "sessions", "model": "session"}}, {"model": "contenttypes.contenttype", "pk": 11, "fields": {"app_label": "productsapp", "model": "material"}}, {"model": "contenttypes.contenttype", "pk": 12, "fields": {"app_label": "productsapp", "model": "materialcategory"}}, {"model": "contenttypes.contenttype", "pk": 13, "fields": {"app_label": "productsapp", "model": "measuretypes"}}, {"model": "contenttypes.contenttype", "pk": 14, "fields": {"app_label": "productsapp", "model": "technicalsolutions"}}, {"model": "contenttypes.contenttype", "pk": 15, "fields": {"app_label": "productsapp", "model": "work"}}, {"model": "contenttypes.contenttype", "pk": 16, "fields": {"app_label": "productsapp", "model": "workcategory"}}, {"model": "contenttypes.contenttype", "pk": 17, "fields": {"app_label": "productsapp", "model": "workimage"}}, {"model": "contenttypes.contenttype", "pk": 18, "fields": {"app_label": "productsapp", "model": "technicalsolutionsimage"}}, {"model": "contenttypes.contenttype", "pk": 19, "fields": {"app_label": "productsapp", "model": "technicalsolutionshasservice"}}, {"model": "contenttypes.contenttype", "pk": 20, "fields": {"app_label": "productsapp", "model": "productwork"}}, {"model": "contenttypes.contenttype", "pk": 21, "fields": {"app_label": "productsapp", "model": "materialimage"}}, {"model": "contenttypes.contenttype", "pk": 22, "fields": {"app_label": "projectsapp", "model": "project"}}, {"model": "contenttypes.contenttype", "pk": 23, "fields": {"app_label": "projectsapp", "model": "projectmanagers"}}, {"model": "contenttypes.contenttype", "pk": 24, "fields": {"app_label": "projectsapp", "model": "projectimage"}}, {"model": "contenttypes.contenttype", "pk": 25, "fields": {"app_label": "projectsapp", "model": "projecthastechnicalsolutions"}}, {"model": "contenttypes.contenttype", "pk": 26, "fields": {"app_label": "projectsapp", "model": "projectcompany"}}, {"model": "contenttypes.contenttype", "pk": 27, "fields": {"app_label": "contactapp", "model": "contactapplication"}}, {"model": "contenttypes.contenttype", "pk": 28, "fields": {"app_label": "servicesapp", "model": "servicecategory"}}, {"model": "contenttypes.contenttype", "pk": 29, "fields": {"app_label": "servicesapp", "model": "service"}}, {"model": "contenttypes.contenttype", "pk": 30, "fields": {"app_label": "researchapp", "model": "documentcategory"}}, {"model": "contenttypes.contenttype", "pk": 31, "fields": {"app_label": "researchapp", "model": "filestorage"}}, {"model": "contenttypes.contenttype", "pk": 32, "fields": {"app_label": "researchapp", "model": "subjectofstudy"}}, {"model": "contenttypes.contenttype", "pk": 33, "fields": {"app_label": "researchapp", "model": "document"}}, {"model": "contenttypes.contenttype", "pk": 34, "fields": {"app_label": "projectsapp", "model": "projectdiscussitem"}}, {"model": "contenttypes.contenttype", "pk": 35, "fields": {"app_label": "projectsapp", "model": "projectdiscussmember"}}, {"model": "contenttypes.contenttype", "pk": 36, "fields": {"app_label": "ordersapp", "model": "orderitem"}}, {"model": "contenttypes.contenttype", "pk": 37, "fields": {"app_label": "ordersapp", "model": "order"}}, {"model": "sessions.session", "pk": "1205vewhpierkrkrphhzo9rnjvd32j2g", "fields": {"session_data": "ODgzMzg2ZTlkZmI4MTJiMzg5ZGY2YThjZjc0ZGFiYWFiZGFjZTE3Zjp7Il9hdXRoX3VzZXJfaWQiOiIxIiwiX2F1dGhfdXNlcl9iYWNrZW5kIjoiZGphbmdvLmNvbnRyaWIuYXV0aC5iYWNrZW5kcy5Nb2RlbEJhY2tlbmQiLCJfYXV0aF91c2VyX2hhc2giOiJiZjk1YTQyNGU5ZWQyNDJhZGVmNDM1NDA0OWI0MjU0YTAxMzdmYTY2In0=", "expire_date": "2019-11-04T17:05:51.974Z"}}, {"model": "productsapp.measuretypes", "pk": 1, "fields": {"name": "\u041a\u0438\u043b\u043e\u0433\u0440\u0430\u043c\u043c", "shortcut": "\u043a\u0433", "description": "", "created": "2019-10-22T05:24:51.872Z", "updated": "2019-10-22T05:24:51.872Z"}}, {"model": "productsapp.technicalsolutions", "pk": 1, "fields": {"name": "\u0422\u0435\u0445\u043d\u0438\u0447\u0435\u0441\u043a\u043e\u0435 \u0440\u0435\u0448\u0435\u043d\u0438\u0435 1", "slug": "tehnicheskoe-reshenie-1", "measure": 1, "image": "products_images/65.jpg", "alt_desc": "", "short_desc": "", "description": "", "price": "0.00", "created": "2019-10-22T05:25:20.564Z", "updated": "2019-10-22T05:31:15.787Z", "is_active": true}}, {"model": "productsapp.technicalsolutionsimage", "pk": 1, "fields": {"material": 1, "alt_desc": "", "image": "products_images/_65_n3Ut54I.jpg", "is_active": true, "created": "2019-10-22T05:25:20.594Z", "updated": "2019-10-22T05:25:20.594Z"}}, {"model": "productsapp.technicalsolutionshasservice", "pk": 1, "fields": {"technicalsolutions": 1, "service": 1}}, {"model": "projectsapp.project", "pk": 1, "fields": {"name": "\u0411\u0440\u0430\u0442\u0435\u0435\u0432\u0441\u043a\u0438\u0439 \u043c\u043e\u0441\u0442", "slug": "brateevskij-most", "description": "", "image": "projects_images/bratislavskiy_most_01.png", "status": "\u0437\u0430\u0432\u0435\u0440\u0448\u0435\u043d", "creation_date": "2019-10-03T08:01:09.069Z", "updated": "2019-10-11T15:07:02.781Z", "city": "\u041c\u043e\u0441\u043a\u0432\u0430", "address": null, "coordinate": "55.640484, 37.747734", "map_mark": "brateevskij_most", "text_for_map": "", "is_active": false}}, {"model": "projectsapp.project", "pk": 2, "fields": {"name": "\u0410\u0432\u0442\u043e\u0437\u0430\u0432\u043e\u0434\u0441\u043a\u0438\u0439 \u043c\u043e\u0441\u0442", "slug": "avtozavodskij-most", "description": "", "image": "projects_images/2017_rubberflex_55_avtozavodskiy_most_1.jpg", "status": "\u0437\u0430\u0432\u0435\u0440\u0448\u0435\u043d", "creation_date": "2019-10-03T09:15:42.451Z", "updated": "2019-10-11T15:07:02.781Z", "city": "\u041c\u043e\u0441\u043a\u0432\u0430", "address": null, "coordinate": "55.705329, 37.628328", "map_mark": "avtozavodskij_most", "text_for_map": "", "is_active": false}}, {"model": "projectsapp.project", "pk": 3, "fields": {"name": "\u041d\u0430\u0433\u0430\u0442\u0438\u043d\u0441\u043a\u0438\u0439 \u043c\u043e\u0441\u0442", "slug": "nagatinskij-most", "description": "", "image": "projects_images/2016_nagatinsky_most_1.jpg", "status": "\u0437\u0430\u0432\u0435\u0440\u0448\u0435\u043d", "creation_date": "2019-10-03T09:17:11.441Z", "updated": "2019-10-11T15:07:02.781Z", "city": "\u041c\u043e\u0441\u043a\u0432\u0430", "address": null, "coordinate": "55.686403, 37.665366", "map_mark": "nagatinskij_most", "text_for_map": "\u041d\u0430\u0433\u0430\u0442\u0438\u043d\u0441\u043a\u0438\u0439 \u043c\u043e\u0441\u0442", "is_active": false}}, {"model": "projectsapp.project", "pk": 4, "fields": {"name": "\u041c\u043e\u0441\u0442 \u0447/\u0437 \u0440. \u0414\u0435\u0441\u043d\u0430", "slug": "most-chz-r-desna", "description": "", "image": "projects_images/2017_rubberflex_tskad_reka_desna_0_7_TJFgXiL.jpg", "status": "\u0437\u0430\u0432\u0435\u0440\u0448\u0435\u043d", "creation_date": "2019-10-03T09:19:56.047Z", "updated": "2019-10-11T15:07:02.781Z", "city": "\u041c\u043e\u0441\u043a\u043e\u0432\u0441\u043a\u0430\u044f \u043e\u0431\u043b\u0430\u0441\u0442\u044c", "address": null, "coordinate": "55.545187, 36.987684", "map_mark": "most_chz_r_desna", "text_for_map": "", "is_active": false}}, {"model": "projectsapp.project", "pk": 5, "fields": {"name": "\u041c\u043e\u0441\u0442 \u0447/\u0437 \u0440. \u041e\u043a\u0430", "slug": "most-chz-r-oka", "description": "", "image": "projects_images/most_cherez_reku_oka_ryazan_06.png", "status": "\u0437\u0430\u0432\u0435\u0440\u0448\u0435\u043d", "creation_date": "2019-10-03T09:22:27.190Z", "updated": "2019-10-11T15:07:02.781Z", "city": "\u0420\u044f\u0437\u0430\u043d\u044c", "address": null, "coordinate": "54.653218, 39.805796", "map_mark": "most_chz_r_oka", "text_for_map": "", "is_active": false}}, {"model": "projectsapp.project", "pk": 6, "fields": {"name": "\u041c\u043e\u0441\u0442 \u0447/\u0437 \u0440. \u041a\u0430\u043c\u0447\u0430\u0442\u043a\u0430", "slug": "most-chz-r-kamchatka", "description": "", "image": "projects_images/maracryl_most_kamchatca_16.jpg", "status": "\u0437\u0430\u0432\u0435\u0440\u0448\u0435\u043d", "creation_date": "2019-10-03T09:24:23.748Z", "updated": "2019-10-11T15:07:02.781Z", "city": "\u041f\u0435\u0442\u0440\u043e\u043f\u0430\u0432\u043b\u043e\u0432\u0441\u043a-\u041a\u0430\u043c\u0447\u0430\u0442\u0441\u043a\u0438\u0439", "address": null, "coordinate": "55.923144, 159.678884", "map_mark": "most_chz_r_kamchatka", "text_for_map": "", "is_active": false}}, {"model": "projectsapp.project", "pk": 7, "fields": {"name": "\u042d\u0441\u0442\u0430\u043a\u0430\u0434\u0430 \u0418\u043b\u044c\u0438\u043d\u0441\u043a\u043e\u0433\u043e \u0448\u043e\u0441\u0441\u0435", "slug": "estakada-ilinskogo-shosse", "description": "", "image": "projects_images/volokolamka_ilinka_03.png", "status": "\u0441\u0442\u0440\u043e\u0438\u0442\u0435\u043b\u044c\u0441\u0442\u0432\u043e", "creation_date": "2019-10-03T09:26:44.635Z", "updated": "2019-10-11T15:07:02.781Z", "city": "\u041c\u043e\u0441\u043a\u043e\u0432\u0441\u043a\u0430\u044f \u043e\u0431\u043b\u0430\u0441\u0442\u044c", "address": null, "coordinate": "55.816072, 37.352646", "map_mark": "estakada_ilinskogo_shosse", "text_for_map": "", "is_active": false}}, {"model": "projectsapp.project", "pk": 8, "fields": {"name": "\u041c\u043e\u0441\u0442 \u0447/\u0437 \u0440. \u0410\u043a\u0442\u0430\u0439", "slug": "most-chz-r-aktaj", "description": "", "image": "projects_images/Aktai.jpeg", "status": "\u0437\u0430\u0432\u0435\u0440\u0448\u0435\u043d", "creation_date": "2019-10-03T09:31:30.757Z", "updated": "2019-10-11T15:07:02.781Z", "city": "\u041d\u043e\u0432\u043e\u0441\u0438\u0431\u0438\u0440\u0441\u043a", "address": null, "coordinate": null, "map_mark": "most_chz_r_aktaj", "text_for_map": "", "is_active": false}}, {"model": "projectsapp.project", "pk": 9, "fields": {"name": "\u041f\u0443\u0442\u0435\u043f\u0440\u043e\u0432\u043e\u0434 \u0447/\u0437 \u0443\u043b. \u0414\u043e\u0440\u043e\u0436\u043d\u0430\u044f", "slug": "puteprovod-chz-ul-dorozhnaya", "description": "", "image": "projects_images/Dorozhnaya.jpeg", "status": "\u0441\u0442\u0440\u043e\u0438\u0442\u0435\u043b\u044c\u0441\u0442\u0432\u043e", "creation_date": "2019-10-03T09:33:54.522Z", "updated": "2019-10-11T15:07:02.781Z", "city": "\u041c\u043e\u0441\u043a\u0432\u0430", "address": null, "coordinate": "55.586462, 37.613720", "map_mark": "puteprovod_chz_ul_dorozhnaja", "text_for_map": "", "is_active": false}}, {"model": "projectsapp.project", "pk": 10, "fields": {"name": "\u041c\u043e\u0441\u0442 \u0447/\u0437 \u0440. \u0421\u044f\u0441\u044c", "slug": "most-chz-r-syas", "description": "", "image": "projects_images/syas1.jpg", "status": "\u0437\u0430\u0432\u0435\u0440\u0448\u0435\u043d", "creation_date": "2019-10-08T12:59:34.900Z", "updated": "2019-10-11T15:07:02.781Z", "city": "\u0421\u0430\u043d\u043a\u0442-\u041f\u0435\u0442\u0435\u0440\u0431\u0443\u0440\u0433", "address": null, "coordinate": null, "map_mark": "most_chz_r_sjas", "text_for_map": "", "is_active": false}}, {"model": "projectsapp.project", "pk": 11, "fields": {"name": "\u0414\u0432\u043e\u0440\u0446\u043e\u0432\u044b\u0439 \u043c\u043e\u0441\u0442", "slug": "dvorcovyj-most", "description": "", "image": "projects_images/dvortsoviy5.jpg", "status": "\u0437\u0430\u0432\u0435\u0440\u0448\u0435\u043d", "creation_date": "2019-10-08T13:00:59.815Z", "updated": "2019-10-11T15:07:02.781Z", "city": "\u0421\u0430\u043d\u043a\u0442-\u041f\u0435\u0442\u0435\u0440\u0431\u0443\u0440\u0433", "address": null, "coordinate": null, "map_mark": "dvortsovyj_most", "text_for_map": "", "is_active": false}}, {"model": "projectsapp.project", "pk": 12, "fields": {"name": "\u0417\u0432\u0435\u043d\u0438\u0433\u043e\u0440\u043e\u0434\u0441\u043a\u0438\u0439 \u043f\u0443\u0442\u0435\u043f\u0440\u043e\u0432\u043e\u0434", "slug": "zvenigorodskij-puteprovod", "description": "", "image": "projects_images/zvenigorodka1-_1_.jpg", "status": "\u0432\u044b\u043f\u043b\u0430\u0442\u0430", "creation_date": "2019-10-08T13:04:05.740Z", "updated": "2019-10-11T15:07:02.781Z", "city": "\u041c\u043e\u0441\u043a\u0432\u0430", "address": null, "coordinate": null, "map_mark": "zvenigorodskij_puteprovod", "text_for_map": "", "is_active": false}}, {"model": "projectsapp.project", "pk": 13, "fields": {"name": "\u041f\u0435\u0448\u0435\u0445\u043e\u0434\u043d\u044b\u0439 \u043c\u043e\u0441\u0442 \u0443 \u0441\u0442\u0430\u043d\u0446\u0438\u0438 \u0417\u0418\u041b", "slug": "peshehodnyj-most-u-stancii-zil", "description": "", "image": "projects_images/2016.09._matacryl_remont_pokrytiya_peshekhodnyy_most_4.jpg", "status": "\u0437\u0430\u0432\u0435\u0440\u0448\u0435\u043d", "creation_date": "2019-10-08T13:05:13.147Z", "updated": "2019-10-11T15:07:02.781Z", "city": "\u041c\u043e\u0441\u043a\u0432\u0430", "address": null, "coordinate": null, "map_mark": "peshehodnyj_most_u_stantsii_zil", "text_for_map": "", "is_active": false}}, {"model": "projectsapp.project", "pk": 14, "fields": {"name": "\u041f\u0435\u0448\u0435\u0445\u043e\u0434\u043d\u044b\u0439 \u043c\u043e\u0441\u0442 \u0432 \u043f\u0430\u0440\u043a\u0435 \u0426\u0430\u0440\u0438\u0446\u044b\u043d\u043e", "slug": "peshehodnyj-most-v-parke-caricyno", "description": "", "image": "projects_images/avatar.jpg", "status": "\u0437\u0430\u0432\u0435\u0440\u0448\u0435\u043d", "creation_date": "2019-10-08T13:05:59.078Z", "updated": "2019-10-11T15:07:02.781Z", "city": "\u041c\u043e\u0441\u043a\u0432\u0430", "address": null, "coordinate": null, "map_mark": "peshehodnyj_most_v_parke_tsaritsyno", "text_for_map": "", "is_active": false}}, {"model": "projectsapp.project", "pk": 15, "fields": {"name": "\u041f\u0435\u0448\u0435\u0445\u043e\u0434\u043d\u044b\u0439 \u043c\u043e\u0441\u0442 \u0432 \u0434. \u041c\u043e\u0437\u0436\u0435\u043d\u043a\u0430", "slug": "peshehodnyj-most-v-d-mozzhenka", "description": "", "image": "projects_images/peshehodnyj_perehod_u_d_mozzhinka_015.png", "status": "\u0437\u0430\u0432\u0435\u0440\u0448\u0435\u043d", "creation_date": "2019-10-08T13:07:03.120Z", "updated": "2019-10-11T15:07:02.781Z", "city": "\u041c\u043e\u0441\u043a\u043e\u0432\u0441\u043a\u0430\u044f \u043e\u0431\u043b\u0430\u0441\u0442\u044c", "address": null, "coordinate": null, "map_mark": "peshehodnyj_most_v_d_mozzhenka", "text_for_map": "", "is_active": false}}, {"model": "projectsapp.project", "pk": 16, "fields": {"name": "\u041c\u043e\u0441\u0442 \u0447/\u0437 \u0440. \u0412\u043e\u0440\u0433\u043e\u043b", "slug": "most-chz-r-vorgol", "description": "", "image": "projects_images/2008_rubberflex_55_most_cherez_ruchey_vorgol_lipetskaya_obl_web_2.jpg", "status": "\u0437\u0430\u0432\u0435\u0440\u0448\u0435\u043d", "creation_date": "2019-10-08T13:08:57.533Z", "updated": "2019-10-11T15:07:02.781Z", "city": "\u041e\u0440\u0435\u043b", "address": null, "coordinate": null, "map_mark": "most_chz_r_vorgol", "text_for_map": "", "is_active": false}}, {"model": "projectsapp.project", "pk": 17, "fields": {"name": "\u041c\u043e\u0441\u0442 \u0447/\u0437 \u043a\u0430\u043d\u0430\u043b \u0438\u043c. \u041c\u043e\u0441\u043a\u0432\u044b", "slug": "most-chz-kanal-im-moskvy", "description": "", "image": "projects_images/kanal_imeni_moskvy1.jpg", "status": "\u0437\u0430\u0432\u0435\u0440\u0448\u0435\u043d", "creation_date": "2019-10-08T13:10:09.468Z", "updated": "2019-10-11T15:07:02.781Z", "city": "\u041c\u043e\u0441\u043a\u043e\u0432\u0441\u043a\u0430\u044f \u043e\u0431\u043b\u0430\u0441\u0442\u044c", "address": null, "coordinate": "55.972101, 37.528630", "map_mark": "most_chz_kanal_im_moskvy", "text_for_map": "", "is_active": false}}, {"model": "projectsapp.project", "pk": 18, "fields": {"name": "\u0422\u0440\u0430\u043d\u0441\u043f\u043e\u0440\u0442\u043d\u0430\u044f \u0440\u0430\u0437\u0432\u044f\u0437\u043a\u0430 \u041c\u0438\u0447\u0443\u0440\u0438\u043d\u0441\u043a\u0438\u0439 \u043f\u0440\u043e\u0441\u043f. \u0438 \u041c\u041a\u0410\u0414", "slug": "transportnaya-razvyazka-michurinskij-prosp-i-mkad", "description": "", "image": "projects_images/michurinsky1.jpg", "status": "\u0437\u0430\u0432\u0435\u0440\u0448\u0435\u043d", "creation_date": "2019-10-08T13:12:25.627Z", "updated": "2019-10-11T15:07:02.781Z", "city": "\u041c\u043e\u0441\u043a\u0432\u0430", "address": null, "coordinate": "55.661345, 37.430039", "map_mark": "transportnaja_razvjazka_michurinskij_prosp_i_mkad", "text_for_map": "", "is_active": false}}, {"model": "projectsapp.project", "pk": 19, "fields": {"name": "\u0420\u0430\u0437\u0432\u043e\u0440\u043e\u0442\u043d\u0430\u044f \u044d\u0441\u0442\u0430\u043a\u0430\u0434\u0430 \u041f\u0440\u043e\u0444\u0441\u043e\u044e\u0437\u043d\u0430\u044f \u0443\u043b. \u0438 \u041c\u041a\u0410\u0414", "slug": "razvorotnaya-estakada-profsoyuznaya-ul-i-mkad", "description": "", "image": "projects_images/2017_rubberflex_55_estakada_mkad_profsouznaya.jpg", "status": "\u0437\u0430\u0432\u0435\u0440\u0448\u0435\u043d", "creation_date": "2019-10-08T13:14:29.186Z", "updated": "2019-10-22T05:42:59.416Z", "city": "\u041c\u043e\u0441\u043a\u0432\u0430", "address": "\u041c\u041a\u0410\u0414, 41-\u0439 \u043a\u043c, \u043f\u0435\u0440\u0435\u0441\u0435\u0447\u0435\u043d\u0438\u0435 \u0441 \u041a\u0430\u043b\u0443\u0436\u0441\u043a\u0438\u043c \u0448\u043e\u0441\u0441\u0435 / \u041f\u0440\u043e\u0444\u0441\u043e\u044e\u0437\u043d\u043e\u0439 \u0443\u043b\u0438\u0446\u0435\u0439", "coordinate": "55.607785, 37.494657", "map_mark": "razvorotnaja_estakada_profsojuznaja_ul_i_mkad", "text_for_map": "", "is_active": false}}, {"model": "projectsapp.project", "pk": 20, "fields": {"name": "\u041f\u0443\u0442\u0435\u043f\u0440\u043e\u0432\u043e\u0434 \u0447/\u0437 \u041f\u044f\u0442\u043d\u0438\u0446\u043a\u043e\u0435 \u0448\u043e\u0441\u0441\u0435", "slug": "puteprovod-chz-pyatnickoe-shosse", "description": "", "image": "projects_images/pyatnitskoe_shosse_1.jpg", "status": "\u0437\u0430\u0432\u0435\u0440\u0448\u0435\u043d", "creation_date": "2019-10-08T13:16:29.337Z", "updated": "2019-10-11T15:07:02.781Z", "city": "\u041c\u043e\u0441\u043a\u043e\u0432\u0441\u043a\u0430\u044f \u043e\u0431\u043b\u0430\u0441\u0442\u044c", "address": null, "coordinate": "56.005816, 37.026800", "map_mark": "puteprovod_chz_pjatnitskoe_shosse", "text_for_map": "", "is_active": false}}, {"model": "projectsapp.project", "pk": 21, "fields": {"name": "\u0411\u0435\u0441\u0435\u0434\u0438\u043d\u0441\u043a\u0430\u044f \u0440\u0430\u0437\u0432\u044f\u0437\u043a\u0430", "slug": "besedinskaya-razvyazka", "description": "", "image": "projects_images/besedinskoe_shosse_h_mkad_04.png", "status": "\u0437\u0430\u0432\u0435\u0440\u0448\u0435\u043d", "creation_date": "2019-10-08T13:17:52.014Z", "updated": "2019-10-12T15:32:08.450Z", "city": "\u041c\u043e\u0441\u043a\u0432\u0430", "address": null, "coordinate": "55.617577, 37.783444", "map_mark": "besedinskaja_razvjazka", "text_for_map": "", "is_active": false}}, {"model": "projectsapp.projectimage", "pk": 1, "fields": {"project": 1, "alt_desc": "", "image": "products_images/bratislavskiy_most_02_DFLfnFG.png", "is_active": true, "created": "2019-10-03T08:01:09.075Z", "updated": "2019-10-03T08:01:09.075Z"}}, {"model": "projectsapp.projectimage", "pk": 2, "fields": {"project": 1, "alt_desc": "", "image": "products_images/bratislavskiy_most_03_mdOuTyT.png", "is_active": true, "created": "2019-10-03T08:01:09.081Z", "updated": "2019-10-03T08:01:09.081Z"}}, {"model": "projectsapp.projectimage", "pk": 3, "fields": {"project": 1, "alt_desc": "", "image": "products_images/bratislavskiy_most_04_b7EzZfU.png", "is_active": true, "created": "2019-10-03T08:01:09.084Z", "updated": "2019-10-03T08:01:09.084Z"}}, {"model": "projectsapp.projectimage", "pk": 4, "fields": {"project": 1, "alt_desc": "", "image": "products_images/bratislavskiy_most_05_FQI6p3r.png", "is_active": true, "created": "2019-10-03T08:01:09.089Z", "updated": "2019-10-03T08:01:09.089Z"}}, {"model": "projectsapp.projectimage", "pk": 5, "fields": {"project": 1, "alt_desc": "", "image": "products_images/bratislavskiy_most_06_6taPj9P.png", "is_active": true, "created": "2019-10-03T08:01:09.093Z", "updated": "2019-10-03T08:01:09.093Z"}}, {"model": "projectsapp.projectimage", "pk": 6, "fields": {"project": 1, "alt_desc": "", "image": "products_images/bratislavskiy_most_07_ZeFhqGF.png", "is_active": true, "created": "2019-10-03T08:01:09.098Z", "updated": "2019-10-03T08:01:09.098Z"}}, {"model": "projectsapp.projectimage", "pk": 7, "fields": {"project": 1, "alt_desc": "", "image": "products_images/bratislavskiy_most_08_1w8ildi.png", "is_active": true, "created": "2019-10-03T08:01:09.102Z", "updated": "2019-10-03T08:01:09.102Z"}}, {"model": "projectsapp.projectimage", "pk": 8, "fields": {"project": 1, "alt_desc": "", "image": "products_images/bratislavskiy_most_09_TkZuZl8.png", "is_active": true, "created": "2019-10-03T08:01:09.106Z", "updated": "2019-10-03T08:01:09.106Z"}}, {"model": "projectsapp.projectimage", "pk": 9, "fields": {"project": 1, "alt_desc": "", "image": "products_images/bratislavskiy_most_10_QYhBvi6.png", "is_active": true, "created": "2019-10-03T08:01:09.111Z", "updated": "2019-10-03T08:01:09.111Z"}}, {"model": "projectsapp.projectimage", "pk": 10, "fields": {"project": 2, "alt_desc": "", "image": "products_images/2017_rubberflex_55_avtozavodskiy_most_1.jpg", "is_active": true, "created": "2019-10-03T09:15:42.460Z", "updated": "2019-10-03T09:15:42.460Z"}}, {"model": "projectsapp.projectimage", "pk": 11, "fields": {"project": 2, "alt_desc": "", "image": "products_images/2017_rubberflex_55_avtozavodskiy_most_3.jpg", "is_active": true, "created": "2019-10-03T09:15:42.464Z", "updated": "2019-10-03T09:15:42.464Z"}}, {"model": "projectsapp.projectimage", "pk": 12, "fields": {"project": 2, "alt_desc": "", "image": "products_images/2017_rubberflex_55_avtozavodskiy_most_51.jpg", "is_active": true, "created": "2019-10-03T09:15:42.469Z", "updated": "2019-10-03T09:15:42.469Z"}}, {"model": "projectsapp.projectimage", "pk": 13, "fields": {"project": 2, "alt_desc": "", "image": "products_images/2017_rubberflex_55_avtozavodskiy_most.jpg", "is_active": true, "created": "2019-10-03T09:15:42.475Z", "updated": "2019-10-03T09:15:42.475Z"}}, {"model": "projectsapp.projectimage", "pk": 14, "fields": {"project": 2, "alt_desc": "", "image": "products_images/2017_rubberflex_55_avtozavodskiy_most_52.jpg", "is_active": true, "created": "2019-10-03T09:15:42.481Z", "updated": "2019-10-03T09:15:42.481Z"}}, {"model": "projectsapp.projectimage", "pk": 15, "fields": {"project": 2, "alt_desc": "", "image": "products_images/2017_rubberflex_55_avtozavodskiy_most_53.jpg", "is_active": true, "created": "2019-10-03T09:15:42.484Z", "updated": "2019-10-03T09:15:42.484Z"}}, {"model": "projectsapp.projectimage", "pk": 16, "fields": {"project": 2, "alt_desc": "", "image": "products_images/2017_rubberflex_55_avtozavodskiy_most_54.jpg", "is_active": true, "created": "2019-10-03T09:15:42.488Z", "updated": "2019-10-03T09:15:42.488Z"}}, {"model": "projectsapp.projectimage", "pk": 17, "fields": {"project": 3, "alt_desc": "", "image": "products_images/2016_nagatinsky_most_1.jpg", "is_active": true, "created": "2019-10-03T09:17:11.450Z", "updated": "2019-10-03T09:17:11.450Z"}}, {"model": "projectsapp.projectimage", "pk": 18, "fields": {"project": 3, "alt_desc": "", "image": "products_images/2016_nagatinsky_most_10.jpg", "is_active": true, "created": "2019-10-03T09:17:11.454Z", "updated": "2019-10-03T09:17:11.454Z"}}, {"model": "projectsapp.projectimage", "pk": 19, "fields": {"project": 3, "alt_desc": "", "image": "products_images/2016_nagatinsky_most_2.jpg", "is_active": true, "created": "2019-10-03T09:17:11.458Z", "updated": "2019-10-03T09:17:11.459Z"}}, {"model": "projectsapp.projectimage", "pk": 20, "fields": {"project": 3, "alt_desc": "", "image": "products_images/2016_nagatinsky_most_8.jpg", "is_active": true, "created": "2019-10-03T09:17:11.464Z", "updated": "2019-10-03T09:17:11.464Z"}}, {"model": "projectsapp.projectimage", "pk": 21, "fields": {"project": 3, "alt_desc": "", "image": "products_images/2016_nagatinsky_most_11.jpg", "is_active": true, "created": "2019-10-03T09:17:11.472Z", "updated": "2019-10-03T09:17:11.472Z"}}, {"model": "projectsapp.projectimage", "pk": 22, "fields": {"project": 3, "alt_desc": "", "image": "products_images/2016_nagatinsky_most_9.jpg", "is_active": true, "created": "2019-10-03T09:17:11.476Z", "updated": "2019-10-03T09:17:11.476Z"}}, {"model": "projectsapp.projectimage", "pk": 23, "fields": {"project": 4, "alt_desc": "", "image": "products_images/2017_rubberflex_tskad_reka_desna_0_7_Xvgqd6E.jpg", "is_active": true, "created": "2019-10-03T09:19:56.056Z", "updated": "2019-10-03T09:19:56.056Z"}}, {"model": "projectsapp.projectimage", "pk": 24, "fields": {"project": 4, "alt_desc": "", "image": "products_images/2017_rubberflex_tskad_reka_desna_0_6.jpg", "is_active": true, "created": "2019-10-03T09:19:56.062Z", "updated": "2019-10-03T09:19:56.062Z"}}, {"model": "projectsapp.projectimage", "pk": 25, "fields": {"project": 4, "alt_desc": "", "image": "products_images/2017_rubberflex_tskad_reka_desna1.jpg", "is_active": true, "created": "2019-10-03T09:19:56.066Z", "updated": "2019-10-03T09:19:56.066Z"}}, {"model": "projectsapp.projectimage", "pk": 26, "fields": {"project": 4, "alt_desc": "", "image": "products_images/2017_rubberflex_tskad_reka_desna2.jpg", "is_active": true, "created": "2019-10-03T09:19:56.071Z", "updated": "2019-10-03T09:19:56.071Z"}}, {"model": "projectsapp.projectimage", "pk": 27, "fields": {"project": 4, "alt_desc": "", "image": "products_images/2017_rubberflex_tskad_reka_desna3.jpg", "is_active": true, "created": "2019-10-03T09:19:56.078Z", "updated": "2019-10-03T09:19:56.078Z"}}, {"model": "projectsapp.projectimage", "pk": 28, "fields": {"project": 4, "alt_desc": "", "image": "products_images/2017_rubberflex_tskad_reka_desna4.jpg", "is_active": true, "created": "2019-10-03T09:19:56.081Z", "updated": "2019-10-03T09:19:56.081Z"}}, {"model": "projectsapp.projectimage", "pk": 29, "fields": {"project": 4, "alt_desc": "", "image": "products_images/2017_rubberflex_tskad_reka_desna5.jpg", "is_active": true, "created": "2019-10-03T09:19:56.085Z", "updated": "2019-10-03T09:19:56.085Z"}}, {"model": "projectsapp.projectimage", "pk": 30, "fields": {"project": 4, "alt_desc": "", "image": "products_images/2017_rubberflex_tskad_reka_desna6.jpg", "is_active": true, "created": "2019-10-03T09:19:56.088Z", "updated": "2019-10-03T09:19:56.088Z"}}, {"model": "projectsapp.projectimage", "pk": 31, "fields": {"project": 4, "alt_desc": "", "image": "products_images/2017_rubberflex_tskad_reka_desna_0_10.jpg", "is_active": true, "created": "2019-10-03T09:19:56.092Z", "updated": "2019-10-03T09:19:56.092Z"}}, {"model": "projectsapp.projectimage", "pk": 32, "fields": {"project": 4, "alt_desc": "", "image": "products_images/2017_rubberflex_tskad_reka_desna_65_pQXBEjY.jpg", "is_active": true, "created": "2019-10-03T09:19:56.097Z", "updated": "2019-10-03T09:19:56.097Z"}}, {"model": "projectsapp.projectimage", "pk": 33, "fields": {"project": 5, "alt_desc": "", "image": "products_images/most_cherez_reku_oka_ryazan_05.png", "is_active": true, "created": "2019-10-03T09:22:27.196Z", "updated": "2019-10-03T09:22:27.196Z"}}, {"model": "projectsapp.projectimage", "pk": 34, "fields": {"project": 5, "alt_desc": "", "image": "products_images/most_cherez_reku_oka_ryazan_01_1.png", "is_active": true, "created": "2019-10-03T09:22:27.204Z", "updated": "2019-10-03T09:22:27.204Z"}}, {"model": "projectsapp.projectimage", "pk": 35, "fields": {"project": 5, "alt_desc": "", "image": "products_images/most_cherez_reku_oka_ryazan_01.png", "is_active": true, "created": "2019-10-03T09:22:27.208Z", "updated": "2019-10-03T09:22:27.208Z"}}, {"model": "projectsapp.projectimage", "pk": 36, "fields": {"project": 5, "alt_desc": "", "image": "products_images/most_cherez_reku_oka_ryazan_02_1.png", "is_active": true, "created": "2019-10-03T09:22:27.213Z", "updated": "2019-10-03T09:22:27.213Z"}}, {"model": "projectsapp.projectimage", "pk": 37, "fields": {"project": 5, "alt_desc": "", "image": "products_images/most_cherez_reku_oka_ryazan_03.png", "is_active": true, "created": "2019-10-03T09:22:27.221Z", "updated": "2019-10-03T09:22:27.221Z"}}, {"model": "projectsapp.projectimage", "pk": 38, "fields": {"project": 5, "alt_desc": "", "image": "products_images/most_cherez_reku_oka_ryazan_06.png", "is_active": true, "created": "2019-10-03T09:22:27.225Z", "updated": "2019-10-03T09:22:27.225Z"}}, {"model": "projectsapp.projectimage", "pk": 39, "fields": {"project": 5, "alt_desc": "", "image": "products_images/most_cherez_reku_oka_ryazan_08.png", "is_active": true, "created": "2019-10-03T09:22:27.230Z", "updated": "2019-10-03T09:22:27.230Z"}}, {"model": "projectsapp.projectimage", "pk": 40, "fields": {"project": 5, "alt_desc": "", "image": "products_images/most_cherez_reku_oka_ryazan_09.png", "is_active": true, "created": "2019-10-03T09:22:27.234Z", "updated": "2019-10-03T09:22:27.234Z"}}, {"model": "projectsapp.projectimage", "pk": 41, "fields": {"project": 5, "alt_desc": "", "image": "products_images/most_cherez_reku_oka_ryazan_010.png", "is_active": true, "created": "2019-10-03T09:22:27.237Z", "updated": "2019-10-03T09:22:27.237Z"}}, {"model": "projectsapp.projectimage", "pk": 42, "fields": {"project": 6, "alt_desc": "", "image": "products_images/maracryl_most_kamchatca_16.jpg", "is_active": true, "created": "2019-10-03T09:24:23.756Z", "updated": "2019-10-03T09:24:23.756Z"}}, {"model": "projectsapp.projectimage", "pk": 43, "fields": {"project": 6, "alt_desc": "", "image": "products_images/maracryl_most_kamchatca_3.jpg", "is_active": true, "created": "2019-10-03T09:24:23.761Z", "updated": "2019-10-03T09:24:23.761Z"}}, {"model": "projectsapp.projectimage", "pk": 44, "fields": {"project": 6, "alt_desc": "", "image": "products_images/maracryl_most_kamchatca_6.jpg", "is_active": true, "created": "2019-10-03T09:24:23.766Z", "updated": "2019-10-03T09:24:23.766Z"}}, {"model": "projectsapp.projectimage", "pk": 45, "fields": {"project": 6, "alt_desc": "", "image": "products_images/maracryl_most_kamchatca_12.jpg", "is_active": true, "created": "2019-10-03T09:24:23.769Z", "updated": "2019-10-03T09:24:23.769Z"}}, {"model": "projectsapp.projectimage", "pk": 46, "fields": {"project": 6, "alt_desc": "", "image": "products_images/maracryl_most_kamchatca_11.jpg", "is_active": true, "created": "2019-10-03T09:24:23.772Z", "updated": "2019-10-03T09:24:23.772Z"}}, {"model": "projectsapp.projectimage", "pk": 47, "fields": {"project": 6, "alt_desc": "", "image": "products_images/maracryl_most_kamchatca.jpg", "is_active": true, "created": "2019-10-03T09:24:23.775Z", "updated": "2019-10-03T09:24:23.775Z"}}, {"model": "projectsapp.projectimage", "pk": 48, "fields": {"project": 7, "alt_desc": "", "image": "products_images/volokolamka_ilinka_01.png", "is_active": true, "created": "2019-10-03T09:26:44.641Z", "updated": "2019-10-03T09:26:44.641Z"}}, {"model": "projectsapp.projectimage", "pk": 49, "fields": {"project": 7, "alt_desc": "", "image": "products_images/volokolamka_ilinka_02.png", "is_active": true, "created": "2019-10-03T09:26:44.647Z", "updated": "2019-10-03T09:26:44.647Z"}}, {"model": "projectsapp.projectimage", "pk": 50, "fields": {"project": 7, "alt_desc": "", "image": "products_images/volokolamka_ilinka_03.png", "is_active": true, "created": "2019-10-03T09:26:44.655Z", "updated": "2019-10-03T09:26:44.655Z"}}, {"model": "projectsapp.projectimage", "pk": 51, "fields": {"project": 7, "alt_desc": "", "image": "products_images/volokolamka_ilinka_04.png", "is_active": true, "created": "2019-10-03T09:26:44.659Z", "updated": "2019-10-03T09:26:44.659Z"}}, {"model": "projectsapp.projectimage", "pk": 52, "fields": {"project": 7, "alt_desc": "", "image": "products_images/volokolamka_ilinka_05.png", "is_active": true, "created": "2019-10-03T09:26:44.663Z", "updated": "2019-10-03T09:26:44.663Z"}}, {"model": "projectsapp.projectimage", "pk": 53, "fields": {"project": 7, "alt_desc": "", "image": "products_images/volokolamka_ilinka_06.png", "is_active": true, "created": "2019-10-03T09:26:44.670Z", "updated": "2019-10-03T09:26:44.670Z"}}, {"model": "projectsapp.projectimage", "pk": 54, "fields": {"project": 7, "alt_desc": "", "image": "products_images/volokolamskogo_i_ilinskogo_shosse_1_WNAaN0r.jpeg", "is_active": true, "created": "2019-10-03T09:26:44.675Z", "updated": "2019-10-03T09:26:44.675Z"}}, {"model": "projectsapp.projectimage", "pk": 55, "fields": {"project": 8, "alt_desc": "", "image": "products_images/Aktai.jpeg", "is_active": true, "created": "2019-10-03T09:31:30.762Z", "updated": "2019-10-03T09:31:30.762Z"}}, {"model": "projectsapp.projectimage", "pk": 56, "fields": {"project": 8, "alt_desc": "", "image": "products_images/most_aktai_4.jpeg", "is_active": true, "created": "2019-10-03T09:31:30.766Z", "updated": "2019-10-03T09:31:30.766Z"}}, {"model": "projectsapp.projectimage", "pk": 57, "fields": {"project": 8, "alt_desc": "", "image": "products_images/most_aktai_5.jpeg", "is_active": true, "created": "2019-10-03T09:31:30.769Z", "updated": "2019-10-03T09:31:30.769Z"}}, {"model": "projectsapp.projectimage", "pk": 58, "fields": {"project": 8, "alt_desc": "", "image": "products_images/most_aktai_8.jpeg", "is_active": true, "created": "2019-10-03T09:31:30.774Z", "updated": "2019-10-03T09:31:30.774Z"}}, {"model": "projectsapp.projectimage", "pk": 59, "fields": {"project": 8, "alt_desc": "", "image": "products_images/most_aktai_6.jpeg", "is_active": true, "created": "2019-10-03T09:31:30.777Z", "updated": "2019-10-03T09:31:30.777Z"}}, {"model": "projectsapp.projectimage", "pk": 60, "fields": {"project": 8, "alt_desc": "", "image": "products_images/most_aktai_9.jpeg", "is_active": true, "created": "2019-10-03T09:31:30.780Z", "updated": "2019-10-03T09:31:30.780Z"}}, {"model": "projectsapp.projectimage", "pk": 61, "fields": {"project": 8, "alt_desc": "", "image": "products_images/most_aktai_11.jpeg", "is_active": true, "created": "2019-10-03T09:31:30.783Z", "updated": "2019-10-03T09:31:30.783Z"}}, {"model": "projectsapp.projectimage", "pk": 62, "fields": {"project": 9, "alt_desc": "", "image": "products_images/dorojnaya_1.jpeg", "is_active": true, "created": "2019-10-03T09:33:54.530Z", "updated": "2019-10-03T09:33:54.530Z"}}, {"model": "projectsapp.projectimage", "pk": 63, "fields": {"project": 9, "alt_desc": "", "image": "products_images/dorojnaya_2.jpeg", "is_active": true, "created": "2019-10-03T09:33:54.534Z", "updated": "2019-10-03T09:33:54.534Z"}}, {"model": "projectsapp.projectimage", "pk": 64, "fields": {"project": 9, "alt_desc": "", "image": "products_images/dorojnaya_3.jpeg", "is_active": true, "created": "2019-10-03T09:33:54.537Z", "updated": "2019-10-03T09:33:54.537Z"}}, {"model": "projectsapp.projectimage", "pk": 65, "fields": {"project": 9, "alt_desc": "", "image": "products_images/dorojnaya_5.jpeg", "is_active": true, "created": "2019-10-03T09:33:54.540Z", "updated": "2019-10-03T09:33:54.540Z"}}, {"model": "projectsapp.projectimage", "pk": 66, "fields": {"project": 9, "alt_desc": "", "image": "products_images/dorojnaya_11.jpeg", "is_active": true, "created": "2019-10-03T09:33:54.543Z", "updated": "2019-10-03T09:33:54.543Z"}}, {"model": "projectsapp.projectimage", "pk": 67, "fields": {"project": 9, "alt_desc": "", "image": "products_images/dorojnaya_13.jpeg", "is_active": true, "created": "2019-10-03T09:33:54.546Z", "updated": "2019-10-03T09:33:54.546Z"}}, {"model": "projectsapp.projectimage", "pk": 68, "fields": {"project": 10, "alt_desc": "", "image": "products_images/syas1.jpg", "is_active": true, "created": "2019-10-08T12:59:34.921Z", "updated": "2019-10-08T12:59:34.921Z"}}, {"model": "projectsapp.projectimage", "pk": 69, "fields": {"project": 11, "alt_desc": "", "image": "products_images/dvortsoviy5_HgZdSmQ.jpg", "is_active": true, "created": "2019-10-08T13:00:59.822Z", "updated": "2019-10-08T13:00:59.822Z"}}, {"model": "projectsapp.projectimage", "pk": 70, "fields": {"project": 11, "alt_desc": "", "image": "products_images/dvortsoviy_most_1.jpg", "is_active": true, "created": "2019-10-08T13:02:37.790Z", "updated": "2019-10-08T13:02:37.790Z"}}, {"model": "projectsapp.projectimage", "pk": 71, "fields": {"project": 11, "alt_desc": "", "image": "products_images/dvortsoviy_most_6.jpg", "is_active": true, "created": "2019-10-08T13:02:37.792Z", "updated": "2019-10-08T13:02:37.792Z"}}, {"model": "projectsapp.projectimage", "pk": 72, "fields": {"project": 11, "alt_desc": "", "image": "products_images/dvortsoviy_most_7.jpg", "is_active": true, "created": "2019-10-08T13:02:37.795Z", "updated": "2019-10-08T13:02:37.795Z"}}, {"model": "projectsapp.projectimage", "pk": 73, "fields": {"project": 11, "alt_desc": "", "image": "products_images/dvortsoviy_most_11.jpg", "is_active": true, "created": "2019-10-08T13:02:37.797Z", "updated": "2019-10-08T13:02:37.797Z"}}, {"model": "projectsapp.projectimage", "pk": 74, "fields": {"project": 11, "alt_desc": "", "image": "products_images/dvortsoviy_most_12.jpg", "is_active": true, "created": "2019-10-08T13:02:37.799Z", "updated": "2019-10-08T13:02:37.799Z"}}, {"model": "projectsapp.projectimage", "pk": 75, "fields": {"project": 11, "alt_desc": "", "image": "products_images/dvortsoviy_most_17.jpg", "is_active": true, "created": "2019-10-08T13:02:37.801Z", "updated": "2019-10-08T13:02:37.801Z"}}, {"model": "projectsapp.projectimage", "pk": 76, "fields": {"project": 11, "alt_desc": "", "image": "products_images/dvortsoviy_most_27.jpg", "is_active": true, "created": "2019-10-08T13:02:37.803Z", "updated": "2019-10-08T13:02:37.803Z"}}, {"model": "projectsapp.projectimage", "pk": 77, "fields": {"project": 11, "alt_desc": "", "image": "products_images/dvortsoviy_most_28.jpg", "is_active": true, "created": "2019-10-08T13:02:37.805Z", "updated": "2019-10-08T13:02:37.805Z"}}, {"model": "projectsapp.projectimage", "pk": 78, "fields": {"project": 12, "alt_desc": "", "image": "products_images/zvenigorodka1-_1_.jpg", "is_active": true, "created": "2019-10-08T13:04:05.748Z", "updated": "2019-10-08T13:04:05.748Z"}}, {"model": "projectsapp.projectimage", "pk": 79, "fields": {"project": 12, "alt_desc": "", "image": "products_images/2015_matacryl_zvenigorodskaya_estakada_2.jpg", "is_active": true, "created": "2019-10-08T13:04:05.752Z", "updated": "2019-10-08T13:04:05.752Z"}}, {"model": "projectsapp.projectimage", "pk": 80, "fields": {"project": 12, "alt_desc": "", "image": "products_images/2015_matacryl_zvenigorodskaya_estakada_8.jpg", "is_active": true, "created": "2019-10-08T13:04:05.755Z", "updated": "2019-10-08T13:04:05.755Z"}}, {"model": "projectsapp.projectimage", "pk": 81, "fields": {"project": 14, "alt_desc": "", "image": "products_images/avatar.jpg", "is_active": true, "created": "2019-10-08T13:05:59.086Z", "updated": "2019-10-08T13:05:59.086Z"}}, {"model": "projectsapp.projectimage", "pk": 82, "fields": {"project": 15, "alt_desc": "", "image": "products_images/peshehodnyj_perehod_u_d_mozzhinka_015.png", "is_active": true, "created": "2019-10-08T13:07:03.128Z", "updated": "2019-10-08T13:07:03.128Z"}}, {"model": "projectsapp.projectimage", "pk": 83, "fields": {"project": 16, "alt_desc": "", "image": "products_images/2008_rubberflex_55_most_cherez_ruchey_vorgol_lipetskaya_obl_web_2.jpg", "is_active": true, "created": "2019-10-08T13:08:57.543Z", "updated": "2019-10-08T13:08:57.543Z"}}, {"model": "projectsapp.projectimage", "pk": 84, "fields": {"project": 17, "alt_desc": "", "image": "products_images/kanal_imeni_moskvy1.jpg", "is_active": true, "created": "2019-10-08T13:10:09.476Z", "updated": "2019-10-08T13:10:09.476Z"}}, {"model": "projectsapp.projectimage", "pk": 85, "fields": {"project": 18, "alt_desc": "", "image": "products_images/michurinsky1.jpg", "is_active": true, "created": "2019-10-08T13:12:25.635Z", "updated": "2019-10-08T13:12:25.635Z"}}, {"model": "projectsapp.projectimage", "pk": 86, "fields": {"project": 18, "alt_desc": "", "image": "products_images/michurinsky2.jpg", "is_active": true, "created": "2019-10-08T13:12:25.638Z", "updated": "2019-10-08T13:12:25.638Z"}}, {"model": "projectsapp.projectimage", "pk": 87, "fields": {"project": 18, "alt_desc": "", "image": "products_images/rabberflex_55_michurinskiy_prospekt_5.jpg", "is_active": true, "created": "2019-10-08T13:12:25.641Z", "updated": "2019-10-08T13:12:25.641Z"}}, {"model": "projectsapp.projectimage", "pk": 88, "fields": {"project": 19, "alt_desc": "", "image": "products_images/2017_rubberflex_55_estakada_mkad_profsouznaya_1.jpg", "is_active": true, "created": "2019-10-08T13:14:29.194Z", "updated": "2019-10-08T13:14:29.194Z"}}, {"model": "projectsapp.projectimage", "pk": 89, "fields": {"project": 19, "alt_desc": "", "image": "products_images/2017_rubberflex_55_estakada_mkad_profsouznaya_2.jpg", "is_active": true, "created": "2019-10-08T13:14:29.196Z", "updated": "2019-10-08T13:14:29.196Z"}}, {"model": "projectsapp.projectimage", "pk": 90, "fields": {"project": 19, "alt_desc": "", "image": "products_images/2017_rubberflex_55_estakada_mkad_profsouznaya_3.jpg", "is_active": true, "created": "2019-10-08T13:14:29.199Z", "updated": "2019-10-08T13:14:29.199Z"}}, {"model": "projectsapp.projectimage", "pk": 91, "fields": {"project": 19, "alt_desc": "", "image": "products_images/2017_rubberflex_55_estakada_mkad_profsouznaya_5.jpg", "is_active": true, "created": "2019-10-08T13:14:29.202Z", "updated": "2019-10-08T13:14:29.202Z"}}, {"model": "projectsapp.projectimage", "pk": 92, "fields": {"project": 19, "alt_desc": "", "image": "products_images/2017_rubberflex_55_estakada_mkad_profsouznaya_6.jpg", "is_active": true, "created": "2019-10-08T13:14:29.204Z", "updated": "2019-10-08T13:14:29.204Z"}}, {"model": "projectsapp.projectimage", "pk": 93, "fields": {"project": 19, "alt_desc": "", "image": "products_images/2017_rubberflex_55_estakada_mkad_profsouznaya_10.jpg", "is_active": true, "created": "2019-10-08T13:14:29.206Z", "updated": "2019-10-08T13:14:29.206Z"}}, {"model": "projectsapp.projectimage", "pk": 94, "fields": {"project": 19, "alt_desc": "", "image": "products_images/2017_rubberflex_55_estakada_mkad_profsouznaya_6_OQJlEyD.jpg", "is_active": true, "created": "2019-10-08T13:14:29.209Z", "updated": "2019-10-08T13:14:29.209Z"}}, {"model": "projectsapp.projectimage", "pk": 95, "fields": {"project": 19, "alt_desc": "", "image": "products_images/2017_rubberflex_55_estakada_mkad_profsouznaya_avatar.jpg", "is_active": true, "created": "2019-10-08T13:14:29.211Z", "updated": "2019-10-08T13:14:29.211Z"}}, {"model": "projectsapp.projectimage", "pk": 96, "fields": {"project": 20, "alt_desc": "", "image": "products_images/pyatnitskoe_shosse_2.jpg", "is_active": true, "created": "2019-10-08T13:16:29.344Z", "updated": "2019-10-08T13:16:29.344Z"}}, {"model": "projectsapp.projectimage", "pk": 97, "fields": {"project": 20, "alt_desc": "", "image": "products_images/pyatnitskoe_shosse_3.jpg", "is_active": true, "created": "2019-10-08T13:16:29.347Z", "updated": "2019-10-08T13:16:29.347Z"}}, {"model": "projectsapp.projectimage", "pk": 98, "fields": {"project": 20, "alt_desc": "", "image": "products_images/pyatnitskoe_shosse_1.jpg", "is_active": true, "created": "2019-10-08T13:16:29.349Z", "updated": "2019-10-08T13:16:29.349Z"}}, {"model": "projectsapp.projectimage", "pk": 99, "fields": {"project": 20, "alt_desc": "", "image": "products_images/pyatnitskoe_shosse_4.jpg", "is_active": true, "created": "2019-10-08T13:16:29.352Z", "updated": "2019-10-08T13:16:29.352Z"}}, {"model": "projectsapp.projectimage", "pk": 100, "fields": {"project": 20, "alt_desc": "", "image": "products_images/pyatnitskoe_shosse_5.jpg", "is_active": true, "created": "2019-10-08T13:16:29.354Z", "updated": "2019-10-08T13:16:29.354Z"}}, {"model": "projectsapp.projectimage", "pk": 101, "fields": {"project": 20, "alt_desc": "", "image": "products_images/pyatnitskoe_shosse_6.jpg", "is_active": true, "created": "2019-10-08T13:16:29.356Z", "updated": "2019-10-08T13:16:29.356Z"}}, {"model": "projectsapp.projectimage", "pk": 102, "fields": {"project": 20, "alt_desc": "", "image": "products_images/pyatnitskoe_shosse_8.jpg", "is_active": true, "created": "2019-10-08T13:16:29.358Z", "updated": "2019-10-08T13:16:29.358Z"}}, {"model": "projectsapp.projectimage", "pk": 103, "fields": {"project": 21, "alt_desc": "", "image": "products_images/besedinskoe_shosse_h_mkad_01.png", "is_active": true, "created": "2019-10-08T13:17:52.023Z", "updated": "2019-10-08T13:17:52.023Z"}}, {"model": "projectsapp.projectimage", "pk": 104, "fields": {"project": 21, "alt_desc": "", "image": "products_images/besedinskoe_shosse_h_mkad_02.png", "is_active": true, "created": "2019-10-08T13:17:52.028Z", "updated": "2019-10-08T13:17:52.028Z"}}, {"model": "projectsapp.projectimage", "pk": 105, "fields": {"project": 21, "alt_desc": "", "image": "products_images/besedinskoe_shosse_h_mkad_03.png", "is_active": true, "created": "2019-10-08T13:17:52.032Z", "updated": "2019-10-08T13:17:52.032Z"}}, {"model": "projectsapp.projectimage", "pk": 106, "fields": {"project": 21, "alt_desc": "", "image": "products_images/besedinskoe_shosse_h_mkad_04.png", "is_active": true, "created": "2019-10-08T13:17:52.036Z", "updated": "2019-10-08T13:17:52.036Z"}}, {"model": "projectsapp.projectimage", "pk": 107, "fields": {"project": 21, "alt_desc": "", "image": "products_images/besedinskoe_shosse_h_mkad_05.png", "is_active": true, "created": "2019-10-08T13:17:52.039Z", "updated": "2019-10-08T13:17:52.039Z"}}, {"model": "projectsapp.projectimage", "pk": 108, "fields": {"project": 21, "alt_desc": "", "image": "products_images/besedinskoe_shosse_h_mkad_06.png", "is_active": true, "created": "2019-10-08T13:17:52.044Z", "updated": "2019-10-08T13:17:52.044Z"}}, {"model": "projectsapp.projectimage", "pk": 109, "fields": {"project": 13, "alt_desc": "", "image": "products_images/2016.09._matacryl_remont_pokrytiya_peshekhodnyy_most_4.jpg", "is_active": true, "created": "2019-10-08T17:09:14.466Z", "updated": "2019-10-08T17:09:14.466Z"}}, {"model": "projectsapp.projectcompany", "pk": 7, "fields": {"project": 19, "role": "\u043f\u0440\u043e\u0435\u043a\u0442\u0438\u0440\u043e\u0432\u0449\u0438\u043a", "company": 26, "is_active": true, "created": "2019-10-12T18:08:38.206Z", "updated": "2019-10-12T18:08:38.206Z"}}, {"model": "projectsapp.projectcompany", "pk": 8, "fields": {"project": 19, "role": "\u043f\u043e\u0434\u0440\u044f\u0434\u0447\u0438\u043a", "company": 9, "is_active": true, "created": "2019-10-12T18:08:38.207Z", "updated": "2019-10-12T18:08:38.207Z"}}, {"model": "projectsapp.projectcompany", "pk": 9, "fields": {"project": 19, "role": "\u0437\u0430\u043a\u0430\u0437\u0447\u0438\u043a", "company": 21, "is_active": true, "created": "2019-10-12T18:08:38.208Z", "updated": "2019-10-12T18:08:38.208Z"}}, {"model": "servicesapp.servicecategory", "pk": 1, "fields": {"name": "\u041a\u0430\u0442\u0435\u0433\u043e\u0440\u0438\u044f \u0443\u0441\u043b\u0443\u0433", "slug": "kategoriya-uslug", "created": "2019-10-22T05:25:14.684Z", "updated": "2019-10-22T05:25:14.684Z"}}, {"model": "servicesapp.service", "pk": 1, "fields": {"category": 1, "name": "\u0423\u0441\u043b\u0443\u0433\u0430 1", "slug": "usluga-1", "description": "", "is_active": true, "created": "2019-10-22T05:25:18.424Z", "updated": "2019-10-22T05:25:18.424Z"}}, {"model": "ordersapp.orderitem", "pk": 1, "fields": {"order": 1, "service": 1}}, {"model": "auth.permission", "pk": 1, "fields": {"name": "Can add \u041f\u043e\u043b\u044c\u0437\u043e\u0432\u0430\u0442\u0435\u043b\u044c", "content_type": 1, "codename": "add_users"}}, {"model": "auth.permission", "pk": 2, "fields": {"name": "Can change \u041f\u043e\u043b\u044c\u0437\u043e\u0432\u0430\u0442\u0435\u043b\u044c", "content_type": 1, "codename": "change_users"}}, {"model": "auth.permission", "pk": 3, "fields": {"name": "Can delete \u041f\u043e\u043b\u044c\u0437\u043e\u0432\u0430\u0442\u0435\u043b\u044c", "content_type": 1, "codename": "delete_users"}}, {"model": "auth.permission", "pk": 4, "fields": {"name": "Can view \u041f\u043e\u043b\u044c\u0437\u043e\u0432\u0430\u0442\u0435\u043b\u044c", "content_type": 1, "codename": "view_users"}}, {"model": "auth.permission", "pk": 5, "fields": {"name": "Can add \u041a\u0430\u0442\u0435\u0433\u043e\u0440\u0438\u044e \u043a\u043e\u043c\u043f\u0430\u043d\u0438\u0438", "content_type": 2, "codename": "add_categorycompany"}}, {"model": "auth.permission", "pk": 6, "fields": {"name": "Can change \u041a\u0430\u0442\u0435\u0433\u043e\u0440\u0438\u044e \u043a\u043e\u043c\u043f\u0430\u043d\u0438\u0438", "content_type": 2, "codename": "change_categorycompany"}}, {"model": "auth.permission", "pk": 7, "fields": {"name": "Can delete \u041a\u0430\u0442\u0435\u0433\u043e\u0440\u0438\u044e \u043a\u043e\u043c\u043f\u0430\u043d\u0438\u0438", "content_type": 2, "codename": "delete_categorycompany"}}, {"model": "auth.permission", "pk": 8, "fields": {"name": "Can view \u041a\u0430\u0442\u0435\u0433\u043e\u0440\u0438\u044e \u043a\u043e\u043c\u043f\u0430\u043d\u0438\u0438", "content_type": 2, "codename": "view_categorycompany"}}, {"model": "auth.permission", "pk": 9, "fields": {"name": "Can add \u041d\u043e\u0432\u0443\u044e \u043a\u043e\u043c\u043f\u0430\u043d\u0438\u044e", "content_type": 3, "codename": "add_company"}}, {"model": "auth.permission", "pk": 10, "fields": {"name": "Can change \u041d\u043e\u0432\u0443\u044e \u043a\u043e\u043c\u043f\u0430\u043d\u0438\u044e", "content_type": 3, "codename": "change_company"}}, {"model": "auth.permission", "pk": 11, "fields": {"name": "Can delete \u041d\u043e\u0432\u0443\u044e \u043a\u043e\u043c\u043f\u0430\u043d\u0438\u044e", "content_type": 3, "codename": "delete_company"}}, {"model": "auth.permission", "pk": 12, "fields": {"name": "Can view \u041d\u043e\u0432\u0443\u044e \u043a\u043e\u043c\u043f\u0430\u043d\u0438\u044e", "content_type": 3, "codename": "view_company"}}, {"model": "auth.permission", "pk": 13, "fields": {"name": "Can add \u0424\u043e\u0440\u043c\u0443 \u043a\u043e\u043c\u043f\u0430\u043d\u0438\u0438", "content_type": 4, "codename": "add_formcompany"}}, {"model": "auth.permission", "pk": 14, "fields": {"name": "Can change \u0424\u043e\u0440\u043c\u0443 \u043a\u043e\u043c\u043f\u0430\u043d\u0438\u0438", "content_type": 4, "codename": "change_formcompany"}}, {"model": "auth.permission", "pk": 15, "fields": {"name": "Can delete \u0424\u043e\u0440\u043c\u0443 \u043a\u043e\u043c\u043f\u0430\u043d\u0438\u0438", "content_type": 4, "codename": "delete_formcompany"}}, {"model": "auth.permission", "pk": 16, "fields": {"name": "Can view \u0424\u043e\u0440\u043c\u0443 \u043a\u043e\u043c\u043f\u0430\u043d\u0438\u0438", "content_type": 4, "codename": "view_formcompany"}}, {"model": "auth.permission", "pk": 17, "fields": {"name": "Can add \u041a\u043e\u043c\u043f\u0430\u043d\u0438\u044f - \u0440\u0430\u0431\u043e\u0442\u043e\u0434\u0430\u0442\u0435\u043b\u044c", "content_type": 5, "codename": "add_companyusers"}}, {"model": "auth.permission", "pk": 18, "fields": {"name": "Can change \u041a\u043e\u043c\u043f\u0430\u043d\u0438\u044f - \u0440\u0430\u0431\u043e\u0442\u043e\u0434\u0430\u0442\u0435\u043b\u044c", "content_type": 5, "codename": "change_companyusers"}}, {"model": "auth.permission", "pk": 19, "fields": {"name": "Can delete \u041a\u043e\u043c\u043f\u0430\u043d\u0438\u044f - \u0440\u0430\u0431\u043e\u0442\u043e\u0434\u0430\u0442\u0435\u043b\u044c", "content_type": 5, "codename": "delete_companyusers"}}, {"model": "auth.permission", "pk": 20, "fields": {"name": "Can view \u041a\u043e\u043c\u043f\u0430\u043d\u0438\u044f - \u0440\u0430\u0431\u043e\u0442\u043e\u0434\u0430\u0442\u0435\u043b\u044c", "content_type": 5, "codename": "view_companyusers"}}, {"model": "auth.permission", "pk": 21, "fields": {"name": "Can add log entry", "content_type": 6, "codename": "add_logentry"}}, {"model": "auth.permission", "pk": 22, "fields": {"name": "Can change log entry", "content_type": 6, "codename": "change_logentry"}}, {"model": "auth.permission", "pk": 23, "fields": {"name": "Can delete log entry", "content_type": 6, "codename": "delete_logentry"}}, {"model": "auth.permission", "pk": 24, "fields": {"name": "Can view log entry", "content_type": 6, "codename": "view_logentry"}}, {"model": "auth.permission", "pk": 25, "fields": {"name": "Can add permission", "content_type": 7, "codename": "add_permission"}}, {"model": "auth.permission", "pk": 26, "fields": {"name": "Can change permission", "content_type": 7, "codename": "change_permission"}}, {"model": "auth.permission", "pk": 27, "fields": {"name": "Can delete permission", "content_type": 7, "codename": "delete_permission"}}, {"model": "auth.permission", "pk": 28, "fields": {"name": "Can view permission", "content_type": 7, "codename": "view_permission"}}, {"model": "auth.permission", "pk": 29, "fields": {"name": "Can add group", "content_type": 8, "codename": "add_group"}}, {"model": "auth.permission", "pk": 30, "fields": {"name": "Can change group", "content_type": 8, "codename": "change_group"}}, {"model": "auth.permission", "pk": 31, "fields": {"name": "Can delete group", "content_type": 8, "codename": "delete_group"}}, {"model": "auth.permission", "pk": 32, "fields": {"name": "Can view group", "content_type": 8, "codename": "view_group"}}, {"model": "auth.permission", "pk": 33, "fields": {"name": "Can add content type", "content_type": 9, "codename": "add_contenttype"}}, {"model": "auth.permission", "pk": 34, "fields": {"name": "Can change content type", "content_type": 9, "codename": "change_contenttype"}}, {"model": "auth.permission", "pk": 35, "fields": {"name": "Can delete content type", "content_type": 9, "codename": "delete_contenttype"}}, {"model": "auth.permission", "pk": 36, "fields": {"name": "Can view content type", "content_type": 9, "codename": "view_contenttype"}}, {"model": "auth.permission", "pk": 37, "fields": {"name": "Can add session", "content_type": 10, "codename": "add_session"}}, {"model": "auth.permission", "pk": 38, "fields": {"name": "Can change session", "content_type": 10, "codename": "change_session"}}, {"model": "auth.permission", "pk": 39, "fields": {"name": "Can delete session", "content_type": 10, "codename": "delete_session"}}, {"model": "auth.permission", "pk": 40, "fields": {"name": "Can view session", "content_type": 10, "codename": "view_session"}}, {"model": "auth.permission", "pk": 41, "fields": {"name": "Can add \u041c\u0430\u0442\u0435\u0440\u0438\u0430\u043b", "content_type": 11, "codename": "add_material"}}, {"model": "auth.permission", "pk": 42, "fields": {"name": "Can change \u041c\u0430\u0442\u0435\u0440\u0438\u0430\u043b", "content_type": 11, "codename": "change_material"}}, {"model": "auth.permission", "pk": 43, "fields": {"name": "Can delete \u041c\u0430\u0442\u0435\u0440\u0438\u0430\u043b", "content_type": 11, "codename": "delete_material"}}, {"model": "auth.permission", "pk": 44, "fields": {"name": "Can view \u041c\u0430\u0442\u0435\u0440\u0438\u0430\u043b", "content_type": 11, "codename": "view_material"}}, {"model": "auth.permission", "pk": 45, "fields": {"name": "Can add \u041a\u0430\u0442\u0435\u0433\u043e\u0440\u0438\u044f \u043c\u0430\u0442\u0435\u0440\u0438\u0430\u043b\u0430", "content_type": 12, "codename": "add_materialcategory"}}, {"model": "auth.permission", "pk": 46, "fields": {"name": "Can change \u041a\u0430\u0442\u0435\u0433\u043e\u0440\u0438\u044f \u043c\u0430\u0442\u0435\u0440\u0438\u0430\u043b\u0430", "content_type": 12, "codename": "change_materialcategory"}}, {"model": "auth.permission", "pk": 47, "fields": {"name": "Can delete \u041a\u0430\u0442\u0435\u0433\u043e\u0440\u0438\u044f \u043c\u0430\u0442\u0435\u0440\u0438\u0430\u043b\u0430", "content_type": 12, "codename": "delete_materialcategory"}}, {"model": "auth.permission", "pk": 48, "fields": {"name": "Can view \u041a\u0430\u0442\u0435\u0433\u043e\u0440\u0438\u044f \u043c\u0430\u0442\u0435\u0440\u0438\u0430\u043b\u0430", "content_type": 12, "codename": "view_materialcategory"}}, {"model": "auth.permission", "pk": 49, "fields": {"name": "Can add \u0415\u0434\u0438\u043d\u0438\u0446\u0430 \u0438\u0437\u043c\u0435\u0440\u0435\u043d\u0438\u044f", "content_type": 13, "codename": "add_measuretypes"}}, {"model": "auth.permission", "pk": 50, "fields": {"name": "Can change \u0415\u0434\u0438\u043d\u0438\u0446\u0430 \u0438\u0437\u043c\u0435\u0440\u0435\u043d\u0438\u044f", "content_type": 13, "codename": "change_measuretypes"}}, {"model": "auth.permission", "pk": 51, "fields": {"name": "Can delete \u0415\u0434\u0438\u043d\u0438\u0446\u0430 \u0438\u0437\u043c\u0435\u0440\u0435\u043d\u0438\u044f", "content_type": 13, "codename": "delete_measuretypes"}}, {"model": "auth.permission", "pk": 52, "fields": {"name": "Can view \u0415\u0434\u0438\u043d\u0438\u0446\u0430 \u0438\u0437\u043c\u0435\u0440\u0435\u043d\u0438\u044f", "content_type": 13, "codename": "view_measuretypes"}}, {"model": "auth.permission", "pk": 53, "fields": {"name": "Can add \u0422\u0435\u0445\u043d\u0438\u0447\u0435\u0441\u043a\u043e\u0435 \u0440\u0435\u0448\u0435\u043d\u0438\u0435", "content_type": 14, "codename": "add_technicalsolutions"}}, {"model": "auth.permission", "pk": 54, "fields": {"name": "Can change \u0422\u0435\u0445\u043d\u0438\u0447\u0435\u0441\u043a\u043e\u0435 \u0440\u0435\u0448\u0435\u043d\u0438\u0435", "content_type": 14, "codename": "change_technicalsolutions"}}, {"model": "auth.permission", "pk": 55, "fields": {"name": "Can delete \u0422\u0435\u0445\u043d\u0438\u0447\u0435\u0441\u043a\u043e\u0435 \u0440\u0435\u0448\u0435\u043d\u0438\u0435", "content_type": 14, "codename": "delete_technicalsolutions"}}, {"model": "auth.permission", "pk": 56, "fields": {"name": "Can view \u0422\u0435\u0445\u043d\u0438\u0447\u0435\u0441\u043a\u043e\u0435 \u0440\u0435\u0448\u0435\u043d\u0438\u0435", "content_type": 14, "codename": "view_technicalsolutions"}}, {"model": "auth.permission", "pk": 57, "fields": {"name": "Can add \u0420\u0430\u0431\u043e\u0442\u0430", "content_type": 15, "codename": "add_work"}}, {"model": "auth.permission", "pk": 58, "fields": {"name": "Can change \u0420\u0430\u0431\u043e\u0442\u0430", "content_type": 15, "codename": "change_work"}}, {"model": "auth.permission", "pk": 59, "fields": {"name": "Can delete \u0420\u0430\u0431\u043e\u0442\u0430", "content_type": 15, "codename": "delete_work"}}, {"model": "auth.permission", "pk": 60, "fields": {"name": "Can view \u0420\u0430\u0431\u043e\u0442\u0430", "content_type": 15, "codename": "view_work"}}, {"model": "auth.permission", "pk": 61, "fields": {"name": "Can add \u041a\u0430\u0442\u0435\u0433\u043e\u0440\u0438\u044f \u0440\u0430\u0431\u043e\u0442", "content_type": 16, "codename": "add_workcategory"}}, {"model": "auth.permission", "pk": 62, "fields": {"name": "Can change \u041a\u0430\u0442\u0435\u0433\u043e\u0440\u0438\u044f \u0440\u0430\u0431\u043e\u0442", "content_type": 16, "codename": "change_workcategory"}}, {"model": "auth.permission", "pk": 63, "fields": {"name": "Can delete \u041a\u0430\u0442\u0435\u0433\u043e\u0440\u0438\u044f \u0440\u0430\u0431\u043e\u0442", "content_type": 16, "codename": "delete_workcategory"}}, {"model": "auth.permission", "pk": 64, "fields": {"name": "Can view \u041a\u0430\u0442\u0435\u0433\u043e\u0440\u0438\u044f \u0440\u0430\u0431\u043e\u0442", "content_type": 16, "codename": "view_workcategory"}}, {"model": "auth.permission", "pk": 65, "fields": {"name": "Can add \u0424\u043e\u0442\u043e\u0433\u0440\u0430\u0444\u0438\u044f \u0440\u0430\u0431\u043e\u0442", "content_type": 17, "codename": "add_workimage"}}, {"model": "auth.permission", "pk": 66, "fields": {"name": "Can change \u0424\u043e\u0442\u043e\u0433\u0440\u0430\u0444\u0438\u044f \u0440\u0430\u0431\u043e\u0442", "content_type": 17, "codename": "change_workimage"}}, {"model": "auth.permission", "pk": 67, "fields": {"name": "Can delete \u0424\u043e\u0442\u043e\u0433\u0440\u0430\u0444\u0438\u044f \u0440\u0430\u0431\u043e\u0442", "content_type": 17, "codename": "delete_workimage"}}, {"model": "auth.permission", "pk": 68, "fields": {"name": "Can view \u0424\u043e\u0442\u043e\u0433\u0440\u0430\u0444\u0438\u044f \u0440\u0430\u0431\u043e\u0442", "content_type": 17, "codename": "view_workimage"}}, {"model": "auth.permission", "pk": 69, "fields": {"name": "Can add \u0424\u043e\u0442\u043e\u0433\u0440\u0430\u0444\u0438\u044f \u0442\u0435\u0445\u043d\u0438\u0447\u0435\u0441\u043a\u043e\u0433\u043e \u0440\u0435\u0448\u0435\u043d\u0438\u044f", "content_type": 18, "codename": "add_technicalsolutionsimage"}}, {"model": "auth.permission", "pk": 70, "fields": {"name": "Can change \u0424\u043e\u0442\u043e\u0433\u0440\u0430\u0444\u0438\u044f \u0442\u0435\u0445\u043d\u0438\u0447\u0435\u0441\u043a\u043e\u0433\u043e \u0440\u0435\u0448\u0435\u043d\u0438\u044f", "content_type": 18, "codename": "change_technicalsolutionsimage"}}, {"model": "auth.permission", "pk": 71, "fields": {"name": "Can delete \u0424\u043e\u0442\u043e\u0433\u0440\u0430\u0444\u0438\u044f \u0442\u0435\u0445\u043d\u0438\u0447\u0435\u0441\u043a\u043e\u0433\u043e \u0440\u0435\u0448\u0435\u043d\u0438\u044f", "content_type": 18, "codename": "delete_technicalsolutionsimage"}}, {"model": "auth.permission", "pk": 72, "fields": {"name": "Can view \u0424\u043e\u0442\u043e\u0433\u0440\u0430\u0444\u0438\u044f \u0442\u0435\u0445\u043d\u0438\u0447\u0435\u0441\u043a\u043e\u0433\u043e \u0440\u0435\u0448\u0435\u043d\u0438\u044f", "content_type": 18, "codename": "view_technicalsolutionsimage"}}, {"model": "auth.permission", "pk": 73, "fields": {"name": "Can add technical solutions has service", "content_type": 19, "codename": "add_technicalsolutionshasservice"}}, {"model": "auth.permission", "pk": 74, "fields": {"name": "Can change technical solutions has service", "content_type": 19, "codename": "change_technicalsolutionshasservice"}}, {"model": "auth.permission", "pk": 75, "fields": {"name": "Can delete technical solutions has service", "content_type": 19, "codename": "delete_technicalsolutionshasservice"}}, {"model": "auth.permission", "pk": 76, "fields": {"name": "Can view technical solutions has service", "content_type": 19, "codename": "view_technicalsolutionshasservice"}}, {"model": "auth.permission", "pk": 77, "fields": {"name": "Can add \u041f\u0435\u0440\u0435\u0447\u0435\u043d\u044c \u0440\u0430\u0431\u043e\u0442 \u043f\u0440\u043e\u0434\u0443\u043a\u0442\u0430", "content_type": 20, "codename": "add_productwork"}}, {"model": "auth.permission", "pk": 78, "fields": {"name": "Can change \u041f\u0435\u0440\u0435\u0447\u0435\u043d\u044c \u0440\u0430\u0431\u043e\u0442 \u043f\u0440\u043e\u0434\u0443\u043a\u0442\u0430", "content_type": 20, "codename": "change_productwork"}}, {"model": "auth.permission", "pk": 79, "fields": {"name": "Can delete \u041f\u0435\u0440\u0435\u0447\u0435\u043d\u044c \u0440\u0430\u0431\u043e\u0442 \u043f\u0440\u043e\u0434\u0443\u043a\u0442\u0430", "content_type": 20, "codename": "delete_productwork"}}, {"model": "auth.permission", "pk": 80, "fields": {"name": "Can view \u041f\u0435\u0440\u0435\u0447\u0435\u043d\u044c \u0440\u0430\u0431\u043e\u0442 \u043f\u0440\u043e\u0434\u0443\u043a\u0442\u0430", "content_type": 20, "codename": "view_productwork"}}, {"model": "auth.permission", "pk": 81, "fields": {"name": "Can add \u0424\u043e\u0442\u043e\u0433\u0440\u0430\u0444\u0438\u044f \u043c\u0430\u0442\u0435\u0440\u0438\u0430\u043b\u043e\u0432", "content_type": 21, "codename": "add_materialimage"}}, {"model": "auth.permission", "pk": 82, "fields": {"name": "Can change \u0424\u043e\u0442\u043e\u0433\u0440\u0430\u0444\u0438\u044f \u043c\u0430\u0442\u0435\u0440\u0438\u0430\u043b\u043e\u0432", "content_type": 21, "codename": "change_materialimage"}}, {"model": "auth.permission", "pk": 83, "fields": {"name": "Can delete \u0424\u043e\u0442\u043e\u0433\u0440\u0430\u0444\u0438\u044f \u043c\u0430\u0442\u0435\u0440\u0438\u0430\u043b\u043e\u0432", "content_type": 21, "codename": "delete_materialimage"}}, {"model": "auth.permission", "pk": 84, "fields": {"name": "Can view \u0424\u043e\u0442\u043e\u0433\u0440\u0430\u0444\u0438\u044f \u043c\u0430\u0442\u0435\u0440\u0438\u0430\u043b\u043e\u0432", "content_type": 21, "codename": "view_materialimage"}}, {"model": "auth.permission", "pk": 85, "fields": {"name": "Can add \u041f\u0440\u043e\u0435\u043a\u0442", "content_type": 22, "codename": "add_project"}}, {"model": "auth.permission", "pk": 86, "fields": {"name": "Can change \u041f\u0440\u043e\u0435\u043a\u0442", "content_type": 22, "codename": "change_project"}}, {"model": "auth.permission", "pk": 87, "fields": {"name": "Can delete \u041f\u0440\u043e\u0435\u043a\u0442", "content_type": 22, "codename": "delete_project"}}, {"model": "auth.permission", "pk": 88, "fields": {"name": "Can view \u041f\u0440\u043e\u0435\u043a\u0442", "content_type": 22, "codename": "view_project"}}, {"model": "auth.permission", "pk": 89, "fields": {"name": "Can add \u0423\u0447\u0430\u0441\u0442\u043d\u0438\u043a \u043f\u0440\u043e\u0435\u043a\u0442\u0430", "content_type": 23, "codename": "add_projectmanagers"}}, {"model": "auth.permission", "pk": 90, "fields": {"name": "Can change \u0423\u0447\u0430\u0441\u0442\u043d\u0438\u043a \u043f\u0440\u043e\u0435\u043a\u0442\u0430", "content_type": 23, "codename": "change_projectmanagers"}}, {"model": "auth.permission", "pk": 91, "fields": {"name": "Can delete \u0423\u0447\u0430\u0441\u0442\u043d\u0438\u043a \u043f\u0440\u043e\u0435\u043a\u0442\u0430", "content_type": 23, "codename": "delete_projectmanagers"}}, {"model": "auth.permission", "pk": 92, "fields": {"name": "Can view \u0423\u0447\u0430\u0441\u0442\u043d\u0438\u043a \u043f\u0440\u043e\u0435\u043a\u0442\u0430", "content_type": 23, "codename": "view_projectmanagers"}}, {"model": "auth.permission", "pk": 93, "fields": {"name": "Can add \u0424\u043e\u0442\u043e\u0433\u0440\u0430\u0444\u0438\u044f \u043f\u0440\u043e\u0435\u043a\u0442\u0430", "content_type": 24, "codename": "add_projectimage"}}, {"model": "auth.permission", "pk": 94, "fields": {"name": "Can change \u0424\u043e\u0442\u043e\u0433\u0440\u0430\u0444\u0438\u044f \u043f\u0440\u043e\u0435\u043a\u0442\u0430", "content_type": 24, "codename": "change_projectimage"}}, {"model": "auth.permission", "pk": 95, "fields": {"name": "Can delete \u0424\u043e\u0442\u043e\u0433\u0440\u0430\u0444\u0438\u044f \u043f\u0440\u043e\u0435\u043a\u0442\u0430", "content_type": 24, "codename": "delete_projectimage"}}, {"model": "auth.permission", "pk": 96, "fields": {"name": "Can view \u0424\u043e\u0442\u043e\u0433\u0440\u0430\u0444\u0438\u044f \u043f\u0440\u043e\u0435\u043a\u0442\u0430", "content_type": 24, "codename": "view_projectimage"}}, {"model": "auth.permission", "pk": 97, "fields": {"name": "Can add \u0422\u0435\u0445 \u0440\u0435\u0448\u0435\u043d\u0438\u0435 \u043f\u0440\u043e\u0435\u043a\u0442\u0430", "content_type": 25, "codename": "add_projecthastechnicalsolutions"}}, {"model": "auth.permission", "pk": 98, "fields": {"name": "Can change \u0422\u0435\u0445 \u0440\u0435\u0448\u0435\u043d\u0438\u0435 \u043f\u0440\u043e\u0435\u043a\u0442\u0430", "content_type": 25, "codename": "change_projecthastechnicalsolutions"}}, {"model": "auth.permission", "pk": 99, "fields": {"name": "Can delete \u0422\u0435\u0445 \u0440\u0435\u0448\u0435\u043d\u0438\u0435 \u043f\u0440\u043e\u0435\u043a\u0442\u0430", "content_type": 25, "codename": "delete_projecthastechnicalsolutions"}}, {"model": "auth.permission", "pk": 100, "fields": {"name": "Can view \u0422\u0435\u0445 \u0440\u0435\u0448\u0435\u043d\u0438\u0435 \u043f\u0440\u043e\u0435\u043a\u0442\u0430", "content_type": 25, "codename": "view_projecthastechnicalsolutions"}}, {"model": "auth.permission", "pk": 101, "fields": {"name": "Can add \u041a\u043e\u043c\u043f\u0430\u043d\u0438\u044f - \u0443\u0447\u0430\u0441\u0442\u043d\u0438\u043a \u043f\u0440\u043e\u0435\u043a\u0442\u0430", "content_type": 26, "codename": "add_projectcompany"}}, {"model": "auth.permission", "pk": 102, "fields": {"name": "Can change \u041a\u043e\u043c\u043f\u0430\u043d\u0438\u044f - \u0443\u0447\u0430\u0441\u0442\u043d\u0438\u043a \u043f\u0440\u043e\u0435\u043a\u0442\u0430", "content_type": 26, "codename": "change_projectcompany"}}, {"model": "auth.permission", "pk": 103, "fields": {"name": "Can delete \u041a\u043e\u043c\u043f\u0430\u043d\u0438\u044f - \u0443\u0447\u0430\u0441\u0442\u043d\u0438\u043a \u043f\u0440\u043e\u0435\u043a\u0442\u0430", "content_type": 26, "codename": "delete_projectcompany"}}, {"model": "auth.permission", "pk": 104, "fields": {"name": "Can view \u041a\u043e\u043c\u043f\u0430\u043d\u0438\u044f - \u0443\u0447\u0430\u0441\u0442\u043d\u0438\u043a \u043f\u0440\u043e\u0435\u043a\u0442\u0430", "content_type": 26, "codename": "view_projectcompany"}}, {"model": "auth.permission", "pk": 105, "fields": {"name": "Can add \u0424\u043e\u0440\u043c\u0430 \u043e\u0431\u0440\u0430\u0442\u043d\u043e\u0439 \u0441\u0432\u044f\u0437\u0438", "content_type": 27, "codename": "add_contactapplication"}}, {"model": "auth.permission", "pk": 106, "fields": {"name": "Can change \u0424\u043e\u0440\u043c\u0430 \u043e\u0431\u0440\u0430\u0442\u043d\u043e\u0439 \u0441\u0432\u044f\u0437\u0438", "content_type": 27, "codename": "change_contactapplication"}}, {"model": "auth.permission", "pk": 107, "fields": {"name": "Can delete \u0424\u043e\u0440\u043c\u0430 \u043e\u0431\u0440\u0430\u0442\u043d\u043e\u0439 \u0441\u0432\u044f\u0437\u0438", "content_type": 27, "codename": "delete_contactapplication"}}, {"model": "auth.permission", "pk": 108, "fields": {"name": "Can view \u0424\u043e\u0440\u043c\u0430 \u043e\u0431\u0440\u0430\u0442\u043d\u043e\u0439 \u0441\u0432\u044f\u0437\u0438", "content_type": 27, "codename": "view_contactapplication"}}, {"model": "auth.permission", "pk": 109, "fields": {"name": "Can add \u041a\u0430\u0442\u0435\u0433\u043e\u0440\u0438\u044f \u0443\u0441\u043b\u0443\u0433\u0438", "content_type": 28, "codename": "add_servicecategory"}}, {"model": "auth.permission", "pk": 110, "fields": {"name": "Can change \u041a\u0430\u0442\u0435\u0433\u043e\u0440\u0438\u044f \u0443\u0441\u043b\u0443\u0433\u0438", "content_type": 28, "codename": "change_servicecategory"}}, {"model": "auth.permission", "pk": 111, "fields": {"name": "Can delete \u041a\u0430\u0442\u0435\u0433\u043e\u0440\u0438\u044f \u0443\u0441\u043b\u0443\u0433\u0438", "content_type": 28, "codename": "delete_servicecategory"}}, {"model": "auth.permission", "pk": 112, "fields": {"name": "Can view \u041a\u0430\u0442\u0435\u0433\u043e\u0440\u0438\u044f \u0443\u0441\u043b\u0443\u0433\u0438", "content_type": 28, "codename": "view_servicecategory"}}, {"model": "auth.permission", "pk": 113, "fields": {"name": "Can add \u0423\u0441\u043b\u0443\u0433\u0430", "content_type": 29, "codename": "add_service"}}, {"model": "auth.permission", "pk": 114, "fields": {"name": "Can change \u0423\u0441\u043b\u0443\u0433\u0430", "content_type": 29, "codename": "change_service"}}, {"model": "auth.permission", "pk": 115, "fields": {"name": "Can delete \u0423\u0441\u043b\u0443\u0433\u0430", "content_type": 29, "codename": "delete_service"}}, {"model": "auth.permission", "pk": 116, "fields": {"name": "Can view \u0423\u0441\u043b\u0443\u0433\u0430", "content_type": 29, "codename": "view_service"}}, {"model": "auth.permission", "pk": 117, "fields": {"name": "Can add \u041a\u0430\u0442\u0435\u0433\u043e\u0440\u0438\u044f \u0434\u043e\u043a\u0443\u043c\u0435\u043d\u0442\u0430", "content_type": 30, "codename": "add_documentcategory"}}, {"model": "auth.permission", "pk": 118, "fields": {"name": "Can change \u041a\u0430\u0442\u0435\u0433\u043e\u0440\u0438\u044f \u0434\u043e\u043a\u0443\u043c\u0435\u043d\u0442\u0430", "content_type": 30, "codename": "change_documentcategory"}}, {"model": "auth.permission", "pk": 119, "fields": {"name": "Can delete \u041a\u0430\u0442\u0435\u0433\u043e\u0440\u0438\u044f \u0434\u043e\u043a\u0443\u043c\u0435\u043d\u0442\u0430", "content_type": 30, "codename": "delete_documentcategory"}}, {"model": "auth.permission", "pk": 120, "fields": {"name": "Can view \u041a\u0430\u0442\u0435\u0433\u043e\u0440\u0438\u044f \u0434\u043e\u043a\u0443\u043c\u0435\u043d\u0442\u0430", "content_type": 30, "codename": "view_documentcategory"}}, {"model": "auth.permission", "pk": 121, "fields": {"name": "Can add \u0425\u0440\u0430\u043d\u0438\u043b\u0438\u0449\u0435 \u0444\u0430\u0439\u043b\u043e\u0432", "content_type": 31, "codename": "add_filestorage"}}, {"model": "auth.permission", "pk": 122, "fields": {"name": "Can change \u0425\u0440\u0430\u043d\u0438\u043b\u0438\u0449\u0435 \u0444\u0430\u0439\u043b\u043e\u0432", "content_type": 31, "codename": "change_filestorage"}}, {"model": "auth.permission", "pk": 123, "fields": {"name": "Can delete \u0425\u0440\u0430\u043d\u0438\u043b\u0438\u0449\u0435 \u0444\u0430\u0439\u043b\u043e\u0432", "content_type": 31, "codename": "delete_filestorage"}}, {"model": "auth.permission", "pk": 124, "fields": {"name": "Can view \u0425\u0440\u0430\u043d\u0438\u043b\u0438\u0449\u0435 \u0444\u0430\u0439\u043b\u043e\u0432", "content_type": 31, "codename": "view_filestorage"}}, {"model": "auth.permission", "pk": 125, "fields": {"name": "Can add \u041f\u0440\u0435\u0434\u043c\u0435\u0442 \u0438\u0441\u0441\u043b\u0435\u0434\u043e\u0432\u0430\u043d\u0438\u0435", "content_type": 32, "codename": "add_subjectofstudy"}}, {"model": "auth.permission", "pk": 126, "fields": {"name": "Can change \u041f\u0440\u0435\u0434\u043c\u0435\u0442 \u0438\u0441\u0441\u043b\u0435\u0434\u043e\u0432\u0430\u043d\u0438\u0435", "content_type": 32, "codename": "change_subjectofstudy"}}, {"model": "auth.permission", "pk": 127, "fields": {"name": "Can delete \u041f\u0440\u0435\u0434\u043c\u0435\u0442 \u0438\u0441\u0441\u043b\u0435\u0434\u043e\u0432\u0430\u043d\u0438\u0435", "content_type": 32, "codename": "delete_subjectofstudy"}}, {"model": "auth.permission", "pk": 128, "fields": {"name": "Can view \u041f\u0440\u0435\u0434\u043c\u0435\u0442 \u0438\u0441\u0441\u043b\u0435\u0434\u043e\u0432\u0430\u043d\u0438\u0435", "content_type": 32, "codename": "view_subjectofstudy"}}, {"model": "auth.permission", "pk": 129, "fields": {"name": "Can add \u0414\u043e\u043a\u0443\u043c\u0435\u043d\u0442 \u0438 \u0438\u0441\u0441\u043b\u0435\u0434\u043e\u0432\u0430\u043d\u0438\u0435", "content_type": 33, "codename": "add_document"}}, {"model": "auth.permission", "pk": 130, "fields": {"name": "Can change \u0414\u043e\u043a\u0443\u043c\u0435\u043d\u0442 \u0438 \u0438\u0441\u0441\u043b\u0435\u0434\u043e\u0432\u0430\u043d\u0438\u0435", "content_type": 33, "codename": "change_document"}}, {"model": "auth.permission", "pk": 131, "fields": {"name": "Can delete \u0414\u043e\u043a\u0443\u043c\u0435\u043d\u0442 \u0438 \u0438\u0441\u0441\u043b\u0435\u0434\u043e\u0432\u0430\u043d\u0438\u0435", "content_type": 33, "codename": "delete_document"}}, {"model": "auth.permission", "pk": 132, "fields": {"name": "Can view \u0414\u043e\u043a\u0443\u043c\u0435\u043d\u0442 \u0438 \u0438\u0441\u0441\u043b\u0435\u0434\u043e\u0432\u0430\u043d\u0438\u0435", "content_type": 33, "codename": "view_document"}}, {"model": "auth.permission", "pk": 133, "fields": {"name": "Can add project discuss item", "content_type": 34, "codename": "add_projectdiscussitem"}}, {"model": "auth.permission", "pk": 134, "fields": {"name": "Can change project discuss item", "content_type": 34, "codename": "change_projectdiscussitem"}}, {"model": "auth.permission", "pk": 135, "fields": {"name": "Can delete project discuss item", "content_type": 34, "codename": "delete_projectdiscussitem"}}, {"model": "auth.permission", "pk": 136, "fields": {"name": "Can view project discuss item", "content_type": 34, "codename": "view_projectdiscussitem"}}, {"model": "auth.permission", "pk": 137, "fields": {"name": "Can add project discuss member", "content_type": 35, "codename": "add_projectdiscussmember"}}, {"model": "auth.permission", "pk": 138, "fields": {"name": "Can change project discuss member", "content_type": 35, "codename": "change_projectdiscussmember"}}, {"model": "auth.permission", "pk": 139, "fields": {"name": "Can delete project discuss member", "content_type": 35, "codename": "delete_projectdiscussmember"}}, {"model": "auth.permission", "pk": 140, "fields": {"name": "Can view project discuss member", "content_type": 35, "codename": "view_projectdiscussmember"}}, {"model": "auth.permission", "pk": 141, "fields": {"name": "Can add \u0443\u0441\u043b\u0443\u0433\u0430 \u0437\u0430\u043a\u0430\u0437\u0430", "content_type": 36, "codename": "add_orderitem"}}, {"model": "auth.permission", "pk": 142, "fields": {"name": "Can change \u0443\u0441\u043b\u0443\u0433\u0430 \u0437\u0430\u043a\u0430\u0437\u0430", "content_type": 36, "codename": "change_orderitem"}}, {"model": "auth.permission", "pk": 143, "fields": {"name": "Can delete \u0443\u0441\u043b\u0443\u0433\u0430 \u0437\u0430\u043a\u0430\u0437\u0430", "content_type": 36, "codename": "delete_orderitem"}}, {"model": "auth.permission", "pk": 144, "fields": {"name": "Can view \u0443\u0441\u043b\u0443\u0433\u0430 \u0437\u0430\u043a\u0430\u0437\u0430", "content_type": 36, "codename": "view_orderitem"}}, {"model": "auth.permission", "pk": 145, "fields": {"name": "Can add \u0437\u0430\u043a\u0430\u0437", "content_type": 37, "codename": "add_order"}}, {"model": "auth.permission", "pk": 146, "fields": {"name": "Can change \u0437\u0430\u043a\u0430\u0437", "content_type": 37, "codename": "change_order"}}, {"model": "auth.permission", "pk": 147, "fields": {"name": "Can delete \u0437\u0430\u043a\u0430\u0437", "content_type": 37, "codename": "delete_order"}}, {"model": "auth.permission", "pk": 148, "fields": {"name": "Can view \u0437\u0430\u043a\u0430\u0437", "content_type": 37, "codename": "view_order"}}, {"model": "auth.permission", "pk": 149, "fields": {"name": "\u041c\u043e\u0436\u043d\u043e \u0432\u0438\u0434\u0435\u0442\u044c \u0432\u0441\u0435 \u0437\u0430\u043a\u0430\u0437\u044b", "content_type": 37, "codename": "orders_view"}}, {"model": "authapp.users", "pk": 1, "fields": {"password": "pbkdf2_sha256$150000$IJw8oQs3LZSg$SHt5p23dwq8Jkf6OdL8QprrnyZ3RE8kqwxYG6oBHqaM=", "last_login": "2019-10-21T17:05:51.965Z", "is_superuser": true, "email": "ipsharaev@gmail.com", "is_staff": true, "is_active": true, "date_joined": "2019-10-09T11:46:30.630Z", "username": "bridges", "first_name": "Evgeny", "last_name": "Sharaev", "patronymic": null, "gender": null, "birthday": null, "phone": "+79250287988", "groups": [], "user_permissions": []}}, {"model": "authapp.users", "pk": 2, "fields": {"password": "", "last_login": null, "is_superuser": false, "email": "", "is_staff": true, "is_active": true, "date_joined": "2019-10-12T15:04:33.766Z", "username": "khokhlov", "first_name": "\u0421\u0435\u0440\u0433\u0435\u0439", "last_name": "\u0425\u043e\u0445\u043b\u043e\u0432", "patronymic": "\u0412\u0438\u043a\u0442\u043e\u0440\u043e\u0432\u0438\u0447", "gender": "male", "birthday": "1987-04-04", "phone": "+71234567890", "groups": [], "user_permissions": []}}, {"model": "authapp.users", "pk": 3, "fields": {"password": "", "last_login": null, "is_superuser": false, "email": "", "is_staff": false, "is_active": true, "date_joined": "2019-10-12T19:36:16.355Z", "username": "master", "first_name": "\u0415\u0432\u0433\u0435\u043d\u0438\u0439", "last_name": "\u0428\u0430\u0440\u0430\u0435\u0432", "patronymic": "\u0412\u0430\u043b\u0435\u0440\u0438\u0435\u0432\u0438\u0447", "gender": "male", "birthday": null, "phone": "+79851438799", "groups": [], "user_permissions": []}}, {"model": "authapp.users", "pk": 4, "fields": {"password": "", "last_login": null, "is_superuser": false, "email": "", "is_staff": false, "is_active": true, "date_joined": "2019-10-12T19:37:25.914Z", "username": "padovan", "first_name": "\u0410\u043d\u0434\u0440\u0435\u0439", "last_name": "\u0424\u0435\u0434\u043e\u0440\u043e\u0432", "patronymic": "\u0410\u043d\u0434\u0440\u0435\u0435\u0432\u0438\u0447", "gender": "male", "birthday": null, "phone": "+79096652432", "groups": [], "user_permissions": []}}, {"model": "authapp.companyusers", "pk": 1, "fields": {"company": 5, "user": 2, "position": "\u0420\u0443\u043a\u043e\u0432\u043e\u0434\u0438\u0442\u0435\u043b\u044c \u043d\u0430\u043f\u0440\u0430\u0432\u043b\u0435\u043d\u0438\u044f", "works": true}}, {"model": "authapp.companyusers", "pk": 2, "fields": {"company": 5, "user": 3, "position": "\u0420\u0443\u043a\u043e\u0432\u043e\u0434\u0438\u0442\u0435\u043b\u044c \u043f\u0440\u043e\u0435\u043a\u0442\u043e\u0432", "works": true}}, {"model": "authapp.companyusers", "pk": 3, "fields": {"company": 5, "user": 4, "position": "\u0417\u0430\u043c\u0435\u0441\u0442\u0438\u0442\u0435\u043b\u044c \u0440\u0443\u043a\u043e\u0432\u043e\u0434\u0438\u0442\u0435\u043b\u044f \u043d\u0430\u043f\u0440\u0430\u0432\u043b\u0435\u043d\u0438\u044f", "works": true}}, {"model": "admin.logentry", "pk": 1, "fields": {"action_time": "2019-10-21T17:10:53.662Z", "user": 1, "content_type": 22, "object_id": "19", "object_repr": "\u0420\u0430\u0437\u0432\u043e\u0440\u043e\u0442\u043d\u0430\u044f \u044d\u0441\u0442\u0430\u043a\u0430\u0434\u0430 \u041f\u0440\u043e\u0444\u0441\u043e\u044e\u0437\u043d\u0430\u044f \u0443\u043b. \u0438 \u041c\u041a\u0410\u0414 (\u041c\u043e\u0441\u043a\u0432\u0430)", "action_flag": 2, "change_message": "[{\"added\": {\"name\": \"project discuss member\", \"object\": \"\\u0443\\u0447\\u0430\\u0441\\u0442\\u043d\\u0438\\u043a \\u0434\\u0438\\u0441\\u043a\\u0443\\u0441\\u0438\\u0438 \\u0420\\u0430\\u0437\\u0432\\u043e\\u0440\\u043e\\u0442\\u043d\\u0430\\u044f \\u044d\\u0441\\u0442\\u0430\\u043a\\u0430\\u0434\\u0430 \\u041f\\u0440\\u043e\\u0444\\u0441\\u043e\\u044e\\u0437\\u043d\\u0430\\u044f \\u0443\\u043b. \\u0438 \\u041c\\u041a\\u0410\\u0414 (\\u041c\\u043e\\u0441\\u043a\\u0432\\u0430)\"}}]"}}, {"model": "admin.logentry", "pk": 2, "fields": {"action_time": "2019-10-21T17:20:44.259Z", "user": 1, "content_type": 22, "object_id": "19", "object_repr": "\u0420\u0430\u0437\u0432\u043e\u0440\u043e\u0442\u043d\u0430\u044f \u044d\u0441\u0442\u0430\u043a\u0430\u0434\u0430 \u041f\u0440\u043e\u0444\u0441\u043e\u044e\u0437\u043d\u0430\u044f \u0443\u043b. \u0438 \u041c\u041a\u0410\u0414 (\u041c\u043e\u0441\u043a\u0432\u0430)", "action_flag": 2, "change_message": "[{\"added\": {\"name\": \"project discuss member\", \"object\": \"\\u0443\\u0447\\u0430\\u0441\\u0442\\u043d\\u0438\\u043a \\u0434\\u0438\\u0441\\u043a\\u0443\\u0441\\u0438\\u0438 \\u0420\\u0430\\u0437\\u0432\\u043e\\u0440\\u043e\\u0442\\u043d\\u0430\\u044f \\u044d\\u0441\\u0442\\u0430\\u043a\\u0430\\u0434\\u0430 \\u041f\\u0440\\u043e\\u0444\\u0441\\u043e\\u044e\\u0437\\u043d\\u0430\\u044f \\u0443\\u043b. \\u0438 \\u041c\\u041a\\u0410\\u0414 (\\u041c\\u043e\\u0441\\u043a\\u0432\\u0430)\"}}]"}}, {"model": "admin.logentry", "pk": 3, "fields": {"action_time": "2019-10-21T18:16:17.944Z", "user": 1, "content_type": 22, "object_id": "19", "object_repr": "\u0420\u0430\u0437\u0432\u043e\u0440\u043e\u0442\u043d\u0430\u044f \u044d\u0441\u0442\u0430\u043a\u0430\u0434\u0430 \u041f\u0440\u043e\u0444\u0441\u043e\u044e\u0437\u043d\u0430\u044f \u0443\u043b. \u0438 \u041c\u041a\u0410\u0414 (\u041c\u043e\u0441\u043a\u0432\u0430)", "action_flag": 2, "change_message": "[{\"deleted\": {\"name\": \"project discuss item\", \"object\": \"\\u043a\\u043e\\u043c\\u043c\\u0435\\u043d\\u0442\\u0430\\u0440\\u0438\\u0439 \\u043a \\u0434\\u0438\\u0441\\u043a\\u0443\\u0441\\u0438\\u0438 \\u0420\\u0430\\u0437\\u0432\\u043e\\u0440\\u043e\\u0442\\u043d\\u0430\\u044f \\u044d\\u0441\\u0442\\u0430\\u043a\\u0430\\u0434\\u0430 \\u041f\\u0440\\u043e\\u0444\\u0441\\u043e\\u044e\\u0437\\u043d\\u0430\\u044f \\u0443\\u043b. \\u0438 \\u041c\\u041a\\u0410\\u0414 (\\u041c\\u043e\\u0441\\u043a\\u0432\\u0430)\"}}, {\"deleted\": {\"name\": \"project discuss item\", \"object\": \"\\u043a\\u043e\\u043c\\u043c\\u0435\\u043d\\u0442\\u0430\\u0440\\u0438\\u0439 \\u043a \\u0434\\u0438\\u0441\\u043a\\u0443\\u0441\\u0438\\u0438 \\u0420\\u0430\\u0437\\u0432\\u043e\\u0440\\u043e\\u0442\\u043d\\u0430\\u044f \\u044d\\u0441\\u0442\\u0430\\u043a\\u0430\\u0434\\u0430 \\u041f\\u0440\\u043e\\u0444\\u0441\\u043e\\u044e\\u0437\\u043d\\u0430\\u044f \\u0443\\u043b. \\u0438 \\u041c\\u041a\\u0410\\u0414 (\\u041c\\u043e\\u0441\\u043a\\u0432\\u0430)\"}}, {\"deleted\": {\"name\": \"project discuss item\", \"object\": \"\\u043a\\u043e\\u043c\\u043c\\u0435\\u043d\\u0442\\u0430\\u0440\\u0438\\u0439 \\u043a \\u0434\\u0438\\u0441\\u043a\\u0443\\u0441\\u0438\\u0438 \\u0420\\u0430\\u0437\\u0432\\u043e\\u0440\\u043e\\u0442\\u043d\\u0430\\u044f \\u044d\\u0441\\u0442\\u0430\\u043a\\u0430\\u0434\\u0430 \\u041f\\u0440\\u043e\\u0444\\u0441\\u043e\\u044e\\u0437\\u043d\\u0430\\u044f \\u0443\\u043b. \\u0438 \\u041c\\u041a\\u0410\\u0414 (\\u041c\\u043e\\u0441\\u043a\\u0432\\u0430)\"}}]"}}, {"model": "admin.logentry", "pk": 4, "fields": {"action_time": "2019-10-21T18:17:49.973Z", "user": 1, "content_type": 22, "object_id": "19", "object_repr": "\u0420\u0430\u0437\u0432\u043e\u0440\u043e\u0442\u043d\u0430\u044f \u044d\u0441\u0442\u0430\u043a\u0430\u0434\u0430 \u041f\u0440\u043e\u0444\u0441\u043e\u044e\u0437\u043d\u0430\u044f \u0443\u043b. \u0438 \u041c\u041a\u0410\u0414 (\u041c\u043e\u0441\u043a\u0432\u0430)", "action_flag": 2, "change_message": "[{\"deleted\": {\"name\": \"project discuss item\", \"object\": \"\\u043a\\u043e\\u043c\\u043c\\u0435\\u043d\\u0442\\u0430\\u0440\\u0438\\u0439 \\u043a \\u0434\\u0438\\u0441\\u043a\\u0443\\u0441\\u0438\\u0438 \\u0420\\u0430\\u0437\\u0432\\u043e\\u0440\\u043e\\u0442\\u043d\\u0430\\u044f \\u044d\\u0441\\u0442\\u0430\\u043a\\u0430\\u0434\\u0430 \\u041f\\u0440\\u043e\\u0444\\u0441\\u043e\\u044e\\u0437\\u043d\\u0430\\u044f \\u0443\\u043b. \\u0438 \\u041c\\u041a\\u0410\\u0414 (\\u041c\\u043e\\u0441\\u043a\\u0432\\u0430)\"}}]"}}, {"model": "admin.logentry", "pk": 5, "fields": {"action_time": "2019-10-22T05:24:52.049Z", "user": 1, "content_type": 13, "object_id": "1", "object_repr": "\u043a\u0433", "action_flag": 1, "change_message": "[{\"added\": {}}]"}}, {"model": "admin.logentry", "pk": 6, "fields": {"action_time": "2019-10-22T05:25:14.706Z", "user": 1, "content_type": 28, "object_id": "1", "object_repr": "\u041a\u0430\u0442\u0435\u0433\u043e\u0440\u0438\u044f \u0443\u0441\u043b\u0443\u0433", "action_flag": 1, "change_message": "[{\"added\": {}}]"}}, {"model": "admin.logentry", "pk": 7, "fields": {"action_time": "2019-10-22T05:25:18.520Z", "user": 1, "content_type": 29, "object_id": "1", "object_repr": "\u0423\u0441\u043b\u0443\u0433\u0430 1", "action_flag": 1, "change_message": "[{\"added\": {}}]"}}, {"model": "admin.logentry", "pk": 8, "fields": {"action_time": "2019-10-22T05:25:20.706Z", "user": 1, "content_type": 14, "object_id": "1", "object_repr": "\u0422\u0435\u0445\u043d\u0438\u0447\u0435\u0441\u043a\u043e\u0435 \u0440\u0435\u0448\u0435\u043d\u0438\u0435 1", "action_flag": 1, "change_message": "[{\"added\": {}}, {\"added\": {\"name\": \"\\u0424\\u043e\\u0442\\u043e\\u0433\\u0440\\u0430\\u0444\\u0438\\u044f \\u0442\\u0435\\u0445\\u043d\\u0438\\u0447\\u0435\\u0441\\u043a\\u043e\\u0433\\u043e \\u0440\\u0435\\u0448\\u0435\\u043d\\u0438\\u044f\", \"object\": \"\"}}, {\"added\": {\"name\": \"technical solutions has service\", \"object\": \"TechnicalSolutionsHasService object (1)\"}}]"}}, {"model": "admin.logentry", "pk": 9, "fields": {"action_time": "2019-10-22T05:29:54.742Z", "user": 1, "content_type": 14, "object_id": "1", "object_repr": "\u0422\u0435\u0445\u043d\u0438\u0447\u0435\u0441\u043a\u043e\u0435 \u0440\u0435\u0448\u0435\u043d\u0438\u0435 1", "action_flag": 2, "change_message": "[{\"added\": {\"name\": \"technical solutions has service\", \"object\": \"TechnicalSolutionsHasService object (2)\"}}]"}}, {"model": "admin.logentry", "pk": 10, "fields": {"action_time": "2019-10-22T05:31:01.346Z", "user": 1, "content_type": 14, "object_id": "1", "object_repr": "\u0422\u0435\u0445\u043d\u0438\u0447\u0435\u0441\u043a\u043e\u0435 \u0440\u0435\u0448\u0435\u043d\u0438\u0435 1", "action_flag": 2, "change_message": "[{\"changed\": {\"fields\": [\"image\"]}}]"}}, {"model": "admin.logentry", "pk": 11, "fields": {"action_time": "2019-10-22T05:31:15.790Z", "user": 1, "content_type": 14, "object_id": "1", "object_repr": "\u0422\u0435\u0445\u043d\u0438\u0447\u0435\u0441\u043a\u043e\u0435 \u0440\u0435\u0448\u0435\u043d\u0438\u0435 1", "action_flag": 2, "change_message": "[{\"deleted\": {\"name\": \"technical solutions has service\", \"object\": \"TechnicalSolutionsHasService object (2)\"}}]"}}, {"model": "admin.logentry", "pk": 12, "fields": {"action_time": "2019-10-22T05:42:59.419Z", "user": 1, "content_type": 22, "object_id": "19", "object_repr": "\u0420\u0430\u0437\u0432\u043e\u0440\u043e\u0442\u043d\u0430\u044f \u044d\u0441\u0442\u0430\u043a\u0430\u0434\u0430 \u041f\u0440\u043e\u0444\u0441\u043e\u044e\u0437\u043d\u0430\u044f \u0443\u043b. \u0438 \u041c\u041a\u0410\u0414 (\u041c\u043e\u0441\u043a\u0432\u0430)", "action_flag": 2, "change_message": "[{\"deleted\": {\"name\": \"project discuss item\", \"object\": \"\\u043a\\u043e\\u043c\\u043c\\u0435\\u043d\\u0442\\u0430\\u0440\\u0438\\u0439 \\u043a \\u0434\\u0438\\u0441\\u043a\\u0443\\u0441\\u0438\\u0438 \\u0420\\u0430\\u0437\\u0432\\u043e\\u0440\\u043e\\u0442\\u043d\\u0430\\u044f \\u044d\\u0441\\u0442\\u0430\\u043a\\u0430\\u0434\\u0430 \\u041f\\u0440\\u043e\\u0444\\u0441\\u043e\\u044e\\u0437\\u043d\\u0430\\u044f \\u0443\\u043b. \\u0438 \\u041c\\u041a\\u0410\\u0414 (\\u041c\\u043e\\u0441\\u043a\\u0432\\u0430)\"}}]"}}, {"model": "admin.logentry", "pk": 13, "fields": {"action_time": "2019-10-22T06:05:49.630Z", "user": 1, "content_type": 37, "object_id": "2", "object_repr": "\u0417\u0430\u043a\u0430\u0437: \u2116 2", "action_flag": 3, "change_message": ""}}, {"model": "projectsapp.projectmanagers", "pk": 14, "fields": {"project": 19, "role": "\u0432\u043b\u0430\u0434\u0435\u043b\u0435\u0446", "manager": 2, "description": "", "is_active": true, "created": "2019-10-12T18:06:22.499Z", "updated": "2019-10-12T18:06:22.499Z"}}, {"model": "projectsapp.projectmanagers", "pk": 15, "fields": {"project": 19, "role": "\u043a\u043e\u043c\u043c\u0435\u0440\u0441\u0430\u043d\u0442", "manager": 3, "description": "", "is_active": true, "created": "2019-10-12T19:37:31.486Z", "updated": "2019-10-12T19:37:31.486Z"}}, {"model": "projectsapp.projectmanagers", "pk": 16, "fields": {"project": 19, "role": "\u043a\u043e\u043c\u043c\u0435\u0440\u0441\u0430\u043d\u0442", "manager": 4, "description": "", "is_active": true, "created": "2019-10-12T19:37:31.487Z", "updated": "2019-10-12T19:37:31.488Z"}}, {"model": "projectsapp.projectdiscussmember", "pk": 1, "fields": {"project": 19, "user": 1}}, {"model": "projectsapp.projectdiscussmember", "pk": 4, "fields": {"project": 19, "user": 4}}, {"model": "projectsapp.projectdiscussitem", "pk": 7, "fields": {"project": 19, "user": 1, "comment": "\u0422\u0435\u0441\u0442\u043e\u0432\u043e\u0435 \u0441\u043e\u043e\u0431\u0449\u0435\u043d\u0438\u0435"}}, {"model": "ordersapp.order", "pk": 1, "fields": {"user": 1, "created": "2019-10-22T06:03:23.322Z", "updated": "2019-10-22T06:03:23.322Z", "status": "PRD", "is_active": true}}]