[{"model": "productsapp.measuretypes", "pk": 1, "fields": {"name": "\u043a\u0438\u043b\u043e\u0433\u0440\u0430\u043c\u043c", "shortcut": "\u043a\u0433.", "description": "", "created": "2019-09-30T13:33:17.001Z", "updated": "2019-09-30T13:33:17.001Z"}}, {"model": "productsapp.measuretypes", "pk": 2, "fields": {"name": "\u043a\u0432\u0430\u0434\u0440\u0430\u0442\u043d\u044b\u0439 \u043c\u0435\u0442\u0440", "shortcut": "\u043c.\u043a\u0432.", "description": "", "created": "2019-10-10T06:12:29.771Z", "updated": "2019-10-10T06:12:29.771Z"}}, {"model": "productsapp.measuretypes", "pk": 3, "fields": {"name": "\u0448\u0442\u0443\u043a \u043d\u0430 500 \u043c.\u043a\u0432.", "shortcut": "\u0448\u0442/500\u043c.\u043a\u0432", "description": "", "created": "2019-10-10T06:19:31.038Z", "updated": "2019-10-10T06:19:31.038Z"}}, {"model": "productsapp.measuretypes", "pk": 4, "fields": {"name": "\u043b\u0438\u0442\u0440", "shortcut": "\u043b.", "description": "", "created": "2019-10-10T07:50:35.336Z", "updated": "2019-10-10T07:50:35.336Z"}}, {"model": "productsapp.measuretypes", "pk": 5, "fields": {"name": "\u043c\u0435\u0442\u0440 \u043f\u043e\u0433\u043e\u043d\u043d\u044b\u0439", "shortcut": "\u043c.\u043f.", "description": "", "created": "2019-10-10T19:32:03.103Z", "updated": "2019-10-10T19:32:03.103Z"}}, {"model": "productsapp.measuretypes", "pk": 6, "fields": {"name": "\u043a\u0438\u043b\u043e\u0433\u0440\u0430\u043c\u043c \u043d\u0430 \u043a\u0432\u0430\u0434\u0440\u0430\u0442\u043d\u044b\u0439 \u043c\u0435\u0442\u0440", "shortcut": "\u043a\u0433./\u043c.\u043a\u0432.", "description": "", "created": "2019-10-17T08:55:21.439Z", "updated": "2019-10-17T08:55:21.439Z"}}, {"model": "productsapp.technicalsolutions", "pk": 1, "fields": {"name": "\u0413\u0438\u0434\u0440\u043e\u0438\u0437\u043e\u043b\u044f\u0446\u0438\u044f \u043c\u043e\u0441\u0442\u043e\u0432\u043e\u0433\u043e \u043f\u043e\u043b\u043e\u0442\u043d\u0430", "slug": "gidroizolyaciya-mostovogo-polotna", "measure": 2, "image": "products_images/rubberflex_55_peresechenie_leninskogo_i_mkad_7_x4VbnjW_I68U5mQ.jpg", "alt_desc": "", "short_desc": "\u041d\u0430\u043f\u044b\u043b\u044f\u0435\u043c\u0430\u044f \u0433\u0438\u0434\u0440\u043e\u0438\u0437\u043e\u043b\u044f\u0446\u0438\u043e\u043d\u043d\u0430\u044f \u0441\u0438\u0441\u0442\u0435\u043c\u0430 \u043f\u0440\u0435\u0434\u043d\u0430\u0437\u043d\u0430\u0447\u0435\u043d\u0430 \u0434\u043b\u044f \u0437\u0430\u0449\u0438\u0442\u044b \u043c\u043e\u0441\u0442\u043e\u0432\u043e\u0433\u043e \u043f\u043e\u043b\u043e\u0442\u043d\u0430 \u043e\u0442 \u0430\u0433\u0440\u0435\u0441\u0441\u0438\u0432\u043d\u043e\u0433\u043e \u0432\u043e\u0437\u0434\u0435\u0439\u0441\u0442\u0432\u0438\u044f \u0432\u043d\u0435\u0448\u043d\u0438\u0445 \u0444\u0430\u043a\u0442\u043e\u0440\u043e\u0432", "description": "\u0413\u0438\u0434\u0440\u043e\u0438\u0437\u043e\u043b\u044f\u0446\u0438\u043e\u043d\u043d\u0430\u044f \u0441\u0438\u0441\u0442\u0435\u043c\u0430 \u00ab\u0420\u0430\u0431\u0431\u0435\u0440\u0444\u043b\u0435\u043a\u0441\u00a9-55\u00bb \u043f\u0440\u0435\u0434\u043d\u0430\u0437\u043d\u0430\u0447\u0435\u043d\u0430 \u0434\u043b\u044f \u0433\u0438\u0434\u0440\u043e\u0438\u0437\u043e\u043b\u044f\u0446\u0438\u0438 \u043c\u043e\u0441\u0442\u043e\u0432 \u0438 \u0442\u043e\u043d\u043d\u0435\u043b\u0435\u0439, \u043f\u043e\u0434\u043f\u043e\u0440\u043d\u044b\u0445 \u0441\u0442\u0435\u043d \u0438 \u043e\u043f\u043e\u0440 \u0438\u0441\u043a\u0443\u0441\u0441\u0442\u0432\u0435\u043d\u043d\u044b\u0445 \u0441\u043e\u043e\u0440\u0443\u0436\u0435\u043d\u0438\u0439. \u041a\u0440\u043e\u043c\u0435 \u0442\u043e\u0433\u043e \u0441\u0438\u0441\u0442\u0435\u043c\u0430 \u00ab\u0420\u0430\u0431\u0431\u0435\u0440\u0444\u043b\u0435\u043a\u0441-55\u00bb \u043d\u0430\u0448\u043b\u0430 \u043f\u0440\u0438\u043c\u0435\u043d\u0435\u043d\u0438\u0435 \u0434\u043b\u044f \u0433\u0438\u0434\u0440\u043e\u0438\u0437\u043e\u043b\u044f\u0446\u0438\u044f \u0444\u0443\u043d\u0434\u0430\u043c\u0435\u043d\u0442\u043e\u0432, \u044d\u043a\u0441\u043f\u043b\u0443\u0430\u0442\u0438\u0440\u0443\u0435\u043c\u044b\u0445 \u043a\u0440\u043e\u0432\u0435\u043b\u044c, \u043f\u043e\u0434\u0437\u0435\u043c\u043d\u044b\u0445 \u0438 \u043d\u0430\u0434\u0437\u0435\u043c\u043d\u044b\u0445 \u043f\u0430\u0440\u043a\u0438\u043d\u0433\u043e\u0432 \u043f\u043e\u0434 \u0443\u0441\u0442\u0440\u043e\u0439\u0441\u0442\u0432\u043e \u0430\u0441\u0444\u0430\u043b\u044c\u0442\u043e\u0432\u043e\u0433\u043e \u043f\u043e\u043a\u0440\u044b\u0442\u0438\u044f. \u0413\u0438\u0434\u0440\u043e\u0438\u0437\u043e\u043b\u044f\u0446\u0438\u044f \u00ab\u0420\u0430\u0431\u0431\u0435\u0440\u0444\u043b\u0435\u043a\u0441-55\u00bb \u043d\u0435 \u0442\u0440\u0435\u0431\u0443\u0435\u0442 \u0443\u0441\u0442\u0440\u043e\u0439\u0441\u0442\u0432\u0430 \u0437\u0430\u0449\u0438\u0442\u043d\u043e\u0433\u043e \u0441\u043b\u043e\u044f \u0436\u0435\u043b\u0435\u0437\u043e\u0431\u0435\u0442\u043e\u043d\u0430 \u0438 \u043c\u043e\u0436\u0435\u0442 \u0443\u043a\u043b\u0430\u0434\u044b\u0432\u0430\u0442\u044c\u0441\u044f \u043d\u0435\u043f\u043e\u0441\u0440\u0435\u0434\u0441\u0442\u0432\u0435\u043d\u043d\u043e \u043f\u043e\u0434 \u0433\u043e\u0440\u044f\u0447\u0438\u0439 \u0430\u0441\u0444\u0430\u043b\u044c\u0442. \u0412 \u0441\u043b\u0443\u0447\u0430\u0435 \u0443\u043a\u043b\u0430\u0434\u043a\u0438 \u0443\u043f\u043b\u043e\u0442\u043d\u044f\u0435\u043c\u044b\u0445 \u0430\u0441\u0444\u0430\u043b\u044c\u0442\u043e\u0431\u0435\u0442\u043e\u043d\u043d\u044b\u0445 \u0441\u043c\u0435\u0441\u0435\u0439 \u0440\u0435\u043a\u043e\u043c\u0435\u043d\u0434\u0443\u0435\u0442\u0441\u044f \u043f\u0440\u0435\u0434\u0432\u0430\u0440\u0438\u0442\u0435\u043b\u044c\u043d\u044b\u0439 \u0440\u043e\u0437\u043b\u0438\u0432 \u0431\u0438\u0442\u0443\u043c\u043d\u043e\u0439 \u044d\u043c\u0443\u043b\u044c\u0441\u0438\u0438", "price": "2750.00", "created": "2019-09-30T13:35:59.814Z", "updated": "2019-11-02T16:43:09.441Z", "is_active": true}}, {"model": "productsapp.technicalsolutions", "pk": 2, "fields": {"name": "\u0417\u0430\u0449\u0438\u0442\u043d\u043e\u0435 \u043f\u043e\u043b\u0438\u043c\u0435\u0440\u043d\u043e\u0435 \u043f\u043e\u043a\u0440\u044b\u0442\u0438\u0435", "slug": "zashitnoe-polimernoe-pokrytie", "measure": 2, "image": "products_images/matacryl_peshekhodnyy_most_podolsk_4_Clg1PdW_5246RaS_k6IbAeb.jpg", "alt_desc": "", "short_desc": "\u041f\u043e\u043a\u0440\u044b\u0442\u0438\u0435 \u0437\u0430\u0449\u0438\u0449\u0430\u0435\u0442 \u043a\u043e\u043d\u0441\u0442\u0440\u0443\u043a\u0446\u0438\u0438 \u043c\u043e\u0441\u0442\u0430 \u043e\u0442 \u043a\u043e\u0440\u0440\u043e\u0437\u0438\u0438 \u0438 \u043e\u0431\u0435\u0441\u043f\u0435\u0447\u0438\u0432\u0430\u0435\u0442 \u0431\u0435\u0437\u043e\u043f\u0430\u0441\u043d\u043e\u0435 \u0438 \u043a\u043e\u043c\u0444\u043e\u0440\u0442\u043d\u043e\u0435 \u0434\u0432\u0438\u0436\u0435\u043d\u0438\u0435 \u043f\u0435\u0448\u0435\u0445\u043e\u0434\u043e\u0432 \u0432 \u0437\u0438\u043c\u043d\u0438\u0439 \u0441\u0435\u0437\u043e\u043d", "description": "\u0421\u0438\u0441\u0442\u0435\u043c\u0430 \u041c\u0430\u0442\u0430\u043a\u0440\u0438\u043b (Matacryl) \u043f\u0440\u0435\u0434\u0441\u0442\u0430\u0432\u043b\u044f\u0435\u0442 \u0441\u043e\u0431\u043e\u0439 \u0442\u043e\u043d\u043a\u043e\u0441\u043b\u043e\u0439\u043d\u043e\u0435 \u043f\u043e\u043b\u0438\u043c\u0435\u0440\u043d\u043e\u0435 \u043f\u043e\u043a\u0440\u044b\u0442\u0438\u0435 \u0434\u043b\u044f \u043c\u043e\u0441\u0442\u043e\u0432 \u043d\u0430 \u043e\u0441\u043d\u043e\u0432\u0435 \u043f\u043e\u043b\u0438\u043c\u0435\u0442\u0438\u043b\u043c\u0435\u0442\u0430\u043a\u0440\u0438\u043b\u0430\u0442\u0430 (\u041f\u041c\u041c\u0410), \u0437\u0430\u043c\u0435\u043d\u044f\u044e\u0449\u0435\u0435 \u0433\u0438\u0434\u0440\u043e\u0438\u0437\u043e\u043b\u044f\u0446\u0438\u044e \u0438 \u0434\u043e\u0440\u043e\u0436\u043d\u0443\u044e \u043e\u0434\u0435\u0436\u0434\u0443 \u043d\u0430 \u043e\u0431\u044a\u0435\u043a\u0442\u0430\u0445 \u0442\u0440\u0430\u043d\u0441\u043f\u043e\u0440\u0442\u043d\u043e\u0433\u043e \u0441\u0442\u0440\u043e\u0438\u0442\u0435\u043b\u044c\u0441\u0442\u0432\u0430. \u041f\u0440\u0438\u043c\u0435\u043d\u044f\u0435\u0442\u0441\u044f \u043a\u0430\u043a \u0444\u0438\u043d\u0438\u0448\u043d\u043e\u0435 \u043f\u043e\u043b\u0438\u043c\u0435\u0440\u043d\u043e\u0433\u043e \u043f\u043e\u043a\u0440\u044b\u0442\u0438\u0435 \u0434\u043b\u044f \u0430\u0432\u0442\u043e\u0434\u043e\u0440\u043e\u0436\u043d\u044b\u0445 \u043c\u043e\u0441\u0442\u043e\u0432, \u043f\u043e\u043b\u0438\u043c\u0435\u0440\u043d\u043e\u0435 \u043f\u043e\u043a\u0440\u044b\u0442\u0438\u0435 \u043f\u0435\u0448\u0435\u0445\u043e\u0434\u043d\u044b\u0445 \u043c\u043e\u0441\u0442\u043e\u0432 \u0438 \u043f\u0440\u043e\u0445\u043e\u0436\u0438\u0445 \u0437\u043e\u043d \u0430\u0432\u0442\u043e\u0434\u043e\u0440\u043e\u0436\u043d\u044b\u0445 \u043c\u043e\u0441\u0442\u043e\u0432. \u0421\u0438\u0441\u0442\u0435\u043c\u0430 \u041c\u0430\u0442\u0430\u043a\u0440\u0438\u043b \u0430\u043a\u0442\u0438\u0432\u043d\u043e \u043f\u0440\u0438\u043c\u0435\u043d\u044f\u0435\u0442\u0441\u044f \u0434\u043b\u044f \u0443\u0441\u0442\u0440\u043e\u0439\u0441\u0442\u0432\u0430 \u043f\u043e\u043b\u0438\u043c\u0435\u0440\u043d\u043e\u0433\u043e \u043f\u043e\u043a\u0440\u044b\u0442\u0438\u044f \u043d\u0430 \u043b\u0435\u0441\u0442\u043d\u0438\u0447\u043d\u044b\u0445 \u0441\u0445\u043e\u0434\u0430\u0445 \u0438 \u043f\u0430\u043d\u0434\u0443\u0441\u0430\u0445, \u043e\u0431\u0435\u0441\u043f\u0435\u0447\u0438\u0432\u0430\u044f \u043a\u043e\u043c\u0444\u043e\u0440\u0442\u043d\u043e\u0435 \u0434\u0432\u0438\u0436\u0435\u043d\u0438\u044f \u043c\u0430\u043b\u043e\u043c\u043e\u0431\u0438\u043b\u044c\u043d\u043e\u0439 \u0433\u0440\u0443\u043f\u043f\u044b \u043d\u0430\u0441\u0435\u043b\u0435\u043d\u0438\u044f (\u041c\u0413\u041d). \u0411\u043b\u0430\u0433\u043e\u0434\u0430\u0440\u044f \u0448\u0438\u0440\u043e\u043a\u043e\u0439 \u0446\u0432\u0435\u0442\u043e\u0432\u043e\u0439 \u0433\u0430\u043c\u043c\u0435 \u0438 \u0432\u044b\u0441\u043e\u043a\u043e\u0439 \u0430\u0434\u0433\u0435\u0437\u0438\u0438 \u043a \u0430\u0441\u0444\u0430\u043b\u044c\u0442\u043e\u0431\u0435\u0442\u043e\u043d\u0443, \u043c\u043e\u0436\u0435\u0442 \u043f\u0440\u0438\u043c\u0435\u043d\u044f\u0442\u044c\u0441\u044f \u0434\u043b\u044f \u0443\u0441\u0442\u0440\u043e\u0439\u0441\u0442\u0432\u0430 \u0441\u0438\u0433\u043d\u0430\u043b\u044c\u043d\u044b\u0445 \u043f\u043e\u043a\u0440\u044b\u0442\u0438\u0439 \u0434\u043b\u044f \u0441\u043b\u0430\u0431\u043e\u0432\u0438\u0434\u044f\u0449\u0438\u0445, \u0430 \u0442\u0430\u043a\u0436\u0435 \u0432 \u043a\u0430\u0447\u0435\u0441\u0442\u0432\u0435 \u043f\u043e\u043a\u0440\u044b\u0442\u0438\u044f \u043f\u0440\u043e\u0442\u0438\u0432\u043e\u0441\u043a\u043e\u043b\u044c\u0436\u0435\u043d\u0438\u044f \u043d\u0430 \u043f\u0443\u043d\u043a\u0442\u0430\u0445 \u043e\u043f\u043b\u0430\u0442\u044b.", "price": "2950.00", "created": "2019-09-30T13:43:07.742Z", "updated": "2019-11-03T10:38:24.108Z", "is_active": true}}, {"model": "productsapp.technicalsolutions", "pk": 3, "fields": {"name": "\u0417\u0430\u0449\u0438\u0442\u0430 \u0434\u0435\u0444\u043e\u0440\u043c\u0430\u0446\u0438\u043e\u043d\u043d\u044b\u0445 \u0448\u0432\u043e\u0432", "slug": "sistema-zashity-deformacionnyh-shvov", "measure": 5, "image": "products_images/d_sh.jpg", "alt_desc": "", "short_desc": "\u041f\u0440\u043e\u0447\u043d\u043e-\u0443\u043f\u0440\u0443\u0433\u0438\u0439 \u043f\u043e\u043b\u0438\u043c\u0435\u0440\u0431\u0435\u0442\u043e\u043d \u043d\u0430 \u043e\u0441\u043d\u043e\u0432\u0435 \u043f\u043e\u043b\u0438\u0443\u0440\u0435\u0442\u0430\u043d\u043e\u0432\u044b\u0445 \u0441\u043c\u043e\u043b \u0437\u0430\u0449\u0438\u0449\u0430\u0435\u0442 \u0434\u0435\u0444\u043e\u0440\u043c\u0430\u0446\u0438\u043e\u043d\u043d\u044b\u0439 \u0448\u043e\u0432 \u043c\u043e\u0441\u0442\u0430 \u043e\u0442 \u0434\u0438\u043d\u0430\u043c\u0438\u0447\u0435\u0441\u043a\u043e\u0433\u043e \u0432\u043e\u0437\u0434\u0435\u0439\u0441\u0442\u0432\u0438\u044f", "description": "\u0414\u0435\u0444\u043e\u0440\u043c\u0430\u0446\u0438\u043e\u043d\u043d\u044b\u0435 \u0448\u0432\u044b \u2013 \u043d\u0430\u0438\u0431\u043e\u043b\u0435\u0435 \u0441\u043b\u0430\u0431\u044b\u0439 \u0443\u0447\u0430\u0441\u0442\u043e\u043a \u0432 \u043a\u043e\u043d\u0441\u0442\u0440\u0443\u043a\u0446\u0438\u0438 \u0434\u043e\u0440\u043e\u0436\u043d\u043e\u0433\u043e \u043f\u043e\u043b\u043e\u0442\u043d\u0430 \u043c\u043e\u0441\u0442\u043e\u0432\u044b\u0445 \u0441\u043e\u043e\u0440\u0443\u0436\u0435\u043d\u0438\u0439. \u0414\u043b\u044f \u0443\u0432\u0435\u043b\u0438\u0447\u0435\u043d\u0438\u044f \u0441\u0440\u043e\u043a\u0430 \u0441\u043b\u0443\u0436\u0431\u044b \u043c\u0435\u0442\u0430\u043b\u043b\u0438\u0447\u0435\u0441\u043a\u043e\u0433\u043e \u043f\u0440\u043e\u0444\u0438\u043b\u044f \u0434\u0435\u0444\u043e\u0440\u043c\u0430\u0446\u0438\u043e\u043d\u043d\u043e\u0433\u043e \u0448\u0432\u0430 \u0438 \u0441\u043e\u043f\u0440\u044f\u0433\u0430\u044e\u0449\u0435\u0439\u0441\u044f \u0441 \u043d\u0438\u043c \u0434\u043e\u0440\u043e\u0436\u043d\u043e\u0439 \u043e\u0434\u0435\u0436\u0434\u044b \u043d\u0435\u043e\u0431\u0445\u043e\u0434\u0438\u043c\u043e \u0442\u0449\u0430\u0442\u0435\u043b\u044c\u043d\u043e \u043f\u043e\u0434\u043e\u0439\u0442\u0438 \u043a \u043f\u0440\u043e\u0440\u0430\u0431\u043e\u0442\u043a\u0435 \u0440\u0435\u0448\u0435\u043d\u0438\u044f \u043f\u0435\u0440\u0435\u0445\u043e\u0434\u043d\u044b\u0445 \u0437\u043e\u043d: \u0438\u0445 \u043a\u043e\u043d\u0441\u0442\u0440\u0443\u043a\u0446\u0438\u0438 \u0438 \u0432\u044b\u0431\u043e\u0440\u0443 \u043c\u0430\u0442\u0435\u0440\u0438\u0430\u043b\u043e\u0432.\r\n\u041d\u0430 \u0441\u0435\u0433\u043e\u0434\u043d\u044f\u0448\u043d\u0438\u0439 \u0434\u0435\u043d\u044c \u0432 \u0420\u043e\u0441\u0441\u0438\u0438 \u0438\u0441\u043f\u043e\u043b\u044c\u0437\u0443\u0435\u0442\u0441\u044f \u043d\u0435\u0441\u043a\u043e\u043b\u044c\u043a\u043e \u0441\u043f\u043e\u0441\u043e\u0431\u043e\u0432 \u0443\u0441\u0442\u0440\u043e\u0439\u0441\u0442\u0432\u0430 \u0437\u0430\u0449\u0438\u0442\u043d\u044b\u0445 \u0437\u043e\u043d \u043f\u0440\u0438\u043c\u044b\u043a\u0430\u043d\u0438\u0439: \u044d\u0442\u043e \u0440\u0435\u0448\u0435\u043d\u0438\u044f \u043e\u0441\u043d\u043e\u0432\u0430\u043d\u043d\u044b\u0435 \u043d\u0430 \u043f\u0440\u0438\u043c\u0435\u043d\u0435\u043d\u0438\u0438 \u0440\u0430\u0437\u043b\u0438\u0447\u043d\u044b\u0445 \u043f\u043e\u043b\u0438\u043c\u0435\u0440\u0431\u0435\u0442\u043e\u043d\u043e\u0432 (\u0442\u0438\u043f\u0430 Betoflex\u00ae, ROBO\u00aeFlex) \u0438 \u043c\u0430\u0441\u0442\u0438\u0447\u043d\u044b\u0445 \u0441\u0432\u044f\u0437\u0443\u044e\u0449\u0438\u0445 \u0441 \u0449\u0435\u0431\u0435\u043d\u043e\u0447\u043d\u044b\u043c \u043d\u0430\u043f\u043e\u043b\u043d\u0438\u0442\u0435\u043b\u0435\u043c (\u0442\u0438\u043f\u0430 \u041f\u0423\u0413\u041c\u041a\u00ae). \u042d\u0442\u0438 \u0440\u0435\u0448\u0435\u043d\u0438\u044f, \u0442\u0430\u043a \u0438\u043b\u0438 \u0438\u043d\u0430\u0447\u0435, \u0438\u043c\u0435\u044e\u0442 \u0440\u044f\u0434 \u043c\u0438\u043d\u0443\u0441\u043e\u0432 \u0441\u0432\u044f\u0437\u0430\u043d\u043d\u044b\u0445 \u043b\u0438\u0431\u043e \u0441 \u043d\u0435\u0434\u043e\u0441\u0442\u0430\u0442\u043e\u0447\u043d\u043e \u0445\u043e\u0440\u043e\u0448\u0438\u043c\u0438 \u043f\u043e\u043a\u0430\u0437\u0430\u0442\u0435\u043b\u044f\u043c\u0438 \u0438\u0437\u043d\u043e\u0441\u043e\u0441\u0442\u043e\u0439\u043a\u043e\u0441\u0442\u0438 \u0438 \u0436\u0435\u0441\u0442\u043a\u043e\u0441\u0442\u0438 (\u0447\u0442\u043e \u043f\u0440\u0438\u0432\u043e\u0434\u0438\u0442 \u043a \u043e\u0431\u0440\u0430\u0437\u043e\u0432\u0430\u043d\u0438\u044e \u043a\u043e\u043b\u0435\u0438 \u0438 \u043f\u0440\u0435\u0436\u0434\u0435\u0432\u0440\u0435\u043c\u0435\u043d\u043d\u043e\u043c\u0443 \u0438\u0437\u043d\u043e\u0441\u0443 \u043f\u0440\u043e\u0444\u0438\u043b\u044f \u0414\u0428), \u043b\u0438\u0431\u043e \u0441 \u0438\u0445 \u043a\u0440\u0430\u0439\u043d\u0435 \u0432\u044b\u0441\u043e\u043a\u043e\u0439 \u0441\u0442\u043e\u0438\u043c\u043e\u0441\u0442\u044c\u044e. (\u0421\u043c\u043e\u0442\u0440\u0438 \u043a\u043e\u043d\u044a\u044e\u043d\u043a\u0442\u0443\u0440\u043d\u044b\u0439 \u0430\u043d\u0430\u043b\u0438\u0437 \u0446\u0435\u043d)", "price": "0.00", "created": "2019-09-30T13:45:29.164Z", "updated": "2019-10-30T13:07:55.374Z", "is_active": true}}, {"model": "productsapp.technicalsolutions", "pk": 4, "fields": {"name": "\u041f\u043e\u0434\u0437\u0435\u043c\u043d\u0430\u044f \u0433\u0438\u0434\u0440\u043e\u0438\u0437\u043e\u043b\u044f\u0446\u0438\u044f", "slug": "gidroizolyaciya-podzemnyh-chastej-konstrukcij", "measure": 2, "image": "products_images/dorojnaya_1.jpeg", "alt_desc": "", "short_desc": "\u041d\u0435\u0441\u0443\u0449\u0438\u0435 \u043a\u043e\u043d\u0441\u0442\u0440\u0443\u043a\u0446\u0438\u0438 \u043c\u043e\u0441\u0442\u0430 \u0437\u0430\u0449\u0438\u0449\u0430\u044e\u0442\u0441\u044f \u043e\u0442 \u0434\u0435\u0439\u0441\u0442\u0432\u0438\u044f \u0430\u0433\u0440\u0435\u0441\u0441\u0438\u0432\u043d\u044b\u0445 \u0444\u0430\u043a\u0442\u043e\u0440\u043e\u0432 \u0441\u0440\u0435\u0434\u044b \u0441 \u043f\u043e\u043c\u043e\u0449\u044c\u044e \u043d\u0430\u043f\u044b\u043b\u044f\u0435\u043c\u043e\u0439 \u0433\u0438\u0434\u0440\u043e\u0438\u0437\u043e\u043b\u044f\u0446\u0438\u0438", "description": "", "price": "1450.00", "created": "2019-10-01T11:26:24.843Z", "updated": "2019-10-30T13:08:28.618Z", "is_active": true}}, {"model": "productsapp.technicalsolutions", "pk": 5, "fields": {"name": "\u0422\u043e\u043d\u043a\u043e\u0441\u043b\u043e\u0439\u043d\u0430\u044f \u0434\u043e\u0440\u043e\u0436\u043d\u0430\u044f \u043e\u0434\u0435\u0436\u0434\u0430", "slug": "tonkoslojnaya-dorozhnaya-odezhda", "measure": 2, "image": "products_images/tonkosloy.jpg", "alt_desc": "", "short_desc": "\u041f\u043e\u043a\u0440\u044b\u0442\u0438\u0435 \u0437\u0430\u0449\u0438\u0449\u0430\u0435\u0442 \u043a\u043e\u043d\u0441\u0442\u0440\u0443\u043a\u0446\u0438\u0438 \u043c\u043e\u0441\u0442\u0430, \u0443\u043c\u0435\u043d\u044c\u0448\u0430\u0435\u0442 \u0441\u0442\u0430\u0442\u0438\u0447\u0435\u0441\u043a\u0443\u044e \u043d\u0430\u0433\u0440\u0443\u0437\u043a\u0443, \u0430 \u0442\u0430\u043a\u0436\u0435 \u043d\u0430 \u0438 \u043e\u0431\u0435\u0441\u043f\u0435\u0447\u0438\u0432\u0430\u0435\u0442 \u0431\u0435\u0437\u043e\u043f\u0430\u0441\u043d\u043e\u0435 \u0434\u0432\u0438\u0436\u0435\u043d\u0438\u0435 \u0430\u0432\u0442\u043e\u0442\u0440\u0430\u043d\u0441\u043f\u043e\u0440\u0442\u0430", "description": "", "price": "12000.00", "created": "2019-10-01T11:44:10.206Z", "updated": "2019-10-30T13:09:01.347Z", "is_active": true}}, {"model": "productsapp.technicalsolutions", "pk": 6, "fields": {"name": "\u0413\u0438\u0434\u0440\u043e\u0438\u0437\u043e\u043b\u044f\u0446\u0438\u044f \u0442\u043e\u043d\u043d\u0435\u043b\u0435\u0439", "slug": "gidroizolyaciya-tonnelej", "measure": 2, "image": "products_images/tonneli.jpg", "alt_desc": "", "short_desc": "\u0413\u0438\u0434\u0440\u043e\u0438\u0437\u043e\u043b\u044f\u0446\u0438\u043e\u043d\u043d\u0430\u044f \u0441\u0438\u0441\u0442\u0435\u043c\u0430 \u043d\u0430\u0434\u0435\u0436\u043d\u043e \u0437\u0430\u0449\u0438\u0449\u0430\u0435\u0442 \u0442\u0435\u043b\u043e \u0442\u043e\u043d\u043d\u0435\u043b\u044f \u0438 \u0435\u0433\u043e \u0438\u043d\u0436\u0435\u043d\u0435\u0440\u043d\u044b\u0435 \u0441\u0435\u0442\u0438 \u043e\u0442 \u043f\u0440\u043e\u0442\u0435\u0447\u0435\u043a \u0438 \u0440\u0430\u0437\u0440\u0443\u0448\u0430\u044e\u0449\u0435\u0433\u043e \u0432\u043b\u0438\u044f\u043d\u0438\u044f \u0432\u043d\u0435\u0448\u043d\u0438\u0445 \u0444\u0430\u043a\u0442\u043e\u0440\u043e\u0432 \u0441\u0440\u0435\u0434\u044b", "description": "", "price": "7590.00", "created": "2019-10-01T12:30:39.767Z", "updated": "2019-10-30T13:09:17.395Z", "is_active": true}}, {"model": "productsapp.technicalsolutionsimage", "pk": 1, "fields": {"material": 1, "alt_desc": "", "image": "products_images/rubberflex_55_peresechenie_leninskogo_i_mkad_7_x4VbnjW.jpg", "is_active": true, "created": "2019-09-30T13:37:10.495Z", "updated": "2019-09-30T13:37:10.495Z"}}, {"model": "productsapp.technicalsolutionsimage", "pk": 2, "fields": {"material": 1, "alt_desc": "", "image": "products_images/rekonstrukciya_mosta_v_chistopolskom_rayone_08_RfChnLy.png", "is_active": true, "created": "2019-09-30T13:37:10.502Z", "updated": "2019-09-30T13:37:10.502Z"}}, {"model": "productsapp.technicalsolutionsimage", "pk": 3, "fields": {"material": 1, "alt_desc": "", "image": "products_images/2017_rubberflex_tskad_reka_desna_65.jpg", "is_active": true, "created": "2019-09-30T13:37:10.518Z", "updated": "2019-09-30T13:37:10.518Z"}}, {"model": "productsapp.technicalsolutionsimage", "pk": 4, "fields": {"material": 1, "alt_desc": "", "image": "products_images/volokolamskogo_i_ilinskogo_shosse_1_kfLhOLK.jpeg", "is_active": true, "created": "2019-09-30T13:37:10.524Z", "updated": "2019-09-30T13:37:10.525Z"}}, {"model": "productsapp.technicalsolutionsimage", "pk": 5, "fields": {"material": 2, "alt_desc": "", "image": "products_images/moskva_kharkov_11.png", "is_active": true, "created": "2019-09-30T13:43:07.752Z", "updated": "2019-09-30T13:43:07.752Z"}}, {"model": "productsapp.technicalsolutionsimage", "pk": 6, "fields": {"material": 2, "alt_desc": "", "image": "products_images/peshehodny_perehod_na_avtodoroge_saratov_ustkurdyum_010.png", "is_active": true, "created": "2019-09-30T13:43:07.755Z", "updated": "2019-09-30T13:43:07.755Z"}}, {"model": "productsapp.technicalsolutionsimage", "pk": 7, "fields": {"material": 2, "alt_desc": "", "image": "products_images/img_0288.jpg", "is_active": true, "created": "2019-09-30T13:43:07.759Z", "updated": "2019-09-30T13:43:07.759Z"}}, {"model": "productsapp.technicalsolutionsimage", "pk": 8, "fields": {"material": 3, "alt_desc": "", "image": "products_images/deformatsionnyy_shov_rabberflex_55_5_DvV8Iol.jpg", "is_active": true, "created": "2019-09-30T13:45:29.172Z", "updated": "2019-09-30T13:45:29.172Z"}}, {"model": "productsapp.technicalsolutionsimage", "pk": 9, "fields": {"material": 3, "alt_desc": "", "image": "products_images/deformatsionnyy_shov_rabberflex_55_6_8UAWC8F.jpg", "is_active": true, "created": "2019-09-30T13:45:29.176Z", "updated": "2019-09-30T13:45:29.176Z"}}, {"model": "productsapp.materialcategory", "pk": 1, "fields": {"name": "\u0413\u0440\u0443\u043d\u0442\u043e\u0432\u043a\u0438", "description": "", "created": "2019-09-30T13:33:02.798Z", "updated": "2019-09-30T13:33:02.798Z"}}, {"model": "productsapp.materialcategory", "pk": 2, "fields": {"name": "\u041c\u0430\u0441\u0442\u0438\u043a\u0438", "description": "", "created": "2019-09-30T13:34:11.121Z", "updated": "2019-09-30T13:34:11.121Z"}}, {"model": "productsapp.materialcategory", "pk": 3, "fields": {"name": "\u041c\u0438\u043d\u0435\u0440\u0430\u043b\u044b", "description": "", "created": "2019-09-30T13:35:34.575Z", "updated": "2019-09-30T13:35:34.575Z"}}, {"model": "productsapp.materialcategory", "pk": 4, "fields": {"name": "\u041b\u0430\u043a\u0438", "description": "", "created": "2019-09-30T13:41:07.192Z", "updated": "2019-09-30T13:41:07.192Z"}}, {"model": "productsapp.materialcategory", "pk": 5, "fields": {"name": "\u0414\u043e\u0431\u0430\u0432\u043a\u0438", "description": "", "created": "2019-09-30T13:41:50.589Z", "updated": "2019-09-30T13:41:50.589Z"}}, {"model": "productsapp.material", "pk": 1, "fields": {"name": "\u041f\u0440\u0430\u0439\u043c\u0435\u0440 \u0423\u043d\u0438\u0432\u0435\u0440\u0441\u0430\u043b 2\u041a", "slug": "prajmer-universal-2k", "category": 1, "measure": 1, "image": "products_images/universal_primer_2k_4060_a_12.640.020_8kg_b_12kg_12.641.020_1_lxEaa0E.png", "alt_desc": "", "short_desc": "", "description": "", "price": "560.00", "quantity": 0, "created": "2019-09-30T13:33:33.394Z", "updated": "2019-09-30T13:33:33.394Z"}}, {"model": "productsapp.material", "pk": 2, "fields": {"name": "\u0420\u0430\u0431\u0431\u0435\u0440\u0444\u043b\u0435\u043a\u0441-55", "slug": "rabberfleks-55", "category": 2, "measure": 1, "image": "products_images/rabberfleks_55.png", "alt_desc": "", "short_desc": "", "description": "", "price": "650.00", "quantity": 0, "created": "2019-09-30T13:35:18.323Z", "updated": "2019-09-30T13:35:18.323Z"}}, {"model": "productsapp.material", "pk": 3, "fields": {"name": "\u041a\u0432\u0430\u0440\u0446 2,0-2,5", "slug": "kvarc-20-25", "category": 3, "measure": 1, "image": "", "alt_desc": "", "short_desc": "", "description": "", "price": "12.00", "quantity": 0, "created": "2019-09-30T13:35:46.321Z", "updated": "2019-09-30T13:35:46.321Z"}}, {"model": "productsapp.material", "pk": 4, "fields": {"name": "\u041c\u0430\u0442\u0430\u043a\u0440\u0438\u043b \u041f\u0440\u0430\u0439\u043c\u0435\u0440 \u0421\u041c", "slug": "matakril-prajmer-sm", "category": 1, "measure": 1, "image": "", "alt_desc": "", "short_desc": "", "description": "", "price": "950.00", "quantity": 0, "created": "2019-09-30T13:40:04.243Z", "updated": "2019-09-30T13:40:04.243Z"}}, {"model": "productsapp.material", "pk": 5, "fields": {"name": "\u041c\u0430\u0442\u0430\u043a\u0440\u0438\u043b \u0412\u041b \u0420\u0435\u0437\u0438\u043d", "slug": "matakril-vl-rezin", "category": 2, "measure": 1, "image": "", "alt_desc": "", "short_desc": "", "description": "", "price": "1250.00", "quantity": 0, "created": "2019-09-30T13:40:39.015Z", "updated": "2019-09-30T13:40:39.015Z"}}, {"model": "productsapp.material", "pk": 6, "fields": {"name": "\u041c\u0430\u0442\u0430\u043a\u0440\u0438\u043b \u0421\u0422\u0421 \u041a\u043b\u0435\u0440", "slug": "matakril-sts-kler", "category": 4, "measure": 1, "image": "", "alt_desc": "", "short_desc": "", "description": "", "price": "1150.00", "quantity": 0, "created": "2019-09-30T13:41:15.967Z", "updated": "2019-09-30T13:41:15.967Z"}}, {"model": "productsapp.material", "pk": 7, "fields": {"name": "\u0426\u0432\u0435\u0442\u043d\u043e\u0439 \u043a\u0432\u0430\u0440\u0446", "slug": "cvetnoj-kvarc", "category": 3, "measure": 1, "image": "", "alt_desc": "", "short_desc": "", "description": "", "price": "23.00", "quantity": 0, "created": "2019-09-30T13:41:34.743Z", "updated": "2019-09-30T13:41:34.743Z"}}, {"model": "productsapp.material", "pk": 8, "fields": {"name": "\u041c\u0430\u0442\u0430\u043a\u0440\u0438\u043b \u041a\u0430\u0442\u0430\u043b\u0438\u0441\u0442", "slug": "matakril-katalist", "category": 5, "measure": 1, "image": "", "alt_desc": "", "short_desc": "", "description": "", "price": "2250.00", "quantity": 0, "created": "2019-09-30T13:42:01.706Z", "updated": "2019-09-30T13:42:01.706Z"}}, {"model": "productsapp.material", "pk": 9, "fields": {"name": "\u0420\u0430\u0431\u0431\u0435\u0440\u0444\u043b\u0435\u043a\u0441 \u0414\u0428 250", "slug": "rabberfleks-dsh-250", "category": 2, "measure": 1, "image": "", "alt_desc": "", "short_desc": "", "description": "", "price": "1950.00", "quantity": 0, "created": "2019-09-30T13:44:17.449Z", "updated": "2019-09-30T13:44:17.449Z"}}, {"model": "productsapp.material", "pk": 10, "fields": {"name": "\u0420\u0430\u0431\u0431\u0435\u0440\u0444\u043b\u0435\u043a\u0441 \u041f\u0440\u0430\u0439\u043c\u0435\u0440", "slug": "rabberfleks-prajmer", "category": 1, "measure": 1, "image": "", "alt_desc": "", "short_desc": "", "description": "", "price": "650.00", "quantity": 0, "created": "2019-09-30T13:44:35.203Z", "updated": "2019-09-30T13:44:35.203Z"}}, {"model": "productsapp.material", "pk": 11, "fields": {"name": "\u0429\u0435\u0431\u0435\u043d\u044c \u0433\u0440\u0430\u043d\u0438\u0442\u043d\u044b\u0439 5-20", "slug": "sheben-granitnyj-5-20", "category": 3, "measure": 1, "image": "", "alt_desc": "", "short_desc": "", "description": "", "price": "9.00", "quantity": 0, "created": "2019-09-30T13:44:56.257Z", "updated": "2019-09-30T13:44:56.257Z"}}, {"model": "productsapp.material", "pk": 12, "fields": {"name": "\u042d\u043b\u0435\u043a\u0442\u0440\u043e\u043a\u043e\u0440\u0443\u043d\u0434", "slug": "elektrokorund", "category": 3, "measure": 1, "image": "", "alt_desc": "", "short_desc": "", "description": "", "price": "75.00", "quantity": 0, "created": "2019-10-01T11:43:36.037Z", "updated": "2019-10-01T11:43:36.037Z"}}, {"model": "productsapp.material", "pk": 13, "fields": {"name": "\u0410\u043a\u0441\u0435\u043b\u0435\u0440\u0430\u0442\u043e\u0440 3000\u0410", "slug": "akselerator-3000a", "category": 5, "measure": 1, "image": "", "alt_desc": "", "short_desc": "", "description": "", "price": "1150.00", "quantity": 0, "created": "2019-10-01T19:44:25.479Z", "updated": "2019-10-01T19:44:25.479Z"}}, {"model": "productsapp.material", "pk": 14, "fields": {"name": "\u0422\u0438\u043a\u0441\u043e\u0442\u0443\u043b", "slug": "tiksotul", "category": 5, "measure": 1, "image": "", "alt_desc": "", "short_desc": "", "description": "", "price": "490.00", "quantity": 0, "created": "2019-10-01T19:46:06.518Z", "updated": "2019-10-01T19:46:06.518Z"}}, {"model": "productsapp.material", "pk": 15, "fields": {"name": "\u0429\u0435\u0431\u0435\u043d\u044c \u0433\u0440\u0430\u043d\u0438\u0442\u043d\u044b\u0439 10-20", "slug": "sheben-granitnyj-10-20", "category": 3, "measure": 1, "image": "", "alt_desc": "", "short_desc": "", "description": "", "price": "13.00", "quantity": 0, "created": "2019-10-01T19:47:55.237Z", "updated": "2019-10-01T19:47:55.237Z"}}, {"model": "productsapp.material", "pk": 16, "fields": {"name": "\u041a\u0432\u0430\u0440\u0446 0,3-0,8", "slug": "kvarc-03-08", "category": 3, "measure": 1, "image": "", "alt_desc": "", "short_desc": "", "description": "", "price": "7.00", "quantity": 0, "created": "2019-10-01T19:49:11.707Z", "updated": "2019-10-01T19:49:11.707Z"}}, {"model": "productsapp.material", "pk": 17, "fields": {"name": "\u041a\u0432\u0430\u0440\u0446\u0435\u0432\u0430\u044f \u0441\u043c\u0435\u0441\u044c \u0421\u041d\u041b", "slug": "kvarcevaya-smes-snl", "category": 3, "measure": 1, "image": "", "alt_desc": "", "short_desc": "", "description": "", "price": "0.00", "quantity": 0, "created": "2019-10-01T19:50:31.170Z", "updated": "2019-10-01T19:50:31.170Z"}}, {"model": "productsapp.material", "pk": 18, "fields": {"name": "\u0413\u0435\u043e\u0434\u0435\u0441\u043c\u043e-50", "slug": "geodesmo-50", "category": 1, "measure": 1, "image": "", "alt_desc": "", "short_desc": null, "description": "", "price": "650.00", "quantity": 0, "created": "2019-10-10T07:48:35.238Z", "updated": "2019-10-10T07:48:35.238Z"}}, {"model": "productsapp.material", "pk": 19, "fields": {"name": "\u041f\u0440\u0430\u0439\u043c\u0435\u0440 \u0410\u043a\u0432\u0430\u0434\u044e\u0440", "slug": "prajmer-akvadyur", "category": 1, "measure": 1, "image": "", "alt_desc": "", "short_desc": null, "description": "", "price": "690.00", "quantity": 0, "created": "2019-10-10T07:49:06.978Z", "updated": "2019-10-10T07:49:06.978Z"}}, {"model": "productsapp.material", "pk": 20, "fields": {"name": "\u041a\u0441\u0438\u043b\u043e\u043b", "slug": "ksilol", "category": 5, "measure": 4, "image": "", "alt_desc": "", "short_desc": null, "description": "", "price": "72.00", "quantity": 0, "created": "2019-10-10T07:50:44.819Z", "updated": "2019-10-10T07:50:44.819Z"}}, {"model": "productsapp.workcategory", "pk": 1, "fields": {"name": "\u041f\u043e\u0434\u0433\u043e\u0442\u043e\u0432\u0438\u0442\u0435\u043b\u044c\u043d\u044b\u0435 \u0440\u0430\u0431\u043e\u0442\u044b", "description": "", "created": "2019-10-10T06:10:00.378Z", "updated": "2019-10-10T06:10:00.378Z"}}, {"model": "productsapp.workcategory", "pk": 2, "fields": {"name": "\u041e\u0441\u043d\u043e\u0432\u043d\u043e\u0439 \u0441\u043e\u0441\u0442\u0430\u0432 \u0440\u0430\u0431\u043e\u0442", "description": "", "created": "2019-10-10T06:10:38.904Z", "updated": "2019-10-10T06:10:38.904Z"}}, {"model": "productsapp.workcategory", "pk": 3, "fields": {"name": "\u041f\u0440\u043e\u0432\u0435\u0440\u043a\u0430 \u043a\u0430\u0447\u0435\u0441\u0442\u0432\u0430 \u0438 \u0441\u0434\u0430\u0447\u0430 \u0440\u0430\u0431\u043e\u0442", "description": "", "created": "2019-10-10T06:10:49.992Z", "updated": "2019-10-10T06:11:06.347Z"}}, {"model": "productsapp.workcategory", "pk": 4, "fields": {"name": "\u041f\u0440\u043e\u043c\u0435\u0436\u0443\u0442\u043e\u0447\u043d\u0430\u044f \u043f\u0440\u043e\u0432\u0435\u0440\u043a\u0430 \u043a\u0430\u0447\u0435\u0441\u0442\u0432\u0430", "description": "", "created": "2019-10-10T06:20:40.420Z", "updated": "2019-10-10T06:20:40.420Z"}}, {"model": "productsapp.work", "pk": 1, "fields": {"name": "\u041e\u0431\u0435\u0441\u043f\u044b\u043b\u0438\u0432\u0430\u043d\u0438\u0435 / \u043f\u0440\u043e\u0434\u0443\u0432\u043a\u0430 \u0441\u0436\u0430\u0442\u044b\u043c \u0432\u043e\u0437\u0434\u0443\u0445\u043e\u043c", "category": 1, "measure": 2, "image": "", "file": "", "alt_desc": "", "short_desc": null, "description": "", "price": "0.00", "created": "2019-10-10T06:12:36.810Z", "updated": "2019-10-10T06:12:56.164Z", "materials": []}}, {"model": "productsapp.work", "pk": 2, "fields": {"name": "\u041f\u043e\u0434\u0433\u043e\u0442\u043e\u0432\u043a\u0430 \u043f\u043e\u0432\u0435\u0440\u0445\u043d\u043e\u0441\u0442\u0438 \u0436\u0435\u043b\u0435\u0437\u043e\u0431\u0435\u0442\u043e\u043d\u043d\u043e\u0439 \u0438\u043b\u0438 \u043e\u0440\u0442\u043e\u0442\u0440\u043e\u043f\u043d\u043e\u0439 \u043c\u0435\u0442\u0430\u043b\u043b\u0438\u0447\u0435\u0441\u043a\u043e\u0439 \u043f\u043b\u0438\u0442\u044b \u043f\u0440\u043e\u043b\u0435\u0442\u043d\u043e\u0433\u043e \u0441\u0442\u0440\u043e\u0435\u043d\u0438\u044f", "category": 1, "measure": 2, "image": "", "file": "", "alt_desc": "", "short_desc": null, "description": "\u041f\u043e\u0434\u0433\u043e\u0442\u043e\u0432\u043a\u0443 \u0431\u0435\u0442\u043e\u043d\u043d\u043e\u0439 \u043f\u043e\u0432\u0435\u0440\u0445\u043d\u043e\u0441\u0442\u0438 \u043f\u0440\u043e\u0438\u0437\u0432\u043e\u0434\u044f\u0442 \u0441\u0443\u0445\u043e\u0439 \u0438\u043b\u0438 \u0432\u043b\u0430\u0436\u043d\u043e\u0439 \u0441\u0442\u0440\u0443\u0439\u043d\u043e-\u0430\u0431\u0440\u0430\u0437\u0438\u0432\u043d\u043e\u0439 \u043e\u0447\u0438\u0441\u0442\u043a\u043e\u0439 \u0438\u043b\u0438 \u0448\u043b\u0438\u0444\u043e\u0432\u0430\u043b\u044c\u043d\u044b\u043c\u0438 \u043c\u0430\u0448\u0438\u043d\u0430\u043c\u0438 \u043f\u043b\u0430\u043d\u0435\u0442\u0430\u0440\u043d\u043e\u0433\u043e \u0442\u0438\u043f\u0430. \u0422\u0430\u043a\u0436\u0435 \u0434\u043e\u043f\u0443\u0441\u043a\u0430\u0435\u0442\u0441\u044f \u043f\u043e\u0434\u0433\u043e\u0442\u043e\u0432\u043a\u0430 \u0431\u0435\u0442\u043e\u043d\u0430 \u0437\u0430\u0442\u0438\u0440\u043e\u0447\u043d\u044b\u043c\u0438 \u043c\u0430\u0448\u0438\u043d\u0430\u043c\u0438. \u041e\u0447\u0438\u0441\u0442\u043a\u0443 \u043f\u043e\u0432\u0435\u0440\u0445\u043d\u043e\u0441\u0442\u0438 \u043e\u0440\u0442\u043e\u0442\u0440\u043e\u043f\u043d\u043e\u0439 \u043f\u043b\u0438\u0442\u044b \u043e\u0442 \u043e\u043a\u0438\u0441\u043b\u043e\u0432 \u0438 \u043e\u043a\u0440\u0430\u0441\u043e\u0447\u043d\u044b\u0445 \u0437\u0430\u0432\u043e\u0434\u0441\u043a\u0438\u0445 \u043f\u043e\u043a\u0440\u044b\u0442\u0438\u0439, \u0432\u044b\u043f\u043e\u043b\u043d\u044f\u044e\u0442 \u0441\u0442\u0440\u0443\u0439\u043d\u043e-\u0430\u0431\u0440\u0430\u0437\u0438\u0432\u043d\u044b\u043c \u043c\u0435\u0442\u043e\u0434\u043e\u043c \u0441 \u0438\u0441\u043f\u043e\u043b\u044c\u0437\u043e\u0432\u0430\u043d\u0438\u0435\u043c \u043f\u0435\u0441\u043a\u043e\u0441\u0442\u0440\u0443\u0439\u043d\u044b\u0445 \u0438\u043b\u0438 \u0434\u0440\u043e\u0431\u0435\u0441\u0442\u0440\u0443\u0439\u043d\u044b\u0445 \u0430\u043f\u043f\u0430\u0440\u0430\u0442\u043e\u0432.", "price": "0.00", "created": "2019-10-10T06:13:18.049Z", "updated": "2019-10-10T07:21:21.981Z", "materials": []}}, {"model": "productsapp.work", "pk": 3, "fields": {"name": "\u0413\u0440\u0443\u043d\u0442\u043e\u0432\u0430\u043d\u0438\u0435 \u043f\u043e\u0432\u0435\u0440\u0445\u043d\u043e\u0441\u0442\u0438", "category": 2, "measure": 6, "image": "", "file": "", "alt_desc": "", "short_desc": null, "description": "\u0413\u0440\u0443\u043d\u0442\u043e\u0432\u0430\u043d\u0438\u0435 \u0431\u0435\u0442\u043e\u043d\u043d\u043e\u0439 \u043f\u043e\u0432\u0435\u0440\u0445\u043d\u043e\u0441\u0442\u0438 \u0432\u044b\u043f\u043e\u043b\u043d\u044f\u044e\u0442 \u0432 \u0441\u0443\u0445\u0443\u044e \u043f\u043e\u0433\u043e\u0434\u0443 \u043f\u043e \u0437\u0430\u0440\u0430\u043d\u0435\u0435 \u043f\u043e\u0434\u0433\u043e\u0442\u043e\u0432\u043b\u0435\u043d\u043d\u043e\u0439 \u043f\u043e\u0432\u0435\u0440\u0445\u043d\u043e\u0441\u0442\u0438. \u0412\u044b\u0431\u043e\u0440 \u0433\u0440\u0443\u043d\u0442\u043e\u0432\u043e\u0447\u043d\u043e\u0433\u043e \u0441\u043e\u0441\u0442\u0430\u0432\u0430 \u0437\u0430\u0432\u0438\u0441\u0438\u0442 \u043e\u0442 \u043c\u0430\u0442\u0435\u0440\u0438\u0430\u043b\u0430 \u043f\u043e\u0432\u0435\u0440\u0445\u043d\u043e\u0441\u0442\u0438, \u043e\u0442 \u0435\u0433\u043e \u043f\u043e\u0440\u0438\u0441\u0442\u043e\u0441\u0442\u0438 \u0438 \u0432\u043b\u0430\u0436\u043d\u043e\u0441\u0442\u0438 (\u0435\u0441\u043b\u0438 \u0431\u0435\u0442\u043e\u043d), \u0441\u0440\u043e\u043a\u043e\u0432 \u0438 \u0443\u0441\u043b\u043e\u0432\u0438\u0439 \u043f\u0440\u043e\u0438\u0437\u0432\u043e\u0434\u0441\u0442\u0432\u0430 \u0440\u0430\u0431\u043e\u0442.", "price": "0.00", "created": "2019-10-10T06:13:52.148Z", "updated": "2019-10-17T08:55:25.975Z", "materials": [1, 10, 18, 19]}}, {"model": "productsapp.work", "pk": 4, "fields": {"name": "\u0423\u0441\u0442\u0440\u043e\u0439\u0441\u0442\u0432\u043e \u0433\u0438\u0434\u0440\u043e\u0438\u0437\u043e\u043b\u044f\u0446\u0438\u043e\u043d\u043d\u043e\u0439 \u043c\u0435\u043c\u0431\u0440\u0430\u043d\u044b", "category": 2, "measure": 6, "image": "", "file": "", "alt_desc": "", "short_desc": null, "description": "", "price": "0.00", "created": "2019-10-10T06:14:27.108Z", "updated": "2019-10-17T08:56:10.010Z", "materials": [2, 13, 14, 20]}}, {"model": "productsapp.work", "pk": 5, "fields": {"name": "\u041f\u0440\u0438\u0441\u044b\u043f\u043a\u0430 \u043f\u043e\u0432\u0435\u0440\u0445\u043d\u043e\u0441\u0442\u0438 \u043c\u0438\u043d\u0435\u0440\u0430\u043b\u044c\u043d\u044b\u043c \u043d\u0430\u043f\u043e\u043b\u043d\u0438\u0442\u0435\u043b\u0435\u043c", "category": 2, "measure": 6, "image": "", "file": "", "alt_desc": "", "short_desc": null, "description": "", "price": "0.00", "created": "2019-10-10T06:16:13.483Z", "updated": "2019-10-17T08:55:55.877Z", "materials": [3]}}, {"model": "productsapp.work", "pk": 6, "fields": {"name": "\u0423\u0434\u0430\u043b\u0435\u043d\u0438\u0435 \u0438\u0437\u043b\u0438\u0448\u043a\u043e\u0432 \u043d\u0430\u043f\u043e\u043b\u043d\u0438\u0442\u0435\u043b\u044f", "category": 2, "measure": 2, "image": "", "file": "", "alt_desc": "", "short_desc": null, "description": "", "price": "0.00", "created": "2019-10-10T06:17:12.208Z", "updated": "2019-10-10T06:17:12.208Z", "materials": []}}, {"model": "productsapp.work", "pk": 7, "fields": {"name": "\u0418\u0441\u043f\u044b\u0442\u0430\u043d\u0438\u044f \u0430\u0434\u0433\u0435\u0437\u0438\u0438 \u043c\u0435\u0442\u043e\u0434\u043e\u043c \u043e\u0442\u0440\u044b\u0432\u0430 \u0413\u041e\u0421\u0422 28574", "category": 3, "measure": 3, "image": "", "file": "products_files/gost_28574.pdf", "alt_desc": "", "short_desc": null, "description": "\u0414\u043b\u044f \u043f\u0440\u043e\u0432\u0435\u0440\u043a\u0438 \u0441\u043e\u043e\u0442\u0432\u0435\u0442\u0441\u0442\u0432\u0438\u044f \u043d\u043e\u0440\u043c\u0430\u0442\u0438\u0432\u043d\u044b\u043c \u0442\u0440\u0435\u0431\u043e\u0432\u0430\u043d\u0438\u044f\u043c \u0430\u0434\u0433\u0435\u0437\u0438\u0438, \u043f\u043e \u043e\u043a\u043e\u043d\u0447\u0430\u043d\u0438\u0438 \u0440\u0430\u0431\u043e\u0442 \u0438 \u043d\u0430\u0431\u043e\u0440\u0430 \u043f\u0440\u043e\u0447\u043d\u043e\u0441\u0442\u0438 \u043c\u0430\u0442\u0435\u0440\u0438\u0430\u043b\u0430, \u043f\u0440\u043e\u0438\u0437\u0432\u043e\u0434\u044f\u0442 \u0438\u0441\u043f\u044b\u0442\u0430\u043d\u0438\u044f \u043c\u0435\u0442\u043e\u0434\u043e\u043c \u0432\u0435\u0440\u0442\u0438\u043a\u0430\u043b\u044c\u043d\u043e\u0433\u043e \u043e\u0442\u0440\u044b\u0432\u0430 \u043f\u043e \u0413\u041e\u0421\u0422 28574-2014.", "price": "0.00", "created": "2019-10-10T06:19:44.557Z", "updated": "2019-10-10T07:32:02.273Z", "materials": []}}, {"model": "productsapp.work", "pk": 8, "fields": {"name": "\u0412\u0438\u0437\u0443\u0430\u043b\u044c\u043d\u0430\u044f \u043e\u0446\u0435\u043d\u043a\u0430 \u0441\u043f\u043b\u043e\u0448\u043d\u043e\u0441\u0442\u0438 \u0433\u0438\u0434\u0440\u043e\u0438\u0437\u043e\u043b\u044f\u0446\u0438\u0438", "category": 4, "measure": 2, "image": "", "file": "", "alt_desc": "", "short_desc": null, "description": "", "price": "0.00", "created": "2019-10-10T06:20:50.879Z", "updated": "2019-10-10T06:20:50.879Z", "materials": []}}, {"model": "productsapp.work", "pk": 9, "fields": {"name": "\u0423\u0441\u0442\u0440\u043e\u0439\u0441\u0442\u0432\u043e \u0438\u0437\u043d\u043e\u0441\u043e\u0441\u0442\u043e\u0439\u043a\u043e\u0433\u043e \u0441\u043b\u043e\u044f", "category": 2, "measure": 6, "image": "", "file": "", "alt_desc": "", "short_desc": null, "description": "", "price": "0.00", "created": "2019-10-20T14:21:47.377Z", "updated": "2019-10-20T14:21:47.377Z", "materials": [5, 7, 8, 12]}}, {"model": "productsapp.work", "pk": 10, "fields": {"name": "\u041d\u0430\u043d\u0435\u0441\u0435\u043d\u0438\u0435 \u0444\u0438\u043d\u0438\u0448\u043d\u043e\u0433\u043e \u043b\u0430\u043a\u0430", "category": 2, "measure": 6, "image": "", "file": "", "alt_desc": "", "short_desc": null, "description": "", "price": "0.00", "created": "2019-10-20T14:23:15.851Z", "updated": "2019-10-20T14:23:15.851Z", "materials": []}}, {"model": "productsapp.productwork", "pk": 2, "fields": {"product": 1, "work": 2, "consumption": null, "value": "0.00", "material": []}}, {"model": "productsapp.productwork", "pk": 3, "fields": {"product": 1, "work": 1, "consumption": null, "value": "0.00", "material": []}}, {"model": "productsapp.productwork", "pk": 4, "fields": {"product": 1, "work": 3, "consumption": "0.30", "value": "0.00", "material": [1, 10, 18, 19, 20]}}, {"model": "productsapp.productwork", "pk": 5, "fields": {"product": 1, "work": 4, "consumption": "2.10", "value": "0.00", "material": [2, 13, 20]}}, {"model": "productsapp.productwork", "pk": 6, "fields": {"product": 1, "work": 5, "consumption": "4.50", "value": "0.00", "material": [3]}}, {"model": "productsapp.productwork", "pk": 7, "fields": {"product": 1, "work": 6, "consumption": null, "value": "0.00", "material": []}}, {"model": "productsapp.productwork", "pk": 8, "fields": {"product": 1, "work": 7, "consumption": null, "value": "0.00", "material": []}}, {"model": "productsapp.productwork", "pk": 9, "fields": {"product": 2, "work": 2, "consumption": null, "value": "0.00", "material": []}}, {"model": "productsapp.productwork", "pk": 10, "fields": {"product": 2, "work": 3, "consumption": "0.30", "value": "0.00", "material": [4, 8, 16]}}, {"model": "productsapp.productwork", "pk": 12, "fields": {"product": 2, "work": 9, "consumption": "4.50", "value": "0.00", "material": [5, 7, 8, 12]}}, {"model": "productsapp.productwork", "pk": 13, "fields": {"product": 2, "work": 10, "consumption": "0.70", "value": "0.00", "material": [6, 8]}}, {"model": "productsapp.productwork", "pk": 14, "fields": {"product": 2, "work": 7, "consumption": null, "value": "0.00", "material": []}}, {"model": "productsapp.technicalsolutionshasservice", "pk": 1, "fields": {"technicalsolutions": 2, "service": 1}}, {"model": "productsapp.technicalsolutionshasservice", "pk": 2, "fields": {"technicalsolutions": 1, "service": 1}}, {"model": "productsapp.technicalsolutionshasservice", "pk": 4, "fields": {"technicalsolutions": 3, "service": 1}}, {"model": "productsapp.technicalsolutionshasservice", "pk": 5, "fields": {"technicalsolutions": 1, "service": 3}}]