[{"model": "projectsapp.project", "pk": 1, "fields": {"name": "\u0411\u0440\u0430\u0442\u0435\u0435\u0432\u0441\u043a\u0438\u0439 \u043c\u043e\u0441\u0442", "slug": "brateevskij-most", "description": "", "image": "projects_images/avatars/bratislavskiy_most_01.jpg", "status": "\u0437\u0430\u0432\u0435\u0440\u0448\u0435\u043d", "creation_date": "2019-10-03T08:01:09.069Z", "updated": "2019-10-31T20:36:24.472Z", "city": "\u041c\u043e\u0441\u043a\u0432\u0430", "address": null, "coordinate": "55.640484, 37.747734", "map_mark": "brateevskij_most", "text_for_map": "", "is_active": false}}, {"model": "projectsapp.project", "pk": 2, "fields": {"name": "\u0410\u0432\u0442\u043e\u0437\u0430\u0432\u043e\u0434\u0441\u043a\u0438\u0439 \u043c\u043e\u0441\u0442", "slug": "avtozavodskij-most", "description": "", "image": "projects_images/avatars/2017_rubberflex_55_avtozavodskiy_most.jpg", "status": "\u0437\u0430\u0432\u0435\u0440\u0448\u0435\u043d", "creation_date": "2019-10-03T09:15:42.451Z", "updated": "2019-10-31T20:42:58.920Z", "city": "\u041c\u043e\u0441\u043a\u0432\u0430", "address": null, "coordinate": "55.705329, 37.628328", "map_mark": "avtozavodskij_most", "text_for_map": "", "is_active": false}}, {"model": "projectsapp.project", "pk": 3, "fields": {"name": "\u041d\u0430\u0433\u0430\u0442\u0438\u043d\u0441\u043a\u0438\u0439 \u043c\u043e\u0441\u0442", "slug": "", "description": "", "image": "projects_images/avatars/2016_nagatinsky_most_1.jpg", "status": "\u0437\u0430\u0432\u0435\u0440\u0448\u0435\u043d", "creation_date": "2019-10-03T09:17:11.441Z", "updated": "2019-11-01T05:04:25.935Z", "city": "\u041c\u043e\u0441\u043a\u0432\u0430", "address": null, "coordinate": "55.686403, 37.665366", "map_mark": "nagatinskij_most", "text_for_map": "\u041d\u0430\u0433\u0430\u0442\u0438\u043d\u0441\u043a\u0438\u0439 \u043c\u043e\u0441\u0442", "is_active": false}}, {"model": "projectsapp.project", "pk": 4, "fields": {"name": "\u041c\u043e\u0441\u0442 \u0447/\u0437 \u0440. \u0414\u0435\u0441\u043d\u0430", "slug": "most-chz-r-desna", "description": "", "image": "projects_images/avatars/2017_rubberflex_tskad_reka_desna_0_7.jpg", "status": "\u0437\u0430\u0432\u0435\u0440\u0448\u0435\u043d", "creation_date": "2019-10-03T09:19:56.047Z", "updated": "2019-10-31T20:31:04.906Z", "city": "\u041c\u043e\u0441\u043a\u043e\u0432\u0441\u043a\u0430\u044f \u043e\u0431\u043b\u0430\u0441\u0442\u044c", "address": null, "coordinate": "55.545187, 36.987684", "map_mark": "most_chz_r_desna", "text_for_map": "", "is_active": false}}, {"model": "projectsapp.project", "pk": 5, "fields": {"name": "\u041c\u043e\u0441\u0442 \u0447/\u0437 \u0440. \u041e\u043a\u0430", "slug": "most-chz-r-oka", "description": "", "image": "projects_images/avatars/most_cherez_reku_oka_ryazan_03.jpg", "status": "\u0437\u0430\u0432\u0435\u0440\u0448\u0435\u043d", "creation_date": "2019-10-03T09:22:27.190Z", "updated": "2019-10-31T20:40:26.181Z", "city": "\u0420\u044f\u0437\u0430\u043d\u044c", "address": null, "coordinate": "54.653218, 39.805796", "map_mark": "most_chz_r_oka", "text_for_map": "", "is_active": false}}, {"model": "projectsapp.project", "pk": 6, "fields": {"name": "\u041c\u043e\u0441\u0442 \u0447/\u0437 \u0440. \u041a\u0430\u043c\u0447\u0430\u0442\u043a\u0430", "slug": "", "description": "", "image": "projects_images/avatars/maracryl_most_kamchatca_16.jpg", "status": "\u0441\u0442\u0440\u043e\u0438\u0442\u0435\u043b\u044c\u0441\u0442\u0432\u043e", "creation_date": "2019-10-03T09:24:23.748Z", "updated": "2019-10-31T19:59:56.106Z", "city": "\u041f\u0435\u0442\u0440\u043e\u043f\u0430\u0432\u043b\u043e\u0432\u0441\u043a-\u041a\u0430\u043c\u0447\u0430\u0442\u0441\u043a\u0438\u0439", "address": null, "coordinate": "55.923144, 159.678884", "map_mark": "most_chz_r_kamchatka", "text_for_map": "", "is_active": false}}, {"model": "projectsapp.project", "pk": 7, "fields": {"name": "\u042d\u0441\u0442\u0430\u043a\u0430\u0434\u0430 \u0418\u043b\u044c\u0438\u043d\u0441\u043a\u043e\u0433\u043e \u0448\u043e\u0441\u0441\u0435", "slug": "estakada-ilinskogo-shosse", "description": "", "image": "projects_images/avatars/volokolamka_ilinka_03.jpg", "status": "\u0441\u0442\u0440\u043e\u0438\u0442\u0435\u043b\u044c\u0441\u0442\u0432\u043e", "creation_date": "2019-10-03T09:26:44.635Z", "updated": "2019-10-31T20:41:51.874Z", "city": "\u041c\u043e\u0441\u043a\u043e\u0432\u0441\u043a\u0430\u044f \u043e\u0431\u043b\u0430\u0441\u0442\u044c", "address": null, "coordinate": "55.816072, 37.352646", "map_mark": "estakada_ilinskogo_shosse", "text_for_map": "", "is_active": false}}, {"model": "projectsapp.project", "pk": 8, "fields": {"name": "\u041c\u043e\u0441\u0442 \u0447/\u0437 \u0440. \u0410\u043a\u0442\u0430\u0439", "slug": "most-chz-r-aktaj", "description": "", "image": "projects_images/avatars/Aktai.jpeg", "status": "\u0437\u0430\u0432\u0435\u0440\u0448\u0435\u043d", "creation_date": "2019-10-03T09:31:30.757Z", "updated": "2019-10-31T20:34:13.405Z", "city": "\u041d\u043e\u0432\u043e\u0441\u0438\u0431\u0438\u0440\u0441\u043a", "address": null, "coordinate": null, "map_mark": "most_chz_r_aktaj", "text_for_map": "", "is_active": false}}, {"model": "projectsapp.project", "pk": 9, "fields": {"name": "\u041f\u0443\u0442\u0435\u043f\u0440\u043e\u0432\u043e\u0434 \u0447/\u0437 \u0443\u043b. \u0414\u043e\u0440\u043e\u0436\u043d\u0430\u044f", "slug": "puteprovod-chz-ul-dorozhnaya", "description": "", "image": "projects_images/avatars/Dorozhnaya.jpeg", "status": "\u0441\u0442\u0440\u043e\u0438\u0442\u0435\u043b\u044c\u0441\u0442\u0432\u043e", "creation_date": "2019-10-03T09:33:54.522Z", "updated": "2019-10-31T20:02:58.474Z", "city": "\u041c\u043e\u0441\u043a\u0432\u0430", "address": null, "coordinate": "55.586462, 37.613720", "map_mark": "puteprovod_chz_ul_dorozhnaja", "text_for_map": "", "is_active": false}}, {"model": "projectsapp.project", "pk": 10, "fields": {"name": "\u041c\u043e\u0441\u0442 \u0447/\u0437 \u0440. \u0421\u044f\u0441\u044c", "slug": "most-chz-r-syas", "description": "", "image": "projects_images/avatars/syas1.jpg", "status": "\u0437\u0430\u0432\u0435\u0440\u0448\u0435\u043d", "creation_date": "2019-10-08T12:59:34.900Z", "updated": "2019-10-31T19:50:42.995Z", "city": "\u0421\u0430\u043d\u043a\u0442-\u041f\u0435\u0442\u0435\u0440\u0431\u0443\u0440\u0433", "address": null, "coordinate": null, "map_mark": "most_chz_r_sjas", "text_for_map": "", "is_active": false}}, {"model": "projectsapp.project", "pk": 11, "fields": {"name": "\u0414\u0432\u043e\u0440\u0446\u043e\u0432\u044b\u0439 \u043c\u043e\u0441\u0442", "slug": "dvorcovyj-most", "description": "", "image": "projects_images/avatars/dvortsoviy5.jpg", "status": "\u0437\u0430\u0432\u0435\u0440\u0448\u0435\u043d", "creation_date": "2019-10-08T13:00:59.815Z", "updated": "2019-10-31T19:58:12.047Z", "city": "\u0421\u0430\u043d\u043a\u0442-\u041f\u0435\u0442\u0435\u0440\u0431\u0443\u0440\u0433", "address": "\u0421\u0430\u043d\u043a\u0442-\u041f\u0435\u0442\u0435\u0440\u0431\u0443\u0440\u0433", "coordinate": null, "map_mark": "dvortsovyj_most", "text_for_map": "", "is_active": false}}, {"model": "projectsapp.project", "pk": 12, "fields": {"name": "\u0417\u0432\u0435\u043d\u0438\u0433\u043e\u0440\u043e\u0434\u0441\u043a\u0438\u0439 \u043f\u0443\u0442\u0435\u043f\u0440\u043e\u0432\u043e\u0434", "slug": "zvenigorodskij-puteprovod", "description": "", "image": "projects_images/avatars/zvenigorodka1-_1_.jpg", "status": "\u0432\u044b\u043f\u043b\u0430\u0442\u0430", "creation_date": "2019-10-08T13:04:05.740Z", "updated": "2019-10-31T20:26:34.899Z", "city": "\u041c\u043e\u0441\u043a\u0432\u0430", "address": null, "coordinate": null, "map_mark": "zvenigorodskij_puteprovod", "text_for_map": "", "is_active": false}}, {"model": "projectsapp.project", "pk": 13, "fields": {"name": "\u041f\u0435\u0448\u0435\u0445\u043e\u0434\u043d\u044b\u0439 \u043c\u043e\u0441\u0442 \u0443 \u0441\u0442\u0430\u043d\u0446\u0438\u0438 \u0417\u0418\u041b", "slug": "peshehodnyj-most-u-stancii-zil", "description": "", "image": "projects_images/avatars/2016.09._matacryl_remont_pokrytiya_peshekhodnyy_most_4.jpg", "status": "\u0437\u0430\u0432\u0435\u0440\u0448\u0435\u043d", "creation_date": "2019-10-08T13:05:13.147Z", "updated": "2019-10-31T20:38:28.554Z", "city": "\u041c\u043e\u0441\u043a\u0432\u0430", "address": null, "coordinate": "55.707539, 37.663929", "map_mark": "peshehodnyj_most_u_stantsii_zil", "text_for_map": "", "is_active": false}}, {"model": "projectsapp.project", "pk": 14, "fields": {"name": "\u041f\u0435\u0448\u0435\u0445\u043e\u0434\u043d\u044b\u0439 \u043c\u043e\u0441\u0442 \u0432 \u043f\u0430\u0440\u043a\u0435 \u0426\u0430\u0440\u0438\u0446\u044b\u043d\u043e", "slug": "peshehodnyj-most-v-parke-caricyno", "description": "", "image": "projects_images/avatars/avatar.jpg", "status": "\u0437\u0430\u0432\u0435\u0440\u0448\u0435\u043d", "creation_date": "2019-10-08T13:05:59.078Z", "updated": "2019-10-31T20:34:47.101Z", "city": "\u041c\u043e\u0441\u043a\u0432\u0430", "address": null, "coordinate": "55.616147, 37.678017", "map_mark": "peshehodnyj_most_v_parke_tsaritsyno", "text_for_map": "", "is_active": false}}, {"model": "projectsapp.project", "pk": 15, "fields": {"name": "\u041f\u0435\u0448\u0435\u0445\u043e\u0434\u043d\u044b\u0439 \u043c\u043e\u0441\u0442 \u0432 \u0434. \u041c\u043e\u0437\u0436\u0435\u043d\u043a\u0430", "slug": "peshehodnyj-most-v-d-mozzhenka", "description": "", "image": "projects_images/avatars/peshehodnyj_perehod_u_d_mozzhinka_015.jpg", "status": "\u0437\u0430\u0432\u0435\u0440\u0448\u0435\u043d", "creation_date": "2019-10-08T13:07:03.120Z", "updated": "2019-10-31T20:36:54.082Z", "city": "\u041c\u043e\u0441\u043a\u043e\u0432\u0441\u043a\u0430\u044f \u043e\u0431\u043b\u0430\u0441\u0442\u044c", "address": null, "coordinate": "55.744911, 36.883438", "map_mark": "peshehodnyj_most_v_d_mozzhenka", "text_for_map": "", "is_active": false}}, {"model": "projectsapp.project", "pk": 16, "fields": {"name": "\u041c\u043e\u0441\u0442 \u0447/\u0437 \u0440. \u0412\u043e\u0440\u0433\u043e\u043b", "slug": "most-chz-r-vorgol", "description": "", "image": "projects_images/avatars/2008_rubberflex_55_most_cherez_ruchey_vorgol_lipetskaya_obl_web_2.jpg", "status": "\u0437\u0430\u0432\u0435\u0440\u0448\u0435\u043d", "creation_date": "2019-10-08T13:08:57.533Z", "updated": "2019-10-31T20:27:36.378Z", "city": "\u041e\u0440\u0435\u043b", "address": null, "coordinate": null, "map_mark": "most_chz_r_vorgol", "text_for_map": "", "is_active": false}}, {"model": "projectsapp.project", "pk": 17, "fields": {"name": "\u041c\u043e\u0441\u0442 \u0447/\u0437 \u043a\u0430\u043d\u0430\u043b \u0438\u043c. \u041c\u043e\u0441\u043a\u0432\u044b", "slug": "most-chz-kanal-im-moskvy", "description": "", "image": "projects_images/avatars/kanal_imeni_moskvy1.jpg", "status": "\u0437\u0430\u0432\u0435\u0440\u0448\u0435\u043d", "creation_date": "2019-10-08T13:10:09.468Z", "updated": "2019-10-31T20:38:55.924Z", "city": "\u041c\u043e\u0441\u043a\u043e\u0432\u0441\u043a\u0430\u044f \u043e\u0431\u043b\u0430\u0441\u0442\u044c", "address": null, "coordinate": "55.972101, 37.528630", "map_mark": "most_chz_kanal_im_moskvy", "text_for_map": "", "is_active": false}}, {"model": "projectsapp.project", "pk": 18, "fields": {"name": "\u0422\u0440\u0430\u043d\u0441\u043f\u043e\u0440\u0442\u043d\u0430\u044f \u0440\u0430\u0437\u0432\u044f\u0437\u043a\u0430 \u041c\u0438\u0447\u0443\u0440\u0438\u043d\u0441\u043a\u0438\u0439 \u043f\u0440\u043e\u0441\u043f. \u0438 \u041c\u041a\u0410\u0414", "slug": "transportnaya-razvyazka-michurinskij-prosp-i-mkad", "description": "", "image": "projects_images/avatars/michurinsky1.jpg", "status": "\u0437\u0430\u0432\u0435\u0440\u0448\u0435\u043d", "creation_date": "2019-10-08T13:12:25.627Z", "updated": "2019-10-31T20:37:29.700Z", "city": "\u041c\u043e\u0441\u043a\u0432\u0430", "address": null, "coordinate": "55.661345, 37.430039", "map_mark": "transportnaja_razvjazka_michurinskij_prosp_i_mkad", "text_for_map": "", "is_active": false}}, {"model": "projectsapp.project", "pk": 19, "fields": {"name": "\u0420\u0430\u0437\u0432\u043e\u0440\u043e\u0442\u043d\u0430\u044f \u044d\u0441\u0442\u0430\u043a\u0430\u0434\u0430 \u043d\u0430 \u043f\u0435\u0440\u0435\u0441\u0435\u0447\u0435\u043d\u0438\u0435 \u041c\u041a\u0410\u0414 \u0438 \u041f\u0440\u043e\u0444\u0441\u043e\u044e\u0437\u043d\u043e\u0439 \u0443\u043b\u0438\u0446\u044b", "slug": "razvorotnaya-estakada-profsoyuznaya-ul-i-mkad", "description": "\u0420\u0430\u0437\u0432\u043e\u0440\u043e\u0442\u043d\u0430\u044f \u044d\u0441\u0442\u0430\u043a\u0430\u0434\u0430 \u043d\u0430\u0434 \u041c\u041a\u0410\u0414 \u0441 \u0432\u043d\u0435\u0448\u043d\u0435\u0439 \u043d\u0430 \u0432\u043d\u0443\u0442\u0440\u0435\u043d\u043d\u044e\u044e \u0441\u0442\u043e\u0440\u043e\u043d\u0443 \u043d\u0430 \u043f\u0435\u0440\u0435\u0441\u0435\u0447\u0435\u043d\u0438\u0435 \u0441 \u041a\u0430\u043b\u0443\u0436\u0441\u043a\u0438\u043c \u0448\u043e\u0441\u0441\u0435 / \u041f\u0440\u043e\u0444\u0441\u043e\u044e\u0437\u043d\u043e\u0439 \u0443\u043b\u0438\u0446\u0435\u0439", "image": "projects_images/avatars/2017_rubberflex_55_estakada_mkad_profsouznaya_6.jpg", "status": "\u0437\u0430\u0432\u0435\u0440\u0448\u0435\u043d", "creation_date": "2019-10-08T13:14:29.186Z", "updated": "2019-10-31T19:49:35.723Z", "city": "\u041c\u043e\u0441\u043a\u0432\u0430", "address": "\u041c\u041a\u0410\u0414, 41-\u0439 \u043a\u043c", "coordinate": "55.607785, 37.494657", "map_mark": "razvorotnaja_estakada_profsojuznaja_ul_i_mkad", "text_for_map": "", "is_active": true}}, {"model": "projectsapp.project", "pk": 20, "fields": {"name": "\u041f\u0443\u0442\u0435\u043f\u0440\u043e\u0432\u043e\u0434 \u0447/\u0437 \u041f\u044f\u0442\u043d\u0438\u0446\u043a\u043e\u0435 \u0448\u043e\u0441\u0441\u0435", "slug": "puteprovod-chz-pyatnickoe-shosse", "description": "", "image": "projects_images/avatars/pyatnitskoe_shosse_7.jpg", "status": "\u0437\u0430\u0432\u0435\u0440\u0448\u0435\u043d", "creation_date": "2019-10-08T13:16:29.337Z", "updated": "2019-10-31T20:29:05.977Z", "city": "\u041c\u043e\u0441\u043a\u043e\u0432\u0441\u043a\u0430\u044f \u043e\u0431\u043b\u0430\u0441\u0442\u044c", "address": null, "coordinate": "56.005816, 37.026800", "map_mark": "puteprovod_chz_pjatnitskoe_shosse", "text_for_map": "", "is_active": false}}, {"model": "projectsapp.project", "pk": 21, "fields": {"name": "\u0411\u0435\u0441\u0435\u0434\u0438\u043d\u0441\u043a\u0430\u044f \u0440\u0430\u0437\u0432\u044f\u0437\u043a\u0430", "slug": "besedinskaya-razvyazka", "description": "", "image": "projects_images/avatars/besedinskoe_shosse_h_mkad_04.jpg", "status": "\u0437\u0430\u0432\u0435\u0440\u0448\u0435\u043d", "creation_date": "2019-10-08T13:17:52.014Z", "updated": "2019-10-31T20:01:04.410Z", "city": "\u041c\u043e\u0441\u043a\u0432\u0430", "address": null, "coordinate": "55.617577, 37.783444", "map_mark": "besedinskaja_razvjazka", "text_for_map": "", "is_active": false}}, {"model": "projectsapp.project", "pk": 22, "fields": {"name": "\u041c\u043e\u0441\u0442 \u0432 \u043f\u043e\u0440\u0442\u0443 \u0433. \u0421\u0430\u0431\u0435\u0442\u0442\u0430", "slug": "", "description": "", "image": "projects_images/avatars/sabetta.jpg", "status": "\u0441\u0442\u0440\u043e\u0438\u0442\u0435\u043b\u044c\u0441\u0442\u0432\u043e", "creation_date": "2019-10-30T05:41:01.335Z", "updated": "2019-10-30T14:07:47.369Z", "city": "\u0421\u0430\u0431\u0435\u0442\u0442\u0430", "address": "\u042f\u043c\u0430\u043b\u043e-\u043d\u0435\u043d\u0435\u0446\u043a\u0438\u0439 \u0410\u041e, \u0433. \u0421\u0430\u0431\u0435\u0442\u0442\u0430", "coordinate": "71.275645, 72.100472", "map_mark": "most_v_portu_g_sabetta", "text_for_map": null, "is_active": true}}, {"model": "projectsapp.project", "pk": 24, "fields": {"name": "\u0411\u043e\u043b\u044c\u0448\u0430\u044f \u041a\u0430\u0437\u0430\u043d\u0441\u043a\u0430\u044f \u041a\u043e\u043b\u044c\u0446\u0435\u0432\u0430\u044f \u0434\u043e\u0440\u043e\u0433\u0430 (\u0411\u041a\u041a)", "slug": "", "description": "", "image": "", "status": "\u0440\u0430\u0437\u0440\u0430\u0431\u043e\u0442\u043a\u0430", "creation_date": "2019-10-30T07:24:31.622Z", "updated": "2019-10-30T10:58:26.287Z", "city": "\u041a\u0430\u0437\u0430\u043d\u044c", "address": null, "coordinate": null, "map_mark": "bolshaja_kazanskaja_koltsevaja_doroga_bkk", "text_for_map": null, "is_active": false}}, {"model": "projectsapp.project", "pk": 25, "fields": {"name": "\u0412\u043e\u043b\u043e\u043a\u043e\u043b\u0430\u043c\u0441\u043a\u0438\u0439 \u0442\u043e\u043d\u043d\u0435\u043b\u044c", "slug": "", "description": "", "image": "", "status": "\u0437\u0430\u0432\u0435\u0440\u0448\u0435\u043d", "creation_date": "2019-10-30T07:31:02.413Z", "updated": "2019-10-30T10:57:54.566Z", "city": "\u041c\u043e\u0441\u043a\u0432\u0430", "address": null, "coordinate": null, "map_mark": "volokolamskij_tonnel", "text_for_map": null, "is_active": false}}, {"model": "projectsapp.project", "pk": 26, "fields": {"name": "\u041f\u0443\u0442\u0435\u043f\u0440\u043e\u0432\u043e\u0434 \u0447/\u0437 \u0436/\u0434  \u0443 \u0441\u0442. \u0421\u0430\u043b\u0442\u044b\u043a\u043e\u0432\u0441\u043a\u0430\u044f", "slug": "", "description": "", "image": "projects_images/avatars/most_saltykovka_07.jpg", "status": "\u0441\u0434\u0430\u0447\u0430", "creation_date": "2019-10-30T10:16:36.776Z", "updated": "2019-10-31T20:25:08.661Z", "city": "\u0411\u0430\u043b\u0430\u0448\u0438\u0445\u0430", "address": null, "coordinate": "55.757959, 37.921233", "map_mark": "puteprovod_chz_zhd_u_st_saltykovskaja", "text_for_map": null, "is_active": false}}, {"model": "projectsapp.project", "pk": 27, "fields": {"name": "\u0416\u0438\u0432\u043e\u043f\u0438\u0441\u043d\u044b\u0439 \u043c\u043e\u0441\u0442", "slug": "", "description": "", "image": "projects_images/avatars/zhivopisniy.jpg", "status": "\u0437\u0430\u0432\u0435\u0440\u0448\u0435\u043d", "creation_date": "2019-10-31T05:40:41.999Z", "updated": "2019-10-31T19:43:37.601Z", "city": "\u041c\u043e\u0441\u043a\u0432\u0430", "address": null, "coordinate": "55.775732, 37.442104", "map_mark": "zhivopisnyj_most", "text_for_map": null, "is_active": false}}, {"model": "projectsapp.project", "pk": 28, "fields": {"name": "\u041f\u0443\u0442\u0435\u043f\u0440\u043e\u0432\u043e\u0434 \u0432 \u0441\u043e\u0441\u0442\u0430\u0432\u0435 \u0440\u0430\u0437\u0432\u044f\u0437\u043a\u0438 34.2, \u0426\u041a\u0410\u0414 5.", "slug": "", "description": "", "image": "projects_images/avatars/puteprovod_zvenigorod_4.jpg", "status": "\u0437\u0430\u0432\u0435\u0440\u0448\u0435\u043d", "creation_date": "2019-11-01T05:08:19.808Z", "updated": "2019-11-01T05:08:55.706Z", "city": "\u0417\u0432\u0435\u043d\u0438\u0433\u043e\u0440\u043e\u0434", "address": null, "coordinate": "55.716513, 36.873263", "map_mark": "puteprovod_v_sostave_razvjazki_342_tskad_5", "text_for_map": null, "is_active": false}}, {"model": "projectsapp.project", "pk": 29, "fields": {"name": "\u0420\u0435\u0443\u0442\u043e\u0432\u0441\u043a\u0430\u044f \u044d\u0441\u0442\u0430\u043a\u0430\u0434\u0430", "slug": "", "description": "", "image": "projects_images/avatars/Gokovskaya.jpeg", "status": "\u0437\u0430\u0432\u0435\u0440\u0448\u0435\u043d", "creation_date": "2019-11-01T05:12:08.012Z", "updated": "2019-11-01T12:03:08.969Z", "city": "\u0411\u0430\u043b\u0430\u0448\u0438\u0445\u0430", "address": null, "coordinate": "55.757533, 37.886235", "map_mark": "reutovskaja_estakada", "text_for_map": null, "is_active": false}}, {"model": "projectsapp.projectimage", "pk": 120, "fields": {"project": 27, "alt_desc": "", "image": "projects_images/project_27/zhivopisniy.jpg", "is_active": true, "created": "2019-10-31T19:42:47.165Z", "updated": "2019-10-31T19:43:37.690Z"}}, {"model": "projectsapp.projectimage", "pk": 122, "fields": {"project": 19, "alt_desc": "", "image": "projects_images/project_19/2017_rubberflex_55_estakada_mkad_profsouznaya_1.jpg", "is_active": true, "created": "2019-10-31T19:44:56.897Z", "updated": "2019-10-31T19:49:35.792Z"}}, {"model": "projectsapp.projectimage", "pk": 123, "fields": {"project": 19, "alt_desc": "", "image": "projects_images/project_19/2017_rubberflex_55_estakada_mkad_profsouznaya_2.jpg", "is_active": true, "created": "2019-10-31T19:44:56.966Z", "updated": "2019-10-31T19:49:35.852Z"}}, {"model": "projectsapp.projectimage", "pk": 124, "fields": {"project": 19, "alt_desc": "", "image": "projects_images/project_19/2017_rubberflex_55_estakada_mkad_profsouznaya_3.jpg", "is_active": true, "created": "2019-10-31T19:45:29.284Z", "updated": "2019-10-31T19:49:35.912Z"}}, {"model": "projectsapp.projectimage", "pk": 125, "fields": {"project": 19, "alt_desc": "", "image": "projects_images/project_19/2017_rubberflex_55_estakada_mkad_profsouznaya_5.jpg", "is_active": true, "created": "2019-10-31T19:45:29.346Z", "updated": "2019-10-31T19:49:35.979Z"}}, {"model": "projectsapp.projectimage", "pk": 126, "fields": {"project": 19, "alt_desc": "", "image": "projects_images/project_19/2017_rubberflex_55_estakada_mkad_profsouznaya_6.jpg", "is_active": true, "created": "2019-10-31T19:45:29.406Z", "updated": "2019-10-31T19:49:36.040Z"}}, {"model": "projectsapp.projectimage", "pk": 127, "fields": {"project": 19, "alt_desc": "", "image": "projects_images/project_19/2017_rubberflex_55_estakada_mkad_profsouznaya_7.jpg", "is_active": true, "created": "2019-10-31T19:49:36.103Z", "updated": "2019-10-31T19:49:36.103Z"}}, {"model": "projectsapp.projectimage", "pk": 128, "fields": {"project": 19, "alt_desc": "", "image": "projects_images/project_19/2017_rubberflex_55_estakada_mkad_profsouznaya_10.jpg", "is_active": true, "created": "2019-10-31T19:49:36.159Z", "updated": "2019-10-31T19:49:36.159Z"}}, {"model": "projectsapp.projectimage", "pk": 129, "fields": {"project": 19, "alt_desc": "", "image": "projects_images/project_19/2017_rubberflex_55_estakada_mkad_profsouznaya_avatar.jpg", "is_active": true, "created": "2019-10-31T19:49:36.216Z", "updated": "2019-10-31T19:49:36.216Z"}}, {"model": "projectsapp.projectimage", "pk": 130, "fields": {"project": 10, "alt_desc": "", "image": "projects_images/project_10/syas1.jpg", "is_active": true, "created": "2019-10-31T19:50:43.324Z", "updated": "2019-10-31T19:50:43.324Z"}}, {"model": "projectsapp.projectimage", "pk": 139, "fields": {"project": 11, "alt_desc": "", "image": "projects_images/project_11/dvortsoviy5_vYZdoF1.jpg", "is_active": true, "created": "2019-10-31T19:56:32.105Z", "updated": "2019-10-31T19:56:32.105Z"}}, {"model": "projectsapp.projectimage", "pk": 140, "fields": {"project": 11, "alt_desc": "", "image": "projects_images/project_11/dvortsoviy_most_1_HHDCBoO.jpg", "is_active": true, "created": "2019-10-31T19:56:32.159Z", "updated": "2019-10-31T19:56:32.159Z"}}, {"model": "projectsapp.projectimage", "pk": 142, "fields": {"project": 11, "alt_desc": "", "image": "projects_images/project_11/dvortsoviy_most_11_Gt4wUYy.jpg", "is_active": true, "created": "2019-10-31T19:57:09.315Z", "updated": "2019-10-31T19:57:09.315Z"}}, {"model": "projectsapp.projectimage", "pk": 143, "fields": {"project": 11, "alt_desc": "", "image": "projects_images/project_11/dvortsoviy_most_17_eNE1aVo.jpg", "is_active": true, "created": "2019-10-31T19:57:09.365Z", "updated": "2019-10-31T19:57:09.365Z"}}, {"model": "projectsapp.projectimage", "pk": 144, "fields": {"project": 11, "alt_desc": "", "image": "projects_images/project_11/dvortsoviy_most_27_lbXjaX4.jpg", "is_active": true, "created": "2019-10-31T19:57:09.425Z", "updated": "2019-10-31T19:57:09.425Z"}}, {"model": "projectsapp.projectimage", "pk": 145, "fields": {"project": 11, "alt_desc": "", "image": "projects_images/project_11/dvortsoviy_most_28_Nhu2HnT.jpg", "is_active": true, "created": "2019-10-31T19:57:50.170Z", "updated": "2019-10-31T19:57:50.170Z"}}, {"model": "projectsapp.projectimage", "pk": 146, "fields": {"project": 11, "alt_desc": "", "image": "projects_images/project_11/dvortsoviy_most_17_zasx4g8.jpg", "is_active": true, "created": "2019-10-31T19:57:50.217Z", "updated": "2019-10-31T19:57:50.217Z"}}, {"model": "projectsapp.projectimage", "pk": 147, "fields": {"project": 6, "alt_desc": "", "image": "projects_images/project_6/maracryl_most_kamchatca_16.jpg", "is_active": true, "created": "2019-10-31T19:59:08.148Z", "updated": "2019-10-31T19:59:08.148Z"}}, {"model": "projectsapp.projectimage", "pk": 148, "fields": {"project": 6, "alt_desc": "", "image": "projects_images/project_6/maracryl_most_kamchatca.jpg", "is_active": true, "created": "2019-10-31T19:59:08.211Z", "updated": "2019-10-31T19:59:08.211Z"}}, {"model": "projectsapp.projectimage", "pk": 149, "fields": {"project": 6, "alt_desc": "", "image": "projects_images/project_6/maracryl_most_kamchatca_1.jpg", "is_active": true, "created": "2019-10-31T19:59:08.268Z", "updated": "2019-10-31T19:59:08.268Z"}}, {"model": "projectsapp.projectimage", "pk": 150, "fields": {"project": 6, "alt_desc": "", "image": "projects_images/project_6/maracryl_most_kamchatca_2.jpg", "is_active": true, "created": "2019-10-31T19:59:24.509Z", "updated": "2019-10-31T19:59:24.509Z"}}, {"model": "projectsapp.projectimage", "pk": 151, "fields": {"project": 6, "alt_desc": "", "image": "projects_images/project_6/maracryl_most_kamchatca_3.jpg", "is_active": true, "created": "2019-10-31T19:59:24.583Z", "updated": "2019-10-31T19:59:24.583Z"}}, {"model": "projectsapp.projectimage", "pk": 152, "fields": {"project": 6, "alt_desc": "", "image": "projects_images/project_6/maracryl_most_kamchatca_6.jpg", "is_active": true, "created": "2019-10-31T19:59:24.656Z", "updated": "2019-10-31T19:59:24.657Z"}}, {"model": "projectsapp.projectimage", "pk": 153, "fields": {"project": 6, "alt_desc": "", "image": "projects_images/project_6/maracryl_most_kamchatca_10.jpg", "is_active": true, "created": "2019-10-31T19:59:42.752Z", "updated": "2019-10-31T19:59:42.752Z"}}, {"model": "projectsapp.projectimage", "pk": 154, "fields": {"project": 6, "alt_desc": "", "image": "projects_images/project_6/maracryl_most_kamchatca_11.jpg", "is_active": true, "created": "2019-10-31T19:59:42.828Z", "updated": "2019-10-31T19:59:42.828Z"}}, {"model": "projectsapp.projectimage", "pk": 155, "fields": {"project": 6, "alt_desc": "", "image": "projects_images/project_6/maracryl_most_kamchatca_12.jpg", "is_active": true, "created": "2019-10-31T19:59:42.918Z", "updated": "2019-10-31T19:59:42.918Z"}}, {"model": "projectsapp.projectimage", "pk": 156, "fields": {"project": 21, "alt_desc": "", "image": "projects_images/project_21/besedinskoe_shosse_h_mkad_01.jpg", "is_active": true, "created": "2019-10-31T20:00:36.956Z", "updated": "2019-10-31T20:00:36.956Z"}}, {"model": "projectsapp.projectimage", "pk": 157, "fields": {"project": 21, "alt_desc": "", "image": "projects_images/project_21/besedinskoe_shosse_h_mkad_02.jpg", "is_active": true, "created": "2019-10-31T20:00:37.039Z", "updated": "2019-10-31T20:00:37.039Z"}}, {"model": "projectsapp.projectimage", "pk": 158, "fields": {"project": 21, "alt_desc": "", "image": "projects_images/project_21/besedinskoe_shosse_h_mkad_03.jpg", "is_active": true, "created": "2019-10-31T20:00:37.124Z", "updated": "2019-10-31T20:00:37.124Z"}}, {"model": "projectsapp.projectimage", "pk": 159, "fields": {"project": 21, "alt_desc": "", "image": "projects_images/project_21/besedinskoe_shosse_h_mkad_04.jpg", "is_active": true, "created": "2019-10-31T20:00:53.657Z", "updated": "2019-10-31T20:00:53.657Z"}}, {"model": "projectsapp.projectimage", "pk": 160, "fields": {"project": 21, "alt_desc": "", "image": "projects_images/project_21/besedinskoe_shosse_h_mkad_05.jpg", "is_active": true, "created": "2019-10-31T20:00:53.753Z", "updated": "2019-10-31T20:00:53.753Z"}}, {"model": "projectsapp.projectimage", "pk": 161, "fields": {"project": 21, "alt_desc": "", "image": "projects_images/project_21/besedinskoe_shosse_h_mkad_06.jpg", "is_active": true, "created": "2019-10-31T20:00:53.833Z", "updated": "2019-10-31T20:00:53.833Z"}}, {"model": "projectsapp.projectimage", "pk": 162, "fields": {"project": 21, "alt_desc": "", "image": "projects_images/project_21/besedinskoe_shosse_h_mkad_08.jpg", "is_active": true, "created": "2019-10-31T20:01:04.490Z", "updated": "2019-10-31T20:01:04.490Z"}}, {"model": "projectsapp.projectimage", "pk": 163, "fields": {"project": 9, "alt_desc": "", "image": "projects_images/project_9/Dorozhnaya.jpeg", "is_active": true, "created": "2019-10-31T20:02:01.867Z", "updated": "2019-10-31T20:02:01.867Z"}}, {"model": "projectsapp.projectimage", "pk": 164, "fields": {"project": 9, "alt_desc": "", "image": "projects_images/project_9/dorojnaya_1.jpeg", "is_active": true, "created": "2019-10-31T20:02:01.954Z", "updated": "2019-10-31T20:02:01.954Z"}}, {"model": "projectsapp.projectimage", "pk": 165, "fields": {"project": 9, "alt_desc": "", "image": "projects_images/project_9/dorojnaya_2.jpeg", "is_active": true, "created": "2019-10-31T20:02:02.032Z", "updated": "2019-10-31T20:02:02.033Z"}}, {"model": "projectsapp.projectimage", "pk": 166, "fields": {"project": 9, "alt_desc": "", "image": "projects_images/project_9/dorojnaya_3.jpeg", "is_active": true, "created": "2019-10-31T20:02:18.675Z", "updated": "2019-10-31T20:02:18.675Z"}}, {"model": "projectsapp.projectimage", "pk": 167, "fields": {"project": 9, "alt_desc": "", "image": "projects_images/project_9/dorojnaya_4.jpeg", "is_active": true, "created": "2019-10-31T20:02:18.752Z", "updated": "2019-10-31T20:02:18.752Z"}}, {"model": "projectsapp.projectimage", "pk": 168, "fields": {"project": 9, "alt_desc": "", "image": "projects_images/project_9/dorojnaya_5.jpeg", "is_active": true, "created": "2019-10-31T20:02:18.826Z", "updated": "2019-10-31T20:02:18.826Z"}}, {"model": "projectsapp.projectimage", "pk": 169, "fields": {"project": 9, "alt_desc": "", "image": "projects_images/project_9/dorojnaya_6.jpeg", "is_active": true, "created": "2019-10-31T20:02:40.326Z", "updated": "2019-10-31T20:02:40.326Z"}}, {"model": "projectsapp.projectimage", "pk": 170, "fields": {"project": 9, "alt_desc": "", "image": "projects_images/project_9/dorojnaya_7.jpeg", "is_active": true, "created": "2019-10-31T20:02:40.393Z", "updated": "2019-10-31T20:02:40.393Z"}}, {"model": "projectsapp.projectimage", "pk": 171, "fields": {"project": 9, "alt_desc": "", "image": "projects_images/project_9/dorojnaya_8.jpeg", "is_active": true, "created": "2019-10-31T20:02:40.458Z", "updated": "2019-10-31T20:02:40.458Z"}}, {"model": "projectsapp.projectimage", "pk": 172, "fields": {"project": 9, "alt_desc": "", "image": "projects_images/project_9/dorojnaya_9.jpeg", "is_active": true, "created": "2019-10-31T20:02:58.540Z", "updated": "2019-10-31T20:02:58.540Z"}}, {"model": "projectsapp.projectimage", "pk": 173, "fields": {"project": 9, "alt_desc": "", "image": "projects_images/project_9/dorojnaya_10.jpeg", "is_active": true, "created": "2019-10-31T20:02:58.604Z", "updated": "2019-10-31T20:02:58.604Z"}}, {"model": "projectsapp.projectimage", "pk": 174, "fields": {"project": 9, "alt_desc": "", "image": "projects_images/project_9/dorojnaya_11.jpeg", "is_active": true, "created": "2019-10-31T20:02:58.672Z", "updated": "2019-10-31T20:02:58.672Z"}}, {"model": "projectsapp.projectimage", "pk": 175, "fields": {"project": 26, "alt_desc": "", "image": "projects_images/project_26/most_saltykovka_01.jpg", "is_active": true, "created": "2019-10-31T20:24:32.467Z", "updated": "2019-10-31T20:24:32.467Z"}}, {"model": "projectsapp.projectimage", "pk": 176, "fields": {"project": 26, "alt_desc": "", "image": "projects_images/project_26/most_saltykovka_03.jpg", "is_active": true, "created": "2019-10-31T20:24:32.546Z", "updated": "2019-10-31T20:24:32.546Z"}}, {"model": "projectsapp.projectimage", "pk": 177, "fields": {"project": 26, "alt_desc": "", "image": "projects_images/project_26/most_saltykovka_04.jpg", "is_active": true, "created": "2019-10-31T20:24:32.618Z", "updated": "2019-10-31T20:24:32.618Z"}}, {"model": "projectsapp.projectimage", "pk": 178, "fields": {"project": 26, "alt_desc": "", "image": "projects_images/project_26/most_saltykovka_05.jpg", "is_active": true, "created": "2019-10-31T20:24:57.751Z", "updated": "2019-10-31T20:24:57.751Z"}}, {"model": "projectsapp.projectimage", "pk": 179, "fields": {"project": 26, "alt_desc": "", "image": "projects_images/project_26/most_saltykovka_06.jpg", "is_active": true, "created": "2019-10-31T20:24:57.824Z", "updated": "2019-10-31T20:24:57.824Z"}}, {"model": "projectsapp.projectimage", "pk": 180, "fields": {"project": 26, "alt_desc": "", "image": "projects_images/project_26/most_saltykovka_07.jpg", "is_active": true, "created": "2019-10-31T20:24:57.895Z", "updated": "2019-10-31T20:24:57.895Z"}}, {"model": "projectsapp.projectimage", "pk": 181, "fields": {"project": 26, "alt_desc": "", "image": "projects_images/project_26/most_saltykovka_08.jpg", "is_active": true, "created": "2019-10-31T20:25:08.740Z", "updated": "2019-10-31T20:25:08.740Z"}}, {"model": "projectsapp.projectimage", "pk": 182, "fields": {"project": 12, "alt_desc": "", "image": "projects_images/project_12/zvenigorodka1-_1_.jpg", "is_active": true, "created": "2019-10-31T20:26:34.963Z", "updated": "2019-10-31T20:26:34.963Z"}}, {"model": "projectsapp.projectimage", "pk": 183, "fields": {"project": 12, "alt_desc": "", "image": "projects_images/project_12/2015_matacryl_zvenigorodskaya_estakada_8.jpg", "is_active": true, "created": "2019-10-31T20:26:35.033Z", "updated": "2019-10-31T20:26:35.033Z"}}, {"model": "projectsapp.projectimage", "pk": 184, "fields": {"project": 12, "alt_desc": "", "image": "projects_images/project_12/2015_matacryl_zvenigorodskaya_estakada_2.jpg", "is_active": true, "created": "2019-10-31T20:26:35.101Z", "updated": "2019-10-31T20:26:35.101Z"}}, {"model": "projectsapp.projectimage", "pk": 185, "fields": {"project": 16, "alt_desc": "", "image": "projects_images/project_16/2008_rubberflex_55_most_cherez_ruchey_vorgol_lipetskaya_obl_web_2.jpg", "is_active": true, "created": "2019-10-31T20:27:36.440Z", "updated": "2019-10-31T20:27:36.440Z"}}, {"model": "projectsapp.projectimage", "pk": 186, "fields": {"project": 20, "alt_desc": "", "image": "projects_images/project_20/pyatnitskoe_shosse_1.jpg", "is_active": true, "created": "2019-10-31T20:28:27.606Z", "updated": "2019-10-31T20:28:27.606Z"}}, {"model": "projectsapp.projectimage", "pk": 187, "fields": {"project": 20, "alt_desc": "", "image": "projects_images/project_20/pyatnitskoe_shosse_2.jpg", "is_active": true, "created": "2019-10-31T20:28:27.689Z", "updated": "2019-10-31T20:28:27.689Z"}}, {"model": "projectsapp.projectimage", "pk": 188, "fields": {"project": 20, "alt_desc": "", "image": "projects_images/project_20/pyatnitskoe_shosse_3.jpg", "is_active": true, "created": "2019-10-31T20:28:27.763Z", "updated": "2019-10-31T20:28:27.763Z"}}, {"model": "projectsapp.projectimage", "pk": 189, "fields": {"project": 20, "alt_desc": "", "image": "projects_images/project_20/pyatnitskoe_shosse_4.jpg", "is_active": true, "created": "2019-10-31T20:28:45.127Z", "updated": "2019-10-31T20:28:45.127Z"}}, {"model": "projectsapp.projectimage", "pk": 190, "fields": {"project": 20, "alt_desc": "", "image": "projects_images/project_20/pyatnitskoe_shosse_5.jpg", "is_active": true, "created": "2019-10-31T20:28:45.194Z", "updated": "2019-10-31T20:28:45.194Z"}}, {"model": "projectsapp.projectimage", "pk": 191, "fields": {"project": 20, "alt_desc": "", "image": "projects_images/project_20/pyatnitskoe_shosse_6.jpg", "is_active": true, "created": "2019-10-31T20:28:45.266Z", "updated": "2019-10-31T20:28:45.266Z"}}, {"model": "projectsapp.projectimage", "pk": 192, "fields": {"project": 20, "alt_desc": "", "image": "projects_images/project_20/pyatnitskoe_shosse_7.jpg", "is_active": true, "created": "2019-10-31T20:29:06.038Z", "updated": "2019-10-31T20:29:06.038Z"}}, {"model": "projectsapp.projectimage", "pk": 193, "fields": {"project": 20, "alt_desc": "", "image": "projects_images/project_20/pyatnitskoe_shosse_8.jpg", "is_active": true, "created": "2019-10-31T20:29:06.096Z", "updated": "2019-10-31T20:29:06.096Z"}}, {"model": "projectsapp.projectimage", "pk": 194, "fields": {"project": 4, "alt_desc": "", "image": "projects_images/project_4/2017_rubberflex_tskad_reka_desna_0_6.jpg", "is_active": true, "created": "2019-10-31T20:29:49.570Z", "updated": "2019-10-31T20:29:49.570Z"}}, {"model": "projectsapp.projectimage", "pk": 195, "fields": {"project": 4, "alt_desc": "", "image": "projects_images/project_4/2017_rubberflex_tskad_reka_desna_0_7.jpg", "is_active": true, "created": "2019-10-31T20:29:49.644Z", "updated": "2019-10-31T20:29:49.644Z"}}, {"model": "projectsapp.projectimage", "pk": 196, "fields": {"project": 4, "alt_desc": "", "image": "projects_images/project_4/2017_rubberflex_tskad_reka_desna_0_8.jpg", "is_active": true, "created": "2019-10-31T20:29:49.721Z", "updated": "2019-10-31T20:29:49.721Z"}}, {"model": "projectsapp.projectimage", "pk": 197, "fields": {"project": 4, "alt_desc": "", "image": "projects_images/project_4/2017_rubberflex_tskad_reka_desna_0_9.jpg", "is_active": true, "created": "2019-10-31T20:30:09.218Z", "updated": "2019-10-31T20:30:09.218Z"}}, {"model": "projectsapp.projectimage", "pk": 198, "fields": {"project": 4, "alt_desc": "", "image": "projects_images/project_4/2017_rubberflex_tskad_reka_desna_0_10.jpg", "is_active": true, "created": "2019-10-31T20:30:09.280Z", "updated": "2019-10-31T20:30:09.280Z"}}, {"model": "projectsapp.projectimage", "pk": 199, "fields": {"project": 4, "alt_desc": "", "image": "projects_images/project_4/2017_rubberflex_tskad_reka_desna_64.jpg", "is_active": true, "created": "2019-10-31T20:30:09.336Z", "updated": "2019-10-31T20:30:09.336Z"}}, {"model": "projectsapp.projectimage", "pk": 200, "fields": {"project": 4, "alt_desc": "", "image": "projects_images/project_4/2017_rubberflex_tskad_reka_desna_65.jpg", "is_active": true, "created": "2019-10-31T20:30:28.328Z", "updated": "2019-10-31T20:30:28.328Z"}}, {"model": "projectsapp.projectimage", "pk": 201, "fields": {"project": 4, "alt_desc": "", "image": "projects_images/project_4/2017_rubberflex_tskad_reka_desna_oblozhka.jpg", "is_active": true, "created": "2019-10-31T20:30:28.393Z", "updated": "2019-10-31T20:30:28.393Z"}}, {"model": "projectsapp.projectimage", "pk": 202, "fields": {"project": 4, "alt_desc": "", "image": "projects_images/project_4/2017_rubberflex_tskad_reka_desna1.jpg", "is_active": true, "created": "2019-10-31T20:30:28.453Z", "updated": "2019-10-31T20:30:28.453Z"}}, {"model": "projectsapp.projectimage", "pk": 203, "fields": {"project": 4, "alt_desc": "", "image": "projects_images/project_4/2017_rubberflex_tskad_reka_desna2.jpg", "is_active": true, "created": "2019-10-31T20:30:50.024Z", "updated": "2019-10-31T20:30:50.024Z"}}, {"model": "projectsapp.projectimage", "pk": 204, "fields": {"project": 4, "alt_desc": "", "image": "projects_images/project_4/2017_rubberflex_tskad_reka_desna3.jpg", "is_active": true, "created": "2019-10-31T20:30:50.084Z", "updated": "2019-10-31T20:30:50.084Z"}}, {"model": "projectsapp.projectimage", "pk": 205, "fields": {"project": 4, "alt_desc": "", "image": "projects_images/project_4/2017_rubberflex_tskad_reka_desna4.jpg", "is_active": true, "created": "2019-10-31T20:30:50.145Z", "updated": "2019-10-31T20:30:50.145Z"}}, {"model": "projectsapp.projectimage", "pk": 206, "fields": {"project": 4, "alt_desc": "", "image": "projects_images/project_4/2017_rubberflex_tskad_reka_desna5.jpg", "is_active": true, "created": "2019-10-31T20:31:04.978Z", "updated": "2019-10-31T20:31:04.978Z"}}, {"model": "projectsapp.projectimage", "pk": 207, "fields": {"project": 4, "alt_desc": "", "image": "projects_images/project_4/2017_rubberflex_tskad_reka_desna6.jpg", "is_active": true, "created": "2019-10-31T20:31:05.048Z", "updated": "2019-10-31T20:31:05.048Z"}}, {"model": "projectsapp.projectimage", "pk": 208, "fields": {"project": 8, "alt_desc": "", "image": "projects_images/project_8/Aktai.jpeg", "is_active": true, "created": "2019-10-31T20:32:18.191Z", "updated": "2019-10-31T20:32:18.191Z"}}, {"model": "projectsapp.projectimage", "pk": 209, "fields": {"project": 8, "alt_desc": "", "image": "projects_images/project_8/most_aktai_1.jpeg", "is_active": true, "created": "2019-10-31T20:32:18.259Z", "updated": "2019-10-31T20:32:18.259Z"}}, {"model": "projectsapp.projectimage", "pk": 210, "fields": {"project": 8, "alt_desc": "", "image": "projects_images/project_8/most_aktai_2.jpeg", "is_active": true, "created": "2019-10-31T20:32:18.325Z", "updated": "2019-10-31T20:32:18.325Z"}}, {"model": "projectsapp.projectimage", "pk": 211, "fields": {"project": 8, "alt_desc": "", "image": "projects_images/project_8/most_aktai_3.jpeg", "is_active": true, "created": "2019-10-31T20:32:39.421Z", "updated": "2019-10-31T20:32:39.421Z"}}, {"model": "projectsapp.projectimage", "pk": 212, "fields": {"project": 8, "alt_desc": "", "image": "projects_images/project_8/most_aktai_4.jpeg", "is_active": true, "created": "2019-10-31T20:32:39.492Z", "updated": "2019-10-31T20:32:39.492Z"}}, {"model": "projectsapp.projectimage", "pk": 213, "fields": {"project": 8, "alt_desc": "", "image": "projects_images/project_8/most_aktai_5.jpeg", "is_active": true, "created": "2019-10-31T20:32:39.563Z", "updated": "2019-10-31T20:32:39.563Z"}}, {"model": "projectsapp.projectimage", "pk": 214, "fields": {"project": 8, "alt_desc": "", "image": "projects_images/project_8/most_aktai_6.jpeg", "is_active": true, "created": "2019-10-31T20:33:09.865Z", "updated": "2019-10-31T20:33:09.865Z"}}, {"model": "projectsapp.projectimage", "pk": 215, "fields": {"project": 8, "alt_desc": "", "image": "projects_images/project_8/most_aktai_8.jpeg", "is_active": true, "created": "2019-10-31T20:33:09.933Z", "updated": "2019-10-31T20:33:09.933Z"}}, {"model": "projectsapp.projectimage", "pk": 216, "fields": {"project": 8, "alt_desc": "", "image": "projects_images/project_8/most_aktai_9.jpeg", "is_active": true, "created": "2019-10-31T20:33:10.001Z", "updated": "2019-10-31T20:33:10.001Z"}}, {"model": "projectsapp.projectimage", "pk": 217, "fields": {"project": 8, "alt_desc": "", "image": "projects_images/project_8/most_aktai_11.jpeg", "is_active": true, "created": "2019-10-31T20:33:34.986Z", "updated": "2019-10-31T20:33:34.986Z"}}, {"model": "projectsapp.projectimage", "pk": 218, "fields": {"project": 8, "alt_desc": "", "image": "projects_images/project_8/most_aktai_12.jpeg", "is_active": true, "created": "2019-10-31T20:33:35.069Z", "updated": "2019-10-31T20:33:35.070Z"}}, {"model": "projectsapp.projectimage", "pk": 219, "fields": {"project": 8, "alt_desc": "", "image": "projects_images/project_8/most_aktai_13.jpeg", "is_active": true, "created": "2019-10-31T20:33:35.145Z", "updated": "2019-10-31T20:33:35.145Z"}}, {"model": "projectsapp.projectimage", "pk": 220, "fields": {"project": 8, "alt_desc": "", "image": "projects_images/project_8/most_aktai_14.jpeg", "is_active": true, "created": "2019-10-31T20:33:57.895Z", "updated": "2019-10-31T20:33:57.895Z"}}, {"model": "projectsapp.projectimage", "pk": 221, "fields": {"project": 8, "alt_desc": "", "image": "projects_images/project_8/most_aktai_15.jpeg", "is_active": true, "created": "2019-10-31T20:33:57.978Z", "updated": "2019-10-31T20:33:57.978Z"}}, {"model": "projectsapp.projectimage", "pk": 222, "fields": {"project": 8, "alt_desc": "", "image": "projects_images/project_8/most_aktai_16.jpeg", "is_active": true, "created": "2019-10-31T20:33:58.049Z", "updated": "2019-10-31T20:33:58.049Z"}}, {"model": "projectsapp.projectimage", "pk": 223, "fields": {"project": 8, "alt_desc": "", "image": "projects_images/project_8/most_aktai_18.jpeg", "is_active": true, "created": "2019-10-31T20:34:13.473Z", "updated": "2019-10-31T20:34:13.473Z"}}, {"model": "projectsapp.projectimage", "pk": 224, "fields": {"project": 14, "alt_desc": "", "image": "projects_images/project_14/avatar.jpg", "is_active": true, "created": "2019-10-31T20:34:47.189Z", "updated": "2019-10-31T20:34:47.189Z"}}, {"model": "projectsapp.projectimage", "pk": 225, "fields": {"project": 1, "alt_desc": "", "image": "projects_images/project_1/bratislavskiy_most_01.jpg", "is_active": true, "created": "2019-10-31T20:35:35.734Z", "updated": "2019-10-31T20:35:35.734Z"}}, {"model": "projectsapp.projectimage", "pk": 226, "fields": {"project": 1, "alt_desc": "", "image": "projects_images/project_1/bratislavskiy_most_02.jpg", "is_active": true, "created": "2019-10-31T20:35:35.812Z", "updated": "2019-10-31T20:35:35.812Z"}}, {"model": "projectsapp.projectimage", "pk": 227, "fields": {"project": 1, "alt_desc": "", "image": "projects_images/project_1/bratislavskiy_most_03.jpg", "is_active": true, "created": "2019-10-31T20:35:35.906Z", "updated": "2019-10-31T20:35:35.906Z"}}, {"model": "projectsapp.projectimage", "pk": 228, "fields": {"project": 1, "alt_desc": "", "image": "projects_images/project_1/bratislavskiy_most_04.jpg", "is_active": true, "created": "2019-10-31T20:35:51.894Z", "updated": "2019-10-31T20:35:51.894Z"}}, {"model": "projectsapp.projectimage", "pk": 229, "fields": {"project": 1, "alt_desc": "", "image": "projects_images/project_1/bratislavskiy_most_05.jpg", "is_active": true, "created": "2019-10-31T20:35:51.974Z", "updated": "2019-10-31T20:35:51.974Z"}}, {"model": "projectsapp.projectimage", "pk": 230, "fields": {"project": 1, "alt_desc": "", "image": "projects_images/project_1/bratislavskiy_most_06.jpg", "is_active": true, "created": "2019-10-31T20:35:52.054Z", "updated": "2019-10-31T20:35:52.054Z"}}, {"model": "projectsapp.projectimage", "pk": 231, "fields": {"project": 1, "alt_desc": "", "image": "projects_images/project_1/bratislavskiy_most_07.jpg", "is_active": true, "created": "2019-10-31T20:36:11.360Z", "updated": "2019-10-31T20:36:11.360Z"}}, {"model": "projectsapp.projectimage", "pk": 232, "fields": {"project": 1, "alt_desc": "", "image": "projects_images/project_1/bratislavskiy_most_08.jpg", "is_active": true, "created": "2019-10-31T20:36:11.432Z", "updated": "2019-10-31T20:36:11.432Z"}}, {"model": "projectsapp.projectimage", "pk": 233, "fields": {"project": 1, "alt_desc": "", "image": "projects_images/project_1/bratislavskiy_most_09.jpg", "is_active": true, "created": "2019-10-31T20:36:11.502Z", "updated": "2019-10-31T20:36:11.502Z"}}, {"model": "projectsapp.projectimage", "pk": 234, "fields": {"project": 1, "alt_desc": "", "image": "projects_images/project_1/bratislavskiy_most_10.jpg", "is_active": true, "created": "2019-10-31T20:36:24.548Z", "updated": "2019-10-31T20:36:24.548Z"}}, {"model": "projectsapp.projectimage", "pk": 235, "fields": {"project": 15, "alt_desc": "", "image": "projects_images/project_15/peshehodnyj_perehod_u_d_mozzhinka_015.jpg", "is_active": true, "created": "2019-10-31T20:36:54.163Z", "updated": "2019-10-31T20:36:54.163Z"}}, {"model": "projectsapp.projectimage", "pk": 236, "fields": {"project": 18, "alt_desc": "", "image": "projects_images/project_18/michurinsky1.jpg", "is_active": true, "created": "2019-10-31T20:37:29.760Z", "updated": "2019-10-31T20:37:29.760Z"}}, {"model": "projectsapp.projectimage", "pk": 237, "fields": {"project": 18, "alt_desc": "", "image": "projects_images/project_18/michurinsky2.jpg", "is_active": true, "created": "2019-10-31T20:37:29.814Z", "updated": "2019-10-31T20:37:29.814Z"}}, {"model": "projectsapp.projectimage", "pk": 238, "fields": {"project": 18, "alt_desc": "", "image": "projects_images/project_18/rabberflex_55_michurinskiy_prospekt_5.jpg", "is_active": true, "created": "2019-10-31T20:37:29.878Z", "updated": "2019-10-31T20:37:29.878Z"}}, {"model": "projectsapp.projectimage", "pk": 239, "fields": {"project": 13, "alt_desc": "", "image": "projects_images/project_13/2016.09._matacryl_remont_pokrytiya_peshekhodnyy_most_4.jpg", "is_active": true, "created": "2019-10-31T20:38:28.614Z", "updated": "2019-10-31T20:38:28.614Z"}}, {"model": "projectsapp.projectimage", "pk": 240, "fields": {"project": 17, "alt_desc": "", "image": "projects_images/project_17/kanal_imeni_moskvy1.jpg", "is_active": true, "created": "2019-10-31T20:38:56.000Z", "updated": "2019-10-31T20:38:56.000Z"}}, {"model": "projectsapp.projectimage", "pk": 241, "fields": {"project": 5, "alt_desc": "", "image": "projects_images/project_5/most_cherez_reku_oka_ryazan_01_1.jpg", "is_active": true, "created": "2019-10-31T20:39:36.916Z", "updated": "2019-10-31T20:39:36.916Z"}}, {"model": "projectsapp.projectimage", "pk": 242, "fields": {"project": 5, "alt_desc": "", "image": "projects_images/project_5/most_cherez_reku_oka_ryazan_01.jpg", "is_active": true, "created": "2019-10-31T20:39:36.990Z", "updated": "2019-10-31T20:39:36.990Z"}}, {"model": "projectsapp.projectimage", "pk": 243, "fields": {"project": 5, "alt_desc": "", "image": "projects_images/project_5/most_cherez_reku_oka_ryazan_02_1.jpg", "is_active": true, "created": "2019-10-31T20:39:37.067Z", "updated": "2019-10-31T20:39:37.067Z"}}, {"model": "projectsapp.projectimage", "pk": 244, "fields": {"project": 5, "alt_desc": "", "image": "projects_images/project_5/most_cherez_reku_oka_ryazan_02.jpg", "is_active": true, "created": "2019-10-31T20:39:55.201Z", "updated": "2019-10-31T20:39:55.201Z"}}, {"model": "projectsapp.projectimage", "pk": 245, "fields": {"project": 5, "alt_desc": "", "image": "projects_images/project_5/most_cherez_reku_oka_ryazan_03.jpg", "is_active": true, "created": "2019-10-31T20:39:55.276Z", "updated": "2019-10-31T20:39:55.276Z"}}, {"model": "projectsapp.projectimage", "pk": 246, "fields": {"project": 5, "alt_desc": "", "image": "projects_images/project_5/most_cherez_reku_oka_ryazan_04.jpg", "is_active": true, "created": "2019-10-31T20:39:55.345Z", "updated": "2019-10-31T20:39:55.345Z"}}, {"model": "projectsapp.projectimage", "pk": 247, "fields": {"project": 5, "alt_desc": "", "image": "projects_images/project_5/most_cherez_reku_oka_ryazan_05.jpg", "is_active": true, "created": "2019-10-31T20:40:12.157Z", "updated": "2019-10-31T20:40:12.157Z"}}, {"model": "projectsapp.projectimage", "pk": 248, "fields": {"project": 5, "alt_desc": "", "image": "projects_images/project_5/most_cherez_reku_oka_ryazan_06.jpg", "is_active": true, "created": "2019-10-31T20:40:12.237Z", "updated": "2019-10-31T20:40:12.237Z"}}, {"model": "projectsapp.projectimage", "pk": 249, "fields": {"project": 5, "alt_desc": "", "image": "projects_images/project_5/most_cherez_reku_oka_ryazan_08.jpg", "is_active": true, "created": "2019-10-31T20:40:12.314Z", "updated": "2019-10-31T20:40:12.314Z"}}, {"model": "projectsapp.projectimage", "pk": 250, "fields": {"project": 5, "alt_desc": "", "image": "projects_images/project_5/most_cherez_reku_oka_ryazan_09.jpg", "is_active": true, "created": "2019-10-31T20:40:26.253Z", "updated": "2019-10-31T20:40:26.253Z"}}, {"model": "projectsapp.projectimage", "pk": 251, "fields": {"project": 5, "alt_desc": "", "image": "projects_images/project_5/most_cherez_reku_oka_ryazan_010.jpg", "is_active": true, "created": "2019-10-31T20:40:26.324Z", "updated": "2019-10-31T20:40:26.324Z"}}, {"model": "projectsapp.projectimage", "pk": 252, "fields": {"project": 7, "alt_desc": "", "image": "projects_images/project_7/volokolamka_ilinka_01.jpg", "is_active": true, "created": "2019-10-31T20:41:26.159Z", "updated": "2019-10-31T20:41:26.159Z"}}, {"model": "projectsapp.projectimage", "pk": 253, "fields": {"project": 7, "alt_desc": "", "image": "projects_images/project_7/volokolamka_ilinka_02.jpg", "is_active": true, "created": "2019-10-31T20:41:26.234Z", "updated": "2019-10-31T20:41:26.234Z"}}, {"model": "projectsapp.projectimage", "pk": 254, "fields": {"project": 7, "alt_desc": "", "image": "projects_images/project_7/volokolamka_ilinka_03.jpg", "is_active": true, "created": "2019-10-31T20:41:26.327Z", "updated": "2019-10-31T20:41:26.327Z"}}, {"model": "projectsapp.projectimage", "pk": 255, "fields": {"project": 7, "alt_desc": "", "image": "projects_images/project_7/volokolamka_ilinka_04.jpg", "is_active": true, "created": "2019-10-31T20:41:41.900Z", "updated": "2019-10-31T20:41:41.900Z"}}, {"model": "projectsapp.projectimage", "pk": 256, "fields": {"project": 7, "alt_desc": "", "image": "projects_images/project_7/volokolamka_ilinka_05.jpg", "is_active": true, "created": "2019-10-31T20:41:41.981Z", "updated": "2019-10-31T20:41:41.981Z"}}, {"model": "projectsapp.projectimage", "pk": 257, "fields": {"project": 7, "alt_desc": "", "image": "projects_images/project_7/volokolamka_ilinka_06.jpg", "is_active": true, "created": "2019-10-31T20:41:42.055Z", "updated": "2019-10-31T20:41:42.055Z"}}, {"model": "projectsapp.projectimage", "pk": 258, "fields": {"project": 7, "alt_desc": "", "image": "projects_images/project_7/volokolamskogo_i_ilinskogo_shosse_1.jpeg", "is_active": true, "created": "2019-10-31T20:41:51.944Z", "updated": "2019-10-31T20:41:51.944Z"}}, {"model": "projectsapp.projectimage", "pk": 259, "fields": {"project": 2, "alt_desc": "", "image": "projects_images/project_2/2017_rubberflex_55_avtozavodskiy_most_1.jpg", "is_active": true, "created": "2019-10-31T20:42:33.230Z", "updated": "2019-10-31T20:42:33.230Z"}}, {"model": "projectsapp.projectimage", "pk": 260, "fields": {"project": 2, "alt_desc": "", "image": "projects_images/project_2/2017_rubberflex_55_avtozavodskiy_most.jpg", "is_active": true, "created": "2019-10-31T20:42:33.305Z", "updated": "2019-10-31T20:42:33.305Z"}}, {"model": "projectsapp.projectimage", "pk": 261, "fields": {"project": 2, "alt_desc": "", "image": "projects_images/project_2/2017_rubberflex_55_avtozavodskiy_most_3.jpg", "is_active": true, "created": "2019-10-31T20:42:33.373Z", "updated": "2019-10-31T20:42:33.373Z"}}, {"model": "projectsapp.projectimage", "pk": 262, "fields": {"project": 2, "alt_desc": "", "image": "projects_images/project_2/2017_rubberflex_55_avtozavodskiy_most_51.jpg", "is_active": true, "created": "2019-10-31T20:42:49.816Z", "updated": "2019-10-31T20:42:49.816Z"}}, {"model": "projectsapp.projectimage", "pk": 263, "fields": {"project": 2, "alt_desc": "", "image": "projects_images/project_2/2017_rubberflex_55_avtozavodskiy_most_52.jpg", "is_active": true, "created": "2019-10-31T20:42:49.874Z", "updated": "2019-10-31T20:42:49.874Z"}}, {"model": "projectsapp.projectimage", "pk": 264, "fields": {"project": 2, "alt_desc": "", "image": "projects_images/project_2/2017_rubberflex_55_avtozavodskiy_most_53.jpg", "is_active": true, "created": "2019-10-31T20:42:49.931Z", "updated": "2019-10-31T20:42:49.931Z"}}, {"model": "projectsapp.projectimage", "pk": 265, "fields": {"project": 2, "alt_desc": "", "image": "projects_images/project_2/2017_rubberflex_55_avtozavodskiy_most_54.jpg", "is_active": true, "created": "2019-10-31T20:42:58.987Z", "updated": "2019-10-31T20:42:58.987Z"}}, {"model": "projectsapp.projectimage", "pk": 266, "fields": {"project": 3, "alt_desc": "", "image": "projects_images/project_3/2016_nagatinsky_most_1.jpg", "is_active": true, "created": "2019-11-01T05:04:08.630Z", "updated": "2019-11-01T05:04:08.630Z"}}, {"model": "projectsapp.projectimage", "pk": 267, "fields": {"project": 3, "alt_desc": "", "image": "projects_images/project_3/2016_nagatinsky_most_2.jpg", "is_active": true, "created": "2019-11-01T05:04:08.692Z", "updated": "2019-11-01T05:04:08.692Z"}}, {"model": "projectsapp.projectimage", "pk": 268, "fields": {"project": 3, "alt_desc": "", "image": "projects_images/project_3/2016_nagatinsky_most_8.jpg", "is_active": true, "created": "2019-11-01T05:04:08.750Z", "updated": "2019-11-01T05:04:08.750Z"}}, {"model": "projectsapp.projectimage", "pk": 269, "fields": {"project": 3, "alt_desc": "", "image": "projects_images/project_3/2016_nagatinsky_most_9.jpg", "is_active": true, "created": "2019-11-01T05:04:25.999Z", "updated": "2019-11-01T05:04:25.999Z"}}, {"model": "projectsapp.projectimage", "pk": 270, "fields": {"project": 3, "alt_desc": "", "image": "projects_images/project_3/2016_nagatinsky_most_10.jpg", "is_active": true, "created": "2019-11-01T05:04:26.058Z", "updated": "2019-11-01T05:04:26.058Z"}}, {"model": "projectsapp.projectimage", "pk": 271, "fields": {"project": 3, "alt_desc": "", "image": "projects_images/project_3/2016_nagatinsky_most_11.jpg", "is_active": true, "created": "2019-11-01T05:04:26.116Z", "updated": "2019-11-01T05:04:26.116Z"}}, {"model": "projectsapp.projectimage", "pk": 272, "fields": {"project": 28, "alt_desc": "", "image": "projects_images/project_28/puteprovod_zvenigorod_1.jpg", "is_active": true, "created": "2019-11-01T05:08:44.327Z", "updated": "2019-11-01T05:08:44.327Z"}}, {"model": "projectsapp.projectimage", "pk": 273, "fields": {"project": 28, "alt_desc": "", "image": "projects_images/project_28/puteprovod_zvenigorod_2.jpg", "is_active": true, "created": "2019-11-01T05:08:44.383Z", "updated": "2019-11-01T05:08:44.383Z"}}, {"model": "projectsapp.projectimage", "pk": 274, "fields": {"project": 28, "alt_desc": "", "image": "projects_images/project_28/puteprovod_zvenigorod_3.jpg", "is_active": true, "created": "2019-11-01T05:08:44.439Z", "updated": "2019-11-01T05:08:44.439Z"}}, {"model": "projectsapp.projectimage", "pk": 275, "fields": {"project": 28, "alt_desc": "", "image": "projects_images/project_28/puteprovod_zvenigorod_4.jpg", "is_active": true, "created": "2019-11-01T05:08:55.775Z", "updated": "2019-11-01T05:08:55.775Z"}}, {"model": "projectsapp.projectimage", "pk": 276, "fields": {"project": 29, "alt_desc": "", "image": "projects_images/project_29/Gokovskaya.jpeg", "is_active": true, "created": "2019-11-01T12:01:17.373Z", "updated": "2019-11-01T12:01:17.373Z"}}, {"model": "projectsapp.projectimage", "pk": 277, "fields": {"project": 29, "alt_desc": "", "image": "projects_images/project_29/reutovo_1.jpeg", "is_active": true, "created": "2019-11-01T12:01:17.442Z", "updated": "2019-11-01T12:01:17.442Z"}}, {"model": "projectsapp.projectimage", "pk": 278, "fields": {"project": 29, "alt_desc": "", "image": "projects_images/project_29/reutovo_2.jpeg", "is_active": true, "created": "2019-11-01T12:01:17.516Z", "updated": "2019-11-01T12:01:17.516Z"}}, {"model": "projectsapp.projectimage", "pk": 279, "fields": {"project": 29, "alt_desc": "", "image": "projects_images/project_29/reutovo_3.jpeg", "is_active": true, "created": "2019-11-01T12:01:40.602Z", "updated": "2019-11-01T12:01:40.602Z"}}, {"model": "projectsapp.projectimage", "pk": 280, "fields": {"project": 29, "alt_desc": "", "image": "projects_images/project_29/reutovo_04_1.jpg", "is_active": true, "created": "2019-11-01T12:01:40.679Z", "updated": "2019-11-01T12:01:40.679Z"}}, {"model": "projectsapp.projectimage", "pk": 281, "fields": {"project": 29, "alt_desc": "", "image": "projects_images/project_29/reutovo_05_1.jpg", "is_active": true, "created": "2019-11-01T12:01:40.755Z", "updated": "2019-11-01T12:01:40.755Z"}}, {"model": "projectsapp.projectimage", "pk": 282, "fields": {"project": 29, "alt_desc": "", "image": "projects_images/project_29/reutovo_06.jpg", "is_active": true, "created": "2019-11-01T12:02:05.433Z", "updated": "2019-11-01T12:02:05.433Z"}}, {"model": "projectsapp.projectimage", "pk": 283, "fields": {"project": 29, "alt_desc": "", "image": "projects_images/project_29/reutovo_7.jpeg", "is_active": true, "created": "2019-11-01T12:02:05.496Z", "updated": "2019-11-01T12:02:05.496Z"}}, {"model": "projectsapp.projectimage", "pk": 284, "fields": {"project": 29, "alt_desc": "", "image": "projects_images/project_29/reutovo_08.jpg", "is_active": true, "created": "2019-11-01T12:02:05.575Z", "updated": "2019-11-01T12:02:05.575Z"}}, {"model": "projectsapp.projectimage", "pk": 285, "fields": {"project": 29, "alt_desc": "", "image": "projects_images/project_29/reutovo_09.jpg", "is_active": true, "created": "2019-11-01T12:02:27.954Z", "updated": "2019-11-01T12:02:27.954Z"}}, {"model": "projectsapp.projectimage", "pk": 286, "fields": {"project": 29, "alt_desc": "", "image": "projects_images/project_29/reutovo_010.jpg", "is_active": true, "created": "2019-11-01T12:02:28.024Z", "updated": "2019-11-01T12:02:28.024Z"}}, {"model": "projectsapp.projectimage", "pk": 287, "fields": {"project": 29, "alt_desc": "", "image": "projects_images/project_29/reutovo_011.jpg", "is_active": true, "created": "2019-11-01T12:02:28.102Z", "updated": "2019-11-01T12:02:28.102Z"}}, {"model": "projectsapp.projectimage", "pk": 288, "fields": {"project": 29, "alt_desc": "", "image": "projects_images/project_29/reutovo_012.jpg", "is_active": true, "created": "2019-11-01T12:02:49.061Z", "updated": "2019-11-01T12:02:49.061Z"}}, {"model": "projectsapp.projectimage", "pk": 289, "fields": {"project": 29, "alt_desc": "", "image": "projects_images/project_29/reutovo_14.jpeg", "is_active": true, "created": "2019-11-01T12:02:49.125Z", "updated": "2019-11-01T12:02:49.125Z"}}, {"model": "projectsapp.projectimage", "pk": 290, "fields": {"project": 29, "alt_desc": "", "image": "projects_images/project_29/reutovo_015.jpg", "is_active": true, "created": "2019-11-01T12:02:49.201Z", "updated": "2019-11-01T12:02:49.201Z"}}, {"model": "projectsapp.projectimage", "pk": 291, "fields": {"project": 29, "alt_desc": "", "image": "projects_images/project_29/reutovo_016.jpg", "is_active": true, "created": "2019-11-01T12:03:09.048Z", "updated": "2019-11-01T12:03:09.048Z"}}, {"model": "projectsapp.projectimage", "pk": 292, "fields": {"project": 29, "alt_desc": "", "image": "projects_images/project_29/reutovo_018.jpg", "is_active": true, "created": "2019-11-01T12:03:09.130Z", "updated": "2019-11-01T12:03:09.130Z"}}, {"model": "projectsapp.projectimage", "pk": 293, "fields": {"project": 29, "alt_desc": "", "image": "projects_images/project_29/reutovo_019.jpg", "is_active": true, "created": "2019-11-01T12:03:09.208Z", "updated": "2019-11-01T12:03:09.208Z"}}, {"model": "projectsapp.projecthastechnicalsolutions", "pk": 29, "fields": {"name": "\u0421\u043b\u0443\u0436\u0435\u0431\u043d\u044b\u0435 \u043f\u0440\u043e\u0445\u043e\u0434\u044b \u043f\u043e \u044d\u0441\u0442\u0430\u043a\u0430\u0434\u043d\u044b\u043c \u0447\u0430\u0441\u0442\u044f\u043c \u043f\u0440\u043e\u043b\u0435\u0442\u043d\u043e\u0433\u043e \u0441\u0442\u0440\u043e\u0435\u043d\u0438\u044f", "project": 21, "techsol": 2, "value": "300.00", "is_active": true, "created": "2019-10-17T09:02:36.797Z", "updated": "2019-10-17T09:02:36.797Z"}}, {"model": "projectsapp.projecthastechnicalsolutions", "pk": 35, "fields": {"name": "\u0430\u043f\u043f\u0432\u043a\u0442\u0447\u0442\u0430", "project": 3, "techsol": 3, "value": "100.00", "is_active": true, "created": "2019-11-01T10:34:07.291Z", "updated": "2019-11-01T10:34:07.291Z"}}, {"model": "projectsapp.projecthastechnicalsolutions", "pk": 37, "fields": {"name": "\u0417\u0430\u0449\u0438\u0442\u043d\u043e-\u0441\u0446\u0435\u043f\u043b\u044f\u044e\u0449\u0435\u0435 \u043f\u043e\u043a\u0440\u044b\u0442\u0438\u0435 \u043e\u0440\u0442\u043e\u0442\u0440\u043e\u043d\u043e\u0439 \u043f\u043b\u0438\u0442\u044b \u043c\u043e\u0441\u0442\u043e\u0432\u043e\u0433\u043e \u043f\u043e\u043b\u043e\u0442\u043d\u0430", "project": 19, "techsol": 1, "value": "8000.00", "is_active": true, "created": "2019-11-01T11:39:55.268Z", "updated": "2019-11-01T11:39:55.268Z"}}, {"model": "projectsapp.projecthastechnicalsolutions", "pk": 38, "fields": {"name": "\u0417\u0430\u0449\u0438\u0442\u0430 \u0434\u0435\u0444\u043e\u0440\u043c\u0430\u0446\u0438\u043e\u043d\u043d\u044b\u0445 \u0448\u0432\u043e\u0432 \u0443 \u043e\u043f\u043e\u0440\u044b 1, 2", "project": 19, "techsol": 3, "value": "60.00", "is_active": true, "created": "2019-11-01T11:51:14.160Z", "updated": "2019-11-01T11:51:14.160Z"}}, {"model": "projectsapp.projectcompany", "pk": 10, "fields": {"project": 12, "role": "\u043f\u043e\u0434\u0440\u044f\u0434\u0447\u0438\u043a", "company": 27, "is_active": true, "created": "2019-10-15T11:49:36.496Z", "updated": "2019-10-15T11:49:36.496Z"}}, {"model": "projectsapp.projectcompany", "pk": 11, "fields": {"project": 1, "role": "\u0437\u0430\u043a\u0430\u0437\u0447\u0438\u043a", "company": 2, "is_active": true, "created": "2019-10-15T11:52:57.831Z", "updated": "2019-10-15T11:52:57.831Z"}}, {"model": "projectsapp.projectcompany", "pk": 15, "fields": {"project": 10, "role": "\u0437\u0430\u043a\u0430\u0437\u0447\u0438\u043a", "company": 6, "is_active": true, "created": "2019-10-15T14:25:16.958Z", "updated": "2019-10-15T14:25:16.958Z"}}, {"model": "projectsapp.projectcompany", "pk": 27, "fields": {"project": 21, "role": "\u0438\u043d\u0441\u043f\u0435\u043a\u0442\u043e\u0440", "company": 10, "is_active": true, "created": "2019-10-16T08:29:11.487Z", "updated": "2019-10-16T08:29:11.487Z"}}, {"model": "projectsapp.projectcompany", "pk": 28, "fields": {"project": 21, "role": "\u0430\u0432\u0442\u043e\u0440\u0441\u043a\u0438\u0439 \u043d\u0430\u0434\u0437\u043e\u0440", "company": 22, "is_active": true, "created": "2019-10-16T08:30:24.028Z", "updated": "2019-10-16T08:30:24.028Z"}}, {"model": "projectsapp.projectcompany", "pk": 34, "fields": {"project": 21, "role": "\u0437\u0430\u043a\u0430\u0437\u0447\u0438\u043a", "company": 2, "is_active": true, "created": "2019-10-27T15:25:10.735Z", "updated": "2019-10-27T15:25:10.735Z"}}, {"model": "projectsapp.projectcompany", "pk": 40, "fields": {"project": 3, "role": "\u0437\u0430\u043a\u0430\u0437\u0447\u0438\u043a", "company": 2, "is_active": true, "created": "2019-11-01T10:33:18.229Z", "updated": "2019-11-01T10:33:18.230Z"}}, {"model": "projectsapp.projectcompany", "pk": 41, "fields": {"project": 3, "role": "\u043f\u043e\u0434\u0440\u044f\u0434\u0447\u0438\u043a", "company": 11, "is_active": true, "created": "2019-11-01T10:33:31.620Z", "updated": "2019-11-01T10:33:31.620Z"}}, {"model": "projectsapp.projectcompany", "pk": 42, "fields": {"project": 19, "role": "\u0437\u0430\u043a\u0430\u0437\u0447\u0438\u043a", "company": 21, "is_active": true, "created": "2019-11-01T11:03:02.568Z", "updated": "2019-11-01T11:03:02.568Z"}}, {"model": "projectsapp.projectcompany", "pk": 43, "fields": {"project": 19, "role": "\u043f\u043e\u0434\u0440\u044f\u0434\u0447\u0438\u043a", "company": 9, "is_active": true, "created": "2019-11-01T11:03:18.976Z", "updated": "2019-11-01T11:03:18.976Z"}}, {"model": "projectsapp.projectmanagers", "pk": 29, "fields": {"project": 1, "role": "\u0432\u043b\u0430\u0434\u0435\u043b\u0435\u0446", "manager": 3, "description": "", "is_active": true, "created": "2019-10-15T12:59:05.700Z", "updated": "2019-10-15T12:59:05.700Z"}}, {"model": "projectsapp.projectmanagers", "pk": 30, "fields": {"project": 10, "role": "\u0432\u043b\u0430\u0434\u0435\u043b\u0435\u0446", "manager": 3, "description": "", "is_active": true, "created": "2019-10-15T14:25:36.365Z", "updated": "2019-10-15T14:25:36.365Z"}}, {"model": "projectsapp.projectmanagers", "pk": 38, "fields": {"project": 21, "role": "\u0432\u043b\u0430\u0434\u0435\u043b\u0435\u0446", "manager": 2, "description": "", "is_active": true, "created": "2019-10-16T07:37:43.556Z", "updated": "2019-10-16T07:37:43.556Z"}}, {"model": "projectsapp.projectmanagers", "pk": 39, "fields": {"project": 21, "role": "\u043a\u043e\u043c\u043c\u0435\u0440\u0441\u0430\u043d\u0442", "manager": 3, "description": "", "is_active": true, "created": "2019-10-16T08:08:25.830Z", "updated": "2019-10-16T08:08:25.830Z"}}, {"model": "projectsapp.projectmanagers", "pk": 40, "fields": {"project": 21, "role": "\u043f\u0440\u043e\u0435\u043a\u0442\u0438\u0440\u043e\u0432\u0449\u0438\u043a", "manager": 5, "description": "", "is_active": true, "created": "2019-10-16T08:08:41.062Z", "updated": "2019-10-16T08:08:41.062Z"}}, {"model": "projectsapp.projectmanagers", "pk": 49, "fields": {"project": 6, "role": "\u0430\u0432\u0442\u043e\u0440\u0441\u043a\u0438\u0439 \u043d\u0430\u0434\u0437\u043e\u0440", "manager": 1, "description": "", "is_active": true, "created": "2019-10-27T15:31:05.115Z", "updated": "2019-10-27T15:31:05.115Z"}}, {"model": "projectsapp.projectmanagers", "pk": 53, "fields": {"project": 3, "role": "\u043f\u0440\u043e\u0435\u043a\u0442\u0438\u0440\u043e\u0432\u0449\u0438\u043a", "manager": 5, "description": "", "is_active": true, "created": "2019-11-01T10:33:44.178Z", "updated": "2019-11-01T10:33:44.178Z"}}, {"model": "projectsapp.projectmanagers", "pk": 54, "fields": {"project": 19, "role": "\u0432\u043b\u0430\u0434\u0435\u043b\u0435\u0446", "manager": 2, "description": "", "is_active": true, "created": "2019-11-01T11:03:29.814Z", "updated": "2019-11-01T11:03:29.814Z"}}, {"model": "projectsapp.projectdiscussmember", "pk": 1, "fields": {"project": 3, "user": 1}}, {"model": "projectsapp.projectdiscussmember", "pk": 2, "fields": {"project": 3, "user": 2}}, {"model": "projectsapp.projectdiscussitem", "pk": 1, "fields": {"project": 3, "user": 1, "comment": "fdvasdvsdzcx"}}, {"model": "projectsapp.projectdiscussitem", "pk": 2, "fields": {"project": 3, "user": 1, "comment": "fdfxvx sdx"}}, {"model": "projectsapp.projectdiscussitem", "pk": 3, "fields": {"project": 3, "user": 2, "comment": "df gsdzfxgavsdzxc"}}]