[{"model": "projectsapp.project", "pk": 1, "fields": {"name": "\u0411\u0440\u0430\u0442\u0435\u0435\u0432\u0441\u043a\u0438\u0439 \u043c\u043e\u0441\u0442", "slug": "brateevskij-most", "description": "", "image": "projects_images/bratislavskiy_most_01.png", "status": "\u0437\u0430\u0432\u0435\u0440\u0448\u0435\u043d", "creation_date": "2019-10-03T08:01:09.069Z", "city": "\u041c\u043e\u0441\u043a\u0432\u0430", "address": null, "latitude": 0.0, "longitude": 0.0, "contractor": null, "customer": null, "designer": null}}, {"model": "projectsapp.project", "pk": 2, "fields": {"name": "\u0410\u0432\u0442\u043e\u0437\u0430\u0432\u043e\u0434\u0441\u043a\u0438\u0439 \u043c\u043e\u0441\u0442", "slug": "avtozavodskij-most", "description": "", "image": "projects_images/2017_rubberflex_55_avtozavodskiy_most_1.jpg", "status": "\u0437\u0430\u0432\u0435\u0440\u0448\u0435\u043d", "creation_date": "2019-10-03T09:15:42.451Z", "city": "\u041c\u043e\u0441\u043a\u0432\u0430", "address": null, "latitude": 0.0, "longitude": 0.0, "contractor": null, "customer": null, "designer": null}}, {"model": "projectsapp.project", "pk": 3, "fields": {"name": "\u041d\u0430\u0433\u0430\u0442\u0438\u043d\u0441\u043a\u0438\u0439 \u043c\u043e\u0441\u0442", "slug": "nagatinskij-most", "description": "", "image": "projects_images/2016_nagatinsky_most_1.jpg", "status": "\u0437\u0430\u0432\u0435\u0440\u0448\u0435\u043d", "creation_date": "2019-10-03T09:17:11.441Z", "city": "\u041c\u043e\u0441\u043a\u0432\u0430", "address": null, "latitude": 0.0, "longitude": 0.0, "contractor": null, "customer": null, "designer": null}}, {"model": "projectsapp.project", "pk": 4, "fields": {"name": "\u041c\u043e\u0441\u0442 \u0447/\u0437 \u0440. \u0414\u0435\u0441\u043d\u0430", "slug": "most-chz-r-desna", "description": "", "image": "projects_images/2017_rubberflex_tskad_reka_desna_0_7.jpg", "status": "\u0437\u0430\u0432\u0435\u0440\u0448\u0435\u043d", "creation_date": "2019-10-03T09:19:56.047Z", "city": "\u041c\u043e\u0441\u043a\u043e\u0432\u0441\u043a\u0430\u044f \u043e\u0431\u043b\u0430\u0441\u0442\u044c", "address": null, "latitude": 0.0, "longitude": 0.0, "contractor": null, "customer": null, "designer": null}}, {"model": "projectsapp.project", "pk": 5, "fields": {"name": "\u041c\u043e\u0441\u0442 \u0447/\u0437 \u0440. \u041e\u043a\u0430", "slug": "most-chz-r-oka", "description": "", "image": "projects_images/most_cherez_reku_oka_ryazan_06.png", "status": "\u0437\u0430\u0432\u0435\u0440\u0448\u0435\u043d", "creation_date": "2019-10-03T09:22:27.190Z", "city": "\u0420\u044f\u0437\u0430\u043d\u044c", "address": null, "latitude": 0.0, "longitude": 0.0, "contractor": null, "customer": null, "designer": null}}, {"model": "projectsapp.project", "pk": 6, "fields": {"name": "\u041c\u043e\u0441\u0442 \u0447/\u0437 \u0440. \u041a\u0430\u043c\u0447\u0430\u0442\u043a\u0430", "slug": "most-chz-r-kamchatka", "description": "", "image": "projects_images/maracryl_most_kamchatca_16.jpg", "status": "\u0437\u0430\u0432\u0435\u0440\u0448\u0435\u043d", "creation_date": "2019-10-03T09:24:23.748Z", "city": "\u041f\u0435\u0442\u0440\u043e\u043f\u0430\u0432\u043b\u043e\u0432\u0441\u043a-\u041a\u0430\u043c\u0447\u0430\u0442\u0441\u043a\u0438\u0439", "address": null, "latitude": 0.0, "longitude": 0.0, "contractor": null, "customer": null, "designer": null}}, {"model": "projectsapp.project", "pk": 7, "fields": {"name": "\u042d\u0441\u0442\u0430\u043a\u0430\u0434\u0430 \u0418\u043b\u044c\u0438\u043d\u0441\u043a\u043e\u0433\u043e \u0448\u043e\u0441\u0441\u0435", "slug": "estakada-ilinskogo-shosse", "description": "", "image": "projects_images/volokolamka_ilinka_03.png", "status": "\u0441\u0442\u0440\u043e\u0438\u0442\u0435\u043b\u044c\u0441\u0442\u0432\u043e", "creation_date": "2019-10-03T09:26:44.635Z", "city": "\u041c\u043e\u0441\u043a\u043e\u0432\u0441\u043a\u0430\u044f \u043e\u0431\u043b\u0430\u0441\u0442\u044c", "address": null, "latitude": 0.0, "longitude": 0.0, "contractor": null, "customer": null, "designer": null}}, {"model": "projectsapp.project", "pk": 8, "fields": {"name": "\u041c\u043e\u0441\u0442 \u0447/\u0437 \u0440. \u0410\u043a\u0442\u0430\u0439", "slug": "most-chz-r-aktaj", "description": "", "image": "projects_images/Aktai.jpeg", "status": "\u0437\u0430\u0432\u0435\u0440\u0448\u0435\u043d", "creation_date": "2019-10-03T09:31:30.757Z", "city": "\u041d\u043e\u0432\u043e\u0441\u0438\u0431\u0438\u0440\u0441\u043a", "address": null, "latitude": 0.0, "longitude": 0.0, "contractor": null, "customer": null, "designer": null}}, {"model": "projectsapp.project", "pk": 9, "fields": {"name": "\u041f\u0443\u0442\u0435\u043f\u0440\u043e\u0432\u043e\u0434 \u0447/\u0437 \u0443\u043b. \u0414\u043e\u0440\u043e\u0436\u043d\u0430\u044f", "slug": "puteprovod-chz-ul-dorozhnaya", "description": "", "image": "projects_images/Dorozhnaya.jpeg", "status": "\u0441\u0442\u0440\u043e\u0438\u0442\u0435\u043b\u044c\u0441\u0442\u0432\u043e", "creation_date": "2019-10-03T09:33:54.522Z", "city": "\u041c\u043e\u0441\u043a\u0432\u0430", "address": null, "latitude": 0.0, "longitude": 0.0, "contractor": null, "customer": null, "designer": null}}, {"model": "projectsapp.projectimage", "pk": 1, "fields": {"project": 1, "alt_desc": "", "image": "products_images/bratislavskiy_most_02_DFLfnFG.png", "is_active": true, "created": "2019-10-03T08:01:09.075Z", "updated": "2019-10-03T08:01:09.075Z"}}, {"model": "projectsapp.projectimage", "pk": 2, "fields": {"project": 1, "alt_desc": "", "image": "products_images/bratislavskiy_most_03_mdOuTyT.png", "is_active": true, "created": "2019-10-03T08:01:09.081Z", "updated": "2019-10-03T08:01:09.081Z"}}, {"model": "projectsapp.projectimage", "pk": 3, "fields": {"project": 1, "alt_desc": "", "image": "products_images/bratislavskiy_most_04_b7EzZfU.png", "is_active": true, "created": "2019-10-03T08:01:09.084Z", "updated": "2019-10-03T08:01:09.084Z"}}, {"model": "projectsapp.projectimage", "pk": 4, "fields": {"project": 1, "alt_desc": "", "image": "products_images/bratislavskiy_most_05_FQI6p3r.png", "is_active": true, "created": "2019-10-03T08:01:09.089Z", "updated": "2019-10-03T08:01:09.089Z"}}, {"model": "projectsapp.projectimage", "pk": 5, "fields": {"project": 1, "alt_desc": "", "image": "products_images/bratislavskiy_most_06_6taPj9P.png", "is_active": true, "created": "2019-10-03T08:01:09.093Z", "updated": "2019-10-03T08:01:09.093Z"}}, {"model": "projectsapp.projectimage", "pk": 6, "fields": {"project": 1, "alt_desc": "", "image": "products_images/bratislavskiy_most_07_ZeFhqGF.png", "is_active": true, "created": "2019-10-03T08:01:09.098Z", "updated": "2019-10-03T08:01:09.098Z"}}, {"model": "projectsapp.projectimage", "pk": 7, "fields": {"project": 1, "alt_desc": "", "image": "products_images/bratislavskiy_most_08_1w8ildi.png", "is_active": true, "created": "2019-10-03T08:01:09.102Z", "updated": "2019-10-03T08:01:09.102Z"}}, {"model": "projectsapp.projectimage", "pk": 8, "fields": {"project": 1, "alt_desc": "", "image": "products_images/bratislavskiy_most_09_TkZuZl8.png", "is_active": true, "created": "2019-10-03T08:01:09.106Z", "updated": "2019-10-03T08:01:09.106Z"}}, {"model": "projectsapp.projectimage", "pk": 9, "fields": {"project": 1, "alt_desc": "", "image": "products_images/bratislavskiy_most_10_QYhBvi6.png", "is_active": true, "created": "2019-10-03T08:01:09.111Z", "updated": "2019-10-03T08:01:09.111Z"}}, {"model": "projectsapp.projectimage", "pk": 10, "fields": {"project": 2, "alt_desc": "", "image": "products_images/2017_rubberflex_55_avtozavodskiy_most_1.jpg", "is_active": true, "created": "2019-10-03T09:15:42.460Z", "updated": "2019-10-03T09:15:42.460Z"}}, {"model": "projectsapp.projectimage", "pk": 11, "fields": {"project": 2, "alt_desc": "", "image": "products_images/2017_rubberflex_55_avtozavodskiy_most_3.jpg", "is_active": true, "created": "2019-10-03T09:15:42.464Z", "updated": "2019-10-03T09:15:42.464Z"}}, {"model": "projectsapp.projectimage", "pk": 12, "fields": {"project": 2, "alt_desc": "", "image": "products_images/2017_rubberflex_55_avtozavodskiy_most_51.jpg", "is_active": true, "created": "2019-10-03T09:15:42.469Z", "updated": "2019-10-03T09:15:42.469Z"}}, {"model": "projectsapp.projectimage", "pk": 13, "fields": {"project": 2, "alt_desc": "", "image": "products_images/2017_rubberflex_55_avtozavodskiy_most.jpg", "is_active": true, "created": "2019-10-03T09:15:42.475Z", "updated": "2019-10-03T09:15:42.475Z"}}, {"model": "projectsapp.projectimage", "pk": 14, "fields": {"project": 2, "alt_desc": "", "image": "products_images/2017_rubberflex_55_avtozavodskiy_most_52.jpg", "is_active": true, "created": "2019-10-03T09:15:42.481Z", "updated": "2019-10-03T09:15:42.481Z"}}, {"model": "projectsapp.projectimage", "pk": 15, "fields": {"project": 2, "alt_desc": "", "image": "products_images/2017_rubberflex_55_avtozavodskiy_most_53.jpg", "is_active": true, "created": "2019-10-03T09:15:42.484Z", "updated": "2019-10-03T09:15:42.484Z"}}, {"model": "projectsapp.projectimage", "pk": 16, "fields": {"project": 2, "alt_desc": "", "image": "products_images/2017_rubberflex_55_avtozavodskiy_most_54.jpg", "is_active": true, "created": "2019-10-03T09:15:42.488Z", "updated": "2019-10-03T09:15:42.488Z"}}, {"model": "projectsapp.projectimage", "pk": 17, "fields": {"project": 3, "alt_desc": "", "image": "products_images/2016_nagatinsky_most_1.jpg", "is_active": true, "created": "2019-10-03T09:17:11.450Z", "updated": "2019-10-03T09:17:11.450Z"}}, {"model": "projectsapp.projectimage", "pk": 18, "fields": {"project": 3, "alt_desc": "", "image": "products_images/2016_nagatinsky_most_10.jpg", "is_active": true, "created": "2019-10-03T09:17:11.454Z", "updated": "2019-10-03T09:17:11.454Z"}}, {"model": "projectsapp.projectimage", "pk": 19, "fields": {"project": 3, "alt_desc": "", "image": "products_images/2016_nagatinsky_most_2.jpg", "is_active": true, "created": "2019-10-03T09:17:11.458Z", "updated": "2019-10-03T09:17:11.459Z"}}, {"model": "projectsapp.projectimage", "pk": 20, "fields": {"project": 3, "alt_desc": "", "image": "products_images/2016_nagatinsky_most_8.jpg", "is_active": true, "created": "2019-10-03T09:17:11.464Z", "updated": "2019-10-03T09:17:11.464Z"}}, {"model": "projectsapp.projectimage", "pk": 21, "fields": {"project": 3, "alt_desc": "", "image": "products_images/2016_nagatinsky_most_11.jpg", "is_active": true, "created": "2019-10-03T09:17:11.472Z", "updated": "2019-10-03T09:17:11.472Z"}}, {"model": "projectsapp.projectimage", "pk": 22, "fields": {"project": 3, "alt_desc": "", "image": "products_images/2016_nagatinsky_most_9.jpg", "is_active": true, "created": "2019-10-03T09:17:11.476Z", "updated": "2019-10-03T09:17:11.476Z"}}, {"model": "projectsapp.projectimage", "pk": 23, "fields": {"project": 4, "alt_desc": "", "image": "products_images/2017_rubberflex_tskad_reka_desna_0_7_Xvgqd6E.jpg", "is_active": true, "created": "2019-10-03T09:19:56.056Z", "updated": "2019-10-03T09:19:56.056Z"}}, {"model": "projectsapp.projectimage", "pk": 24, "fields": {"project": 4, "alt_desc": "", "image": "products_images/2017_rubberflex_tskad_reka_desna_0_6.jpg", "is_active": true, "created": "2019-10-03T09:19:56.062Z", "updated": "2019-10-03T09:19:56.062Z"}}, {"model": "projectsapp.projectimage", "pk": 25, "fields": {"project": 4, "alt_desc": "", "image": "products_images/2017_rubberflex_tskad_reka_desna1.jpg", "is_active": true, "created": "2019-10-03T09:19:56.066Z", "updated": "2019-10-03T09:19:56.066Z"}}, {"model": "projectsapp.projectimage", "pk": 26, "fields": {"project": 4, "alt_desc": "", "image": "products_images/2017_rubberflex_tskad_reka_desna2.jpg", "is_active": true, "created": "2019-10-03T09:19:56.071Z", "updated": "2019-10-03T09:19:56.071Z"}}, {"model": "projectsapp.projectimage", "pk": 27, "fields": {"project": 4, "alt_desc": "", "image": "products_images/2017_rubberflex_tskad_reka_desna3.jpg", "is_active": true, "created": "2019-10-03T09:19:56.078Z", "updated": "2019-10-03T09:19:56.078Z"}}, {"model": "projectsapp.projectimage", "pk": 28, "fields": {"project": 4, "alt_desc": "", "image": "products_images/2017_rubberflex_tskad_reka_desna4.jpg", "is_active": true, "created": "2019-10-03T09:19:56.081Z", "updated": "2019-10-03T09:19:56.081Z"}}, {"model": "projectsapp.projectimage", "pk": 29, "fields": {"project": 4, "alt_desc": "", "image": "products_images/2017_rubberflex_tskad_reka_desna5.jpg", "is_active": true, "created": "2019-10-03T09:19:56.085Z", "updated": "2019-10-03T09:19:56.085Z"}}, {"model": "projectsapp.projectimage", "pk": 30, "fields": {"project": 4, "alt_desc": "", "image": "products_images/2017_rubberflex_tskad_reka_desna6.jpg", "is_active": true, "created": "2019-10-03T09:19:56.088Z", "updated": "2019-10-03T09:19:56.088Z"}}, {"model": "projectsapp.projectimage", "pk": 31, "fields": {"project": 4, "alt_desc": "", "image": "products_images/2017_rubberflex_tskad_reka_desna_0_10.jpg", "is_active": true, "created": "2019-10-03T09:19:56.092Z", "updated": "2019-10-03T09:19:56.092Z"}}, {"model": "projectsapp.projectimage", "pk": 32, "fields": {"project": 4, "alt_desc": "", "image": "products_images/2017_rubberflex_tskad_reka_desna_65_pQXBEjY.jpg", "is_active": true, "created": "2019-10-03T09:19:56.097Z", "updated": "2019-10-03T09:19:56.097Z"}}, {"model": "projectsapp.projectimage", "pk": 33, "fields": {"project": 5, "alt_desc": "", "image": "products_images/most_cherez_reku_oka_ryazan_05.png", "is_active": true, "created": "2019-10-03T09:22:27.196Z", "updated": "2019-10-03T09:22:27.196Z"}}, {"model": "projectsapp.projectimage", "pk": 34, "fields": {"project": 5, "alt_desc": "", "image": "products_images/most_cherez_reku_oka_ryazan_01_1.png", "is_active": true, "created": "2019-10-03T09:22:27.204Z", "updated": "2019-10-03T09:22:27.204Z"}}, {"model": "projectsapp.projectimage", "pk": 35, "fields": {"project": 5, "alt_desc": "", "image": "products_images/most_cherez_reku_oka_ryazan_01.png", "is_active": true, "created": "2019-10-03T09:22:27.208Z", "updated": "2019-10-03T09:22:27.208Z"}}, {"model": "projectsapp.projectimage", "pk": 36, "fields": {"project": 5, "alt_desc": "", "image": "products_images/most_cherez_reku_oka_ryazan_02_1.png", "is_active": true, "created": "2019-10-03T09:22:27.213Z", "updated": "2019-10-03T09:22:27.213Z"}}, {"model": "projectsapp.projectimage", "pk": 37, "fields": {"project": 5, "alt_desc": "", "image": "products_images/most_cherez_reku_oka_ryazan_03.png", "is_active": true, "created": "2019-10-03T09:22:27.221Z", "updated": "2019-10-03T09:22:27.221Z"}}, {"model": "projectsapp.projectimage", "pk": 38, "fields": {"project": 5, "alt_desc": "", "image": "products_images/most_cherez_reku_oka_ryazan_06.png", "is_active": true, "created": "2019-10-03T09:22:27.225Z", "updated": "2019-10-03T09:22:27.225Z"}}, {"model": "projectsapp.projectimage", "pk": 39, "fields": {"project": 5, "alt_desc": "", "image": "products_images/most_cherez_reku_oka_ryazan_08.png", "is_active": true, "created": "2019-10-03T09:22:27.230Z", "updated": "2019-10-03T09:22:27.230Z"}}, {"model": "projectsapp.projectimage", "pk": 40, "fields": {"project": 5, "alt_desc": "", "image": "products_images/most_cherez_reku_oka_ryazan_09.png", "is_active": true, "created": "2019-10-03T09:22:27.234Z", "updated": "2019-10-03T09:22:27.234Z"}}, {"model": "projectsapp.projectimage", "pk": 41, "fields": {"project": 5, "alt_desc": "", "image": "products_images/most_cherez_reku_oka_ryazan_010.png", "is_active": true, "created": "2019-10-03T09:22:27.237Z", "updated": "2019-10-03T09:22:27.237Z"}}, {"model": "projectsapp.projectimage", "pk": 42, "fields": {"project": 6, "alt_desc": "", "image": "products_images/maracryl_most_kamchatca_16.jpg", "is_active": true, "created": "2019-10-03T09:24:23.756Z", "updated": "2019-10-03T09:24:23.756Z"}}, {"model": "projectsapp.projectimage", "pk": 43, "fields": {"project": 6, "alt_desc": "", "image": "products_images/maracryl_most_kamchatca_3.jpg", "is_active": true, "created": "2019-10-03T09:24:23.761Z", "updated": "2019-10-03T09:24:23.761Z"}}, {"model": "projectsapp.projectimage", "pk": 44, "fields": {"project": 6, "alt_desc": "", "image": "products_images/maracryl_most_kamchatca_6.jpg", "is_active": true, "created": "2019-10-03T09:24:23.766Z", "updated": "2019-10-03T09:24:23.766Z"}}, {"model": "projectsapp.projectimage", "pk": 45, "fields": {"project": 6, "alt_desc": "", "image": "products_images/maracryl_most_kamchatca_12.jpg", "is_active": true, "created": "2019-10-03T09:24:23.769Z", "updated": "2019-10-03T09:24:23.769Z"}}, {"model": "projectsapp.projectimage", "pk": 46, "fields": {"project": 6, "alt_desc": "", "image": "products_images/maracryl_most_kamchatca_11.jpg", "is_active": true, "created": "2019-10-03T09:24:23.772Z", "updated": "2019-10-03T09:24:23.772Z"}}, {"model": "projectsapp.projectimage", "pk": 47, "fields": {"project": 6, "alt_desc": "", "image": "products_images/maracryl_most_kamchatca.jpg", "is_active": true, "created": "2019-10-03T09:24:23.775Z", "updated": "2019-10-03T09:24:23.775Z"}}, {"model": "projectsapp.projectimage", "pk": 48, "fields": {"project": 7, "alt_desc": "", "image": "products_images/volokolamka_ilinka_01.png", "is_active": true, "created": "2019-10-03T09:26:44.641Z", "updated": "2019-10-03T09:26:44.641Z"}}, {"model": "projectsapp.projectimage", "pk": 49, "fields": {"project": 7, "alt_desc": "", "image": "products_images/volokolamka_ilinka_02.png", "is_active": true, "created": "2019-10-03T09:26:44.647Z", "updated": "2019-10-03T09:26:44.647Z"}}, {"model": "projectsapp.projectimage", "pk": 50, "fields": {"project": 7, "alt_desc": "", "image": "products_images/volokolamka_ilinka_03.png", "is_active": true, "created": "2019-10-03T09:26:44.655Z", "updated": "2019-10-03T09:26:44.655Z"}}, {"model": "projectsapp.projectimage", "pk": 51, "fields": {"project": 7, "alt_desc": "", "image": "products_images/volokolamka_ilinka_04.png", "is_active": true, "created": "2019-10-03T09:26:44.659Z", "updated": "2019-10-03T09:26:44.659Z"}}, {"model": "projectsapp.projectimage", "pk": 52, "fields": {"project": 7, "alt_desc": "", "image": "products_images/volokolamka_ilinka_05.png", "is_active": true, "created": "2019-10-03T09:26:44.663Z", "updated": "2019-10-03T09:26:44.663Z"}}, {"model": "projectsapp.projectimage", "pk": 53, "fields": {"project": 7, "alt_desc": "", "image": "products_images/volokolamka_ilinka_06.png", "is_active": true, "created": "2019-10-03T09:26:44.670Z", "updated": "2019-10-03T09:26:44.670Z"}}, {"model": "projectsapp.projectimage", "pk": 54, "fields": {"project": 7, "alt_desc": "", "image": "products_images/volokolamskogo_i_ilinskogo_shosse_1_WNAaN0r.jpeg", "is_active": true, "created": "2019-10-03T09:26:44.675Z", "updated": "2019-10-03T09:26:44.675Z"}}, {"model": "projectsapp.projectimage", "pk": 55, "fields": {"project": 8, "alt_desc": "", "image": "products_images/Aktai.jpeg", "is_active": true, "created": "2019-10-03T09:31:30.762Z", "updated": "2019-10-03T09:31:30.762Z"}}, {"model": "projectsapp.projectimage", "pk": 56, "fields": {"project": 8, "alt_desc": "", "image": "products_images/most_aktai_4.jpeg", "is_active": true, "created": "2019-10-03T09:31:30.766Z", "updated": "2019-10-03T09:31:30.766Z"}}, {"model": "projectsapp.projectimage", "pk": 57, "fields": {"project": 8, "alt_desc": "", "image": "products_images/most_aktai_5.jpeg", "is_active": true, "created": "2019-10-03T09:31:30.769Z", "updated": "2019-10-03T09:31:30.769Z"}}, {"model": "projectsapp.projectimage", "pk": 58, "fields": {"project": 8, "alt_desc": "", "image": "products_images/most_aktai_8.jpeg", "is_active": true, "created": "2019-10-03T09:31:30.774Z", "updated": "2019-10-03T09:31:30.774Z"}}, {"model": "projectsapp.projectimage", "pk": 59, "fields": {"project": 8, "alt_desc": "", "image": "products_images/most_aktai_6.jpeg", "is_active": true, "created": "2019-10-03T09:31:30.777Z", "updated": "2019-10-03T09:31:30.777Z"}}, {"model": "projectsapp.projectimage", "pk": 60, "fields": {"project": 8, "alt_desc": "", "image": "products_images/most_aktai_9.jpeg", "is_active": true, "created": "2019-10-03T09:31:30.780Z", "updated": "2019-10-03T09:31:30.780Z"}}, {"model": "projectsapp.projectimage", "pk": 61, "fields": {"project": 8, "alt_desc": "", "image": "products_images/most_aktai_11.jpeg", "is_active": true, "created": "2019-10-03T09:31:30.783Z", "updated": "2019-10-03T09:31:30.783Z"}}, {"model": "projectsapp.projectimage", "pk": 62, "fields": {"project": 9, "alt_desc": "", "image": "products_images/dorojnaya_1.jpeg", "is_active": true, "created": "2019-10-03T09:33:54.530Z", "updated": "2019-10-03T09:33:54.530Z"}}, {"model": "projectsapp.projectimage", "pk": 63, "fields": {"project": 9, "alt_desc": "", "image": "products_images/dorojnaya_2.jpeg", "is_active": true, "created": "2019-10-03T09:33:54.534Z", "updated": "2019-10-03T09:33:54.534Z"}}, {"model": "projectsapp.projectimage", "pk": 64, "fields": {"project": 9, "alt_desc": "", "image": "products_images/dorojnaya_3.jpeg", "is_active": true, "created": "2019-10-03T09:33:54.537Z", "updated": "2019-10-03T09:33:54.537Z"}}, {"model": "projectsapp.projectimage", "pk": 65, "fields": {"project": 9, "alt_desc": "", "image": "products_images/dorojnaya_5.jpeg", "is_active": true, "created": "2019-10-03T09:33:54.540Z", "updated": "2019-10-03T09:33:54.540Z"}}, {"model": "projectsapp.projectimage", "pk": 66, "fields": {"project": 9, "alt_desc": "", "image": "products_images/dorojnaya_11.jpeg", "is_active": true, "created": "2019-10-03T09:33:54.543Z", "updated": "2019-10-03T09:33:54.543Z"}}, {"model": "projectsapp.projectimage", "pk": 67, "fields": {"project": 9, "alt_desc": "", "image": "products_images/dorojnaya_13.jpeg", "is_active": true, "created": "2019-10-03T09:33:54.546Z", "updated": "2019-10-03T09:33:54.546Z"}}, {"model": "projectsapp.projecthastechnicalsolutions", "pk": 1, "fields": {"name": "", "project": 1, "techsol": 1, "value": 13000.0, "is_active": true, "created": "2019-10-03T08:01:35.122Z", "updated": "2019-10-03T08:01:35.122Z"}}, {"model": "projectsapp.projecthastechnicalsolutions", "pk": 2, "fields": {"name": "", "project": 1, "techsol": 3, "value": 350.0, "is_active": true, "created": "2019-10-03T08:15:30.849Z", "updated": "2019-10-03T08:15:30.849Z"}}, {"model": "projectsapp.projecthastechnicalsolutions", "pk": 3, "fields": {"name": "", "project": 2, "techsol": 1, "value": 21600.0, "is_active": true, "created": "2019-10-03T09:15:42.453Z", "updated": "2019-10-03T09:15:42.453Z"}}, {"model": "projectsapp.projecthastechnicalsolutions", "pk": 4, "fields": {"name": "", "project": 2, "techsol": 3, "value": 540.0, "is_active": true, "created": "2019-10-03T09:15:42.456Z", "updated": "2019-10-03T09:15:42.456Z"}}, {"model": "projectsapp.projecthastechnicalsolutions", "pk": 5, "fields": {"name": "", "project": 3, "techsol": 1, "value": 16000.0, "is_active": true, "created": "2019-10-03T09:17:11.443Z", "updated": "2019-10-03T09:17:11.443Z"}}, {"model": "projectsapp.projecthastechnicalsolutions", "pk": 6, "fields": {"name": "", "project": 3, "techsol": 2, "value": 4500.0, "is_active": true, "created": "2019-10-03T09:17:11.444Z", "updated": "2019-10-03T09:17:11.444Z"}}, {"model": "projectsapp.projecthastechnicalsolutions", "pk": 7, "fields": {"name": "", "project": 4, "techsol": 1, "value": 6400.0, "is_active": true, "created": "2019-10-03T09:19:56.050Z", "updated": "2019-10-03T09:19:56.050Z"}}, {"model": "projectsapp.projecthastechnicalsolutions", "pk": 8, "fields": {"name": "", "project": 5, "techsol": 5, "value": 14000.0, "is_active": true, "created": "2019-10-03T09:22:27.192Z", "updated": "2019-10-03T09:22:27.192Z"}}, {"model": "projectsapp.projecthastechnicalsolutions", "pk": 9, "fields": {"name": "", "project": 6, "techsol": 5, "value": 9500.0, "is_active": true, "created": "2019-10-03T09:24:23.751Z", "updated": "2019-10-03T09:24:23.751Z"}}, {"model": "projectsapp.projecthastechnicalsolutions", "pk": 10, "fields": {"name": "", "project": 7, "techsol": 1, "value": 9500.0, "is_active": true, "created": "2019-10-03T09:26:44.636Z", "updated": "2019-10-03T09:26:44.636Z"}}, {"model": "projectsapp.projecthastechnicalsolutions", "pk": 11, "fields": {"name": "", "project": 7, "techsol": 4, "value": 12000.0, "is_active": true, "created": "2019-10-03T09:26:44.637Z", "updated": "2019-10-03T09:26:44.637Z"}}, {"model": "projectsapp.projecthastechnicalsolutions", "pk": 12, "fields": {"name": "", "project": 8, "techsol": 1, "value": 4500.0, "is_active": true, "created": "2019-10-03T09:31:30.758Z", "updated": "2019-10-03T09:31:30.758Z"}}, {"model": "projectsapp.projecthastechnicalsolutions", "pk": 13, "fields": {"name": "", "project": 8, "techsol": 4, "value": 2000.0, "is_active": true, "created": "2019-10-03T09:31:30.759Z", "updated": "2019-10-03T09:31:30.759Z"}}, {"model": "projectsapp.projecthastechnicalsolutions", "pk": 14, "fields": {"name": "", "project": 9, "techsol": 4, "value": 4500.0, "is_active": true, "created": "2019-10-03T09:33:54.524Z", "updated": "2019-10-03T09:33:54.524Z"}}, {"model": "projectsapp.projecthastechnicalsolutions", "pk": 15, "fields": {"name": "", "project": 9, "techsol": 1, "value": 16000.0, "is_active": true, "created": "2019-10-03T09:33:54.525Z", "updated": "2019-10-03T09:33:54.525Z"}}]