[{"model": "projectsapp.project", "pk": 1, "fields": {"name": "\u0411\u0440\u0430\u0442\u0435\u0435\u0432\u0441\u043a\u0438\u0439 \u043c\u043e\u0441\u0442", "slug": "brateevskij-most", "description": "", "image": "projects_images/bratislavskiy_most_01.png", "status": "\u0437\u0430\u0432\u0435\u0440\u0448\u0435\u043d", "creation_date": "2019-10-03T08:01:09.069Z", "updated": "2019-10-11T15:07:02.781Z", "city": "\u041c\u043e\u0441\u043a\u0432\u0430", "address": null, "coordinate": "55.640484, 37.747734", "map_mark": "brateevskij_most", "text_for_map": "", "is_active": false}}, {"model": "projectsapp.project", "pk": 2, "fields": {"name": "\u0410\u0432\u0442\u043e\u0437\u0430\u0432\u043e\u0434\u0441\u043a\u0438\u0439 \u043c\u043e\u0441\u0442", "slug": "avtozavodskij-most", "description": "", "image": "projects_images/2017_rubberflex_55_avtozavodskiy_most_1.jpg", "status": "\u0437\u0430\u0432\u0435\u0440\u0448\u0435\u043d", "creation_date": "2019-10-03T09:15:42.451Z", "updated": "2019-10-11T15:07:02.781Z", "city": "\u041c\u043e\u0441\u043a\u0432\u0430", "address": null, "coordinate": "55.705329, 37.628328", "map_mark": "avtozavodskij_most", "text_for_map": "", "is_active": false}}, {"model": "projectsapp.project", "pk": 3, "fields": {"name": "\u041d\u0430\u0433\u0430\u0442\u0438\u043d\u0441\u043a\u0438\u0439 \u043c\u043e\u0441\u0442", "slug": "nagatinskij-most", "description": "", "image": "projects_images/2016_nagatinsky_most_1.jpg", "status": "\u0437\u0430\u0432\u0435\u0440\u0448\u0435\u043d", "creation_date": "2019-10-03T09:17:11.441Z", "updated": "2019-10-11T15:07:02.781Z", "city": "\u041c\u043e\u0441\u043a\u0432\u0430", "address": null, "coordinate": "55.686403, 37.665366", "map_mark": "nagatinskij_most", "text_for_map": "\u041d\u0430\u0433\u0430\u0442\u0438\u043d\u0441\u043a\u0438\u0439 \u043c\u043e\u0441\u0442", "is_active": false}}, {"model": "projectsapp.project", "pk": 4, "fields": {"name": "\u041c\u043e\u0441\u0442 \u0447/\u0437 \u0440. \u0414\u0435\u0441\u043d\u0430", "slug": "most-chz-r-desna", "description": "", "image": "projects_images/2017_rubberflex_tskad_reka_desna_0_7_TJFgXiL.jpg", "status": "\u0437\u0430\u0432\u0435\u0440\u0448\u0435\u043d", "creation_date": "2019-10-03T09:19:56.047Z", "updated": "2019-10-11T15:07:02.781Z", "city": "\u041c\u043e\u0441\u043a\u043e\u0432\u0441\u043a\u0430\u044f \u043e\u0431\u043b\u0430\u0441\u0442\u044c", "address": null, "coordinate": "55.545187, 36.987684", "map_mark": "most_chz_r_desna", "text_for_map": "", "is_active": false}}, {"model": "projectsapp.project", "pk": 5, "fields": {"name": "\u041c\u043e\u0441\u0442 \u0447/\u0437 \u0440. \u041e\u043a\u0430", "slug": "most-chz-r-oka", "description": "", "image": "projects_images/most_cherez_reku_oka_ryazan_06.png", "status": "\u0437\u0430\u0432\u0435\u0440\u0448\u0435\u043d", "creation_date": "2019-10-03T09:22:27.190Z", "updated": "2019-10-11T15:07:02.781Z", "city": "\u0420\u044f\u0437\u0430\u043d\u044c", "address": null, "coordinate": "54.653218, 39.805796", "map_mark": "most_chz_r_oka", "text_for_map": "", "is_active": false}}, {"model": "projectsapp.project", "pk": 6, "fields": {"name": "\u041c\u043e\u0441\u0442 \u0447/\u0437 \u0440. \u041a\u0430\u043c\u0447\u0430\u0442\u043a\u0430", "slug": "most-chz-r-kamchatka", "description": "", "image": "projects_images/maracryl_most_kamchatca_16.jpg", "status": "\u0437\u0430\u0432\u0435\u0440\u0448\u0435\u043d", "creation_date": "2019-10-03T09:24:23.748Z", "updated": "2019-10-11T15:07:02.781Z", "city": "\u041f\u0435\u0442\u0440\u043e\u043f\u0430\u0432\u043b\u043e\u0432\u0441\u043a-\u041a\u0430\u043c\u0447\u0430\u0442\u0441\u043a\u0438\u0439", "address": null, "coordinate": "55.923144, 159.678884", "map_mark": "most_chz_r_kamchatka", "text_for_map": "", "is_active": false}}, {"model": "projectsapp.project", "pk": 7, "fields": {"name": "\u042d\u0441\u0442\u0430\u043a\u0430\u0434\u0430 \u0418\u043b\u044c\u0438\u043d\u0441\u043a\u043e\u0433\u043e \u0448\u043e\u0441\u0441\u0435", "slug": "estakada-ilinskogo-shosse", "description": "", "image": "projects_images/volokolamka_ilinka_03.png", "status": "\u0441\u0442\u0440\u043e\u0438\u0442\u0435\u043b\u044c\u0441\u0442\u0432\u043e", "creation_date": "2019-10-03T09:26:44.635Z", "updated": "2019-10-11T15:07:02.781Z", "city": "\u041c\u043e\u0441\u043a\u043e\u0432\u0441\u043a\u0430\u044f \u043e\u0431\u043b\u0430\u0441\u0442\u044c", "address": null, "coordinate": "55.816072, 37.352646", "map_mark": "estakada_ilinskogo_shosse", "text_for_map": "", "is_active": false}}, {"model": "projectsapp.project", "pk": 8, "fields": {"name": "\u041c\u043e\u0441\u0442 \u0447/\u0437 \u0440. \u0410\u043a\u0442\u0430\u0439", "slug": "most-chz-r-aktaj", "description": "", "image": "projects_images/Aktai.jpeg", "status": "\u0437\u0430\u0432\u0435\u0440\u0448\u0435\u043d", "creation_date": "2019-10-03T09:31:30.757Z", "updated": "2019-10-11T15:07:02.781Z", "city": "\u041d\u043e\u0432\u043e\u0441\u0438\u0431\u0438\u0440\u0441\u043a", "address": null, "coordinate": null, "map_mark": "most_chz_r_aktaj", "text_for_map": "", "is_active": false}}, {"model": "projectsapp.project", "pk": 9, "fields": {"name": "\u041f\u0443\u0442\u0435\u043f\u0440\u043e\u0432\u043e\u0434 \u0447/\u0437 \u0443\u043b. \u0414\u043e\u0440\u043e\u0436\u043d\u0430\u044f", "slug": "puteprovod-chz-ul-dorozhnaya", "description": "", "image": "projects_images/Dorozhnaya.jpeg", "status": "\u0441\u0442\u0440\u043e\u0438\u0442\u0435\u043b\u044c\u0441\u0442\u0432\u043e", "creation_date": "2019-10-03T09:33:54.522Z", "updated": "2019-10-11T15:07:02.781Z", "city": "\u041c\u043e\u0441\u043a\u0432\u0430", "address": null, "coordinate": "55.586462, 37.613720", "map_mark": "puteprovod_chz_ul_dorozhnaja", "text_for_map": "", "is_active": false}}, {"model": "projectsapp.project", "pk": 10, "fields": {"name": "\u041c\u043e\u0441\u0442 \u0447/\u0437 \u0440. \u0421\u044f\u0441\u044c", "slug": "most-chz-r-syas", "description": "", "image": "projects_images/syas1.jpg", "status": "\u0437\u0430\u0432\u0435\u0440\u0448\u0435\u043d", "creation_date": "2019-10-08T12:59:34.900Z", "updated": "2019-10-11T15:07:02.781Z", "city": "\u0421\u0430\u043d\u043a\u0442-\u041f\u0435\u0442\u0435\u0440\u0431\u0443\u0440\u0433", "address": null, "coordinate": null, "map_mark": "most_chz_r_sjas", "text_for_map": "", "is_active": false}}, {"model": "projectsapp.project", "pk": 11, "fields": {"name": "\u0414\u0432\u043e\u0440\u0446\u043e\u0432\u044b\u0439 \u043c\u043e\u0441\u0442", "slug": "dvorcovyj-most", "description": "", "image": "projects_images/dvortsoviy5.jpg", "status": "\u0437\u0430\u0432\u0435\u0440\u0448\u0435\u043d", "creation_date": "2019-10-08T13:00:59.815Z", "updated": "2019-10-11T15:07:02.781Z", "city": "\u0421\u0430\u043d\u043a\u0442-\u041f\u0435\u0442\u0435\u0440\u0431\u0443\u0440\u0433", "address": null, "coordinate": null, "map_mark": "dvortsovyj_most", "text_for_map": "", "is_active": false}}, {"model": "projectsapp.project", "pk": 12, "fields": {"name": "\u0417\u0432\u0435\u043d\u0438\u0433\u043e\u0440\u043e\u0434\u0441\u043a\u0438\u0439 \u043f\u0443\u0442\u0435\u043f\u0440\u043e\u0432\u043e\u0434", "slug": "zvenigorodskij-puteprovod", "description": "", "image": "projects_images/zvenigorodka1-_1_.jpg", "status": "\u0432\u044b\u043f\u043b\u0430\u0442\u0430", "creation_date": "2019-10-08T13:04:05.740Z", "updated": "2019-10-11T15:07:02.781Z", "city": "\u041c\u043e\u0441\u043a\u0432\u0430", "address": null, "coordinate": null, "map_mark": "zvenigorodskij_puteprovod", "text_for_map": "", "is_active": false}}, {"model": "projectsapp.project", "pk": 13, "fields": {"name": "\u041f\u0435\u0448\u0435\u0445\u043e\u0434\u043d\u044b\u0439 \u043c\u043e\u0441\u0442 \u0443 \u0441\u0442\u0430\u043d\u0446\u0438\u0438 \u0417\u0418\u041b", "slug": "peshehodnyj-most-u-stancii-zil", "description": "", "image": "projects_images/2016.09._matacryl_remont_pokrytiya_peshekhodnyy_most_4.jpg", "status": "\u0437\u0430\u0432\u0435\u0440\u0448\u0435\u043d", "creation_date": "2019-10-08T13:05:13.147Z", "updated": "2019-10-11T15:07:02.781Z", "city": "\u041c\u043e\u0441\u043a\u0432\u0430", "address": null, "coordinate": null, "map_mark": "peshehodnyj_most_u_stantsii_zil", "text_for_map": "", "is_active": false}}, {"model": "projectsapp.project", "pk": 14, "fields": {"name": "\u041f\u0435\u0448\u0435\u0445\u043e\u0434\u043d\u044b\u0439 \u043c\u043e\u0441\u0442 \u0432 \u043f\u0430\u0440\u043a\u0435 \u0426\u0430\u0440\u0438\u0446\u044b\u043d\u043e", "slug": "peshehodnyj-most-v-parke-caricyno", "description": "", "image": "projects_images/avatar.jpg", "status": "\u0437\u0430\u0432\u0435\u0440\u0448\u0435\u043d", "creation_date": "2019-10-08T13:05:59.078Z", "updated": "2019-10-11T15:07:02.781Z", "city": "\u041c\u043e\u0441\u043a\u0432\u0430", "address": null, "coordinate": null, "map_mark": "peshehodnyj_most_v_parke_tsaritsyno", "text_for_map": "", "is_active": false}}, {"model": "projectsapp.project", "pk": 15, "fields": {"name": "\u041f\u0435\u0448\u0435\u0445\u043e\u0434\u043d\u044b\u0439 \u043c\u043e\u0441\u0442 \u0432 \u0434. \u041c\u043e\u0437\u0436\u0435\u043d\u043a\u0430", "slug": "peshehodnyj-most-v-d-mozzhenka", "description": "", "image": "projects_images/peshehodnyj_perehod_u_d_mozzhinka_015.png", "status": "\u0437\u0430\u0432\u0435\u0440\u0448\u0435\u043d", "creation_date": "2019-10-08T13:07:03.120Z", "updated": "2019-10-11T15:07:02.781Z", "city": "\u041c\u043e\u0441\u043a\u043e\u0432\u0441\u043a\u0430\u044f \u043e\u0431\u043b\u0430\u0441\u0442\u044c", "address": null, "coordinate": null, "map_mark": "peshehodnyj_most_v_d_mozzhenka", "text_for_map": "", "is_active": false}}, {"model": "projectsapp.project", "pk": 16, "fields": {"name": "\u041c\u043e\u0441\u0442 \u0447/\u0437 \u0440. \u0412\u043e\u0440\u0433\u043e\u043b", "slug": "most-chz-r-vorgol", "description": "", "image": "projects_images/2008_rubberflex_55_most_cherez_ruchey_vorgol_lipetskaya_obl_web_2.jpg", "status": "\u0437\u0430\u0432\u0435\u0440\u0448\u0435\u043d", "creation_date": "2019-10-08T13:08:57.533Z", "updated": "2019-10-11T15:07:02.781Z", "city": "\u041e\u0440\u0435\u043b", "address": null, "coordinate": null, "map_mark": "most_chz_r_vorgol", "text_for_map": "", "is_active": false}}, {"model": "projectsapp.project", "pk": 17, "fields": {"name": "\u041c\u043e\u0441\u0442 \u0447/\u0437 \u043a\u0430\u043d\u0430\u043b \u0438\u043c. \u041c\u043e\u0441\u043a\u0432\u044b", "slug": "most-chz-kanal-im-moskvy", "description": "", "image": "projects_images/kanal_imeni_moskvy1.jpg", "status": "\u0437\u0430\u0432\u0435\u0440\u0448\u0435\u043d", "creation_date": "2019-10-08T13:10:09.468Z", "updated": "2019-10-11T15:07:02.781Z", "city": "\u041c\u043e\u0441\u043a\u043e\u0432\u0441\u043a\u0430\u044f \u043e\u0431\u043b\u0430\u0441\u0442\u044c", "address": null, "coordinate": "55.972101, 37.528630", "map_mark": "most_chz_kanal_im_moskvy", "text_for_map": "", "is_active": false}}, {"model": "projectsapp.project", "pk": 18, "fields": {"name": "\u0422\u0440\u0430\u043d\u0441\u043f\u043e\u0440\u0442\u043d\u0430\u044f \u0440\u0430\u0437\u0432\u044f\u0437\u043a\u0430 \u041c\u0438\u0447\u0443\u0440\u0438\u043d\u0441\u043a\u0438\u0439 \u043f\u0440\u043e\u0441\u043f. \u0438 \u041c\u041a\u0410\u0414", "slug": "transportnaya-razvyazka-michurinskij-prosp-i-mkad", "description": "", "image": "projects_images/michurinsky1.jpg", "status": "\u0437\u0430\u0432\u0435\u0440\u0448\u0435\u043d", "creation_date": "2019-10-08T13:12:25.627Z", "updated": "2019-10-11T15:07:02.781Z", "city": "\u041c\u043e\u0441\u043a\u0432\u0430", "address": null, "coordinate": "55.661345, 37.430039", "map_mark": "transportnaja_razvjazka_michurinskij_prosp_i_mkad", "text_for_map": "", "is_active": false}}, {"model": "projectsapp.project", "pk": 19, "fields": {"name": "\u0420\u0430\u0437\u0432\u043e\u0440\u043e\u0442\u043d\u0430\u044f \u044d\u0441\u0442\u0430\u043a\u0430\u0434\u0430 \u041f\u0440\u043e\u0444\u0441\u043e\u044e\u0437\u043d\u0430\u044f \u0443\u043b. \u0438 \u041c\u041a\u0410\u0414", "slug": "razvorotnaya-estakada-profsoyuznaya-ul-i-mkad", "description": "", "image": "projects_images/2017_rubberflex_55_estakada_mkad_profsouznaya.jpg", "status": "\u0437\u0430\u0432\u0435\u0440\u0448\u0435\u043d", "creation_date": "2019-10-08T13:14:29.186Z", "updated": "2019-10-12T19:41:02.868Z", "city": "\u041c\u043e\u0441\u043a\u0432\u0430", "address": "\u041c\u041a\u0410\u0414, 41-\u0439 \u043a\u043c, \u043f\u0435\u0440\u0435\u0441\u0435\u0447\u0435\u043d\u0438\u0435 \u0441 \u041a\u0430\u043b\u0443\u0436\u0441\u043a\u0438\u043c \u0448\u043e\u0441\u0441\u0435 / \u041f\u0440\u043e\u0444\u0441\u043e\u044e\u0437\u043d\u043e\u0439 \u0443\u043b\u0438\u0446\u0435\u0439", "coordinate": "55.607785, 37.494657", "map_mark": "razvorotnaja_estakada_profsojuznaja_ul_i_mkad", "text_for_map": "", "is_active": false}}, {"model": "projectsapp.project", "pk": 20, "fields": {"name": "\u041f\u0443\u0442\u0435\u043f\u0440\u043e\u0432\u043e\u0434 \u0447/\u0437 \u041f\u044f\u0442\u043d\u0438\u0446\u043a\u043e\u0435 \u0448\u043e\u0441\u0441\u0435", "slug": "puteprovod-chz-pyatnickoe-shosse", "description": "", "image": "projects_images/pyatnitskoe_shosse_1.jpg", "status": "\u0437\u0430\u0432\u0435\u0440\u0448\u0435\u043d", "creation_date": "2019-10-08T13:16:29.337Z", "updated": "2019-10-11T15:07:02.781Z", "city": "\u041c\u043e\u0441\u043a\u043e\u0432\u0441\u043a\u0430\u044f \u043e\u0431\u043b\u0430\u0441\u0442\u044c", "address": null, "coordinate": "56.005816, 37.026800", "map_mark": "puteprovod_chz_pjatnitskoe_shosse", "text_for_map": "", "is_active": false}}, {"model": "projectsapp.project", "pk": 21, "fields": {"name": "\u0411\u0435\u0441\u0435\u0434\u0438\u043d\u0441\u043a\u0430\u044f \u0440\u0430\u0437\u0432\u044f\u0437\u043a\u0430", "slug": "besedinskaya-razvyazka", "description": "", "image": "projects_images/besedinskoe_shosse_h_mkad_04.png", "status": "\u0437\u0430\u0432\u0435\u0440\u0448\u0435\u043d", "creation_date": "2019-10-08T13:17:52.014Z", "updated": "2019-10-12T15:32:08.450Z", "city": "\u041c\u043e\u0441\u043a\u0432\u0430", "address": null, "coordinate": "55.617577, 37.783444", "map_mark": "besedinskaja_razvjazka", "text_for_map": "", "is_active": false}}, {"model": "projectsapp.projectimage", "pk": 1, "fields": {"project": 1, "alt_desc": "", "image": "products_images/bratislavskiy_most_02_DFLfnFG.png", "is_active": true, "created": "2019-10-03T08:01:09.075Z", "updated": "2019-10-03T08:01:09.075Z"}}, {"model": "projectsapp.projectimage", "pk": 2, "fields": {"project": 1, "alt_desc": "", "image": "products_images/bratislavskiy_most_03_mdOuTyT.png", "is_active": true, "created": "2019-10-03T08:01:09.081Z", "updated": "2019-10-03T08:01:09.081Z"}}, {"model": "projectsapp.projectimage", "pk": 3, "fields": {"project": 1, "alt_desc": "", "image": "products_images/bratislavskiy_most_04_b7EzZfU.png", "is_active": true, "created": "2019-10-03T08:01:09.084Z", "updated": "2019-10-03T08:01:09.084Z"}}, {"model": "projectsapp.projectimage", "pk": 4, "fields": {"project": 1, "alt_desc": "", "image": "products_images/bratislavskiy_most_05_FQI6p3r.png", "is_active": true, "created": "2019-10-03T08:01:09.089Z", "updated": "2019-10-03T08:01:09.089Z"}}, {"model": "projectsapp.projectimage", "pk": 5, "fields": {"project": 1, "alt_desc": "", "image": "products_images/bratislavskiy_most_06_6taPj9P.png", "is_active": true, "created": "2019-10-03T08:01:09.093Z", "updated": "2019-10-03T08:01:09.093Z"}}, {"model": "projectsapp.projectimage", "pk": 6, "fields": {"project": 1, "alt_desc": "", "image": "products_images/bratislavskiy_most_07_ZeFhqGF.png", "is_active": true, "created": "2019-10-03T08:01:09.098Z", "updated": "2019-10-03T08:01:09.098Z"}}, {"model": "projectsapp.projectimage", "pk": 7, "fields": {"project": 1, "alt_desc": "", "image": "products_images/bratislavskiy_most_08_1w8ildi.png", "is_active": true, "created": "2019-10-03T08:01:09.102Z", "updated": "2019-10-03T08:01:09.102Z"}}, {"model": "projectsapp.projectimage", "pk": 8, "fields": {"project": 1, "alt_desc": "", "image": "products_images/bratislavskiy_most_09_TkZuZl8.png", "is_active": true, "created": "2019-10-03T08:01:09.106Z", "updated": "2019-10-03T08:01:09.106Z"}}, {"model": "projectsapp.projectimage", "pk": 9, "fields": {"project": 1, "alt_desc": "", "image": "products_images/bratislavskiy_most_10_QYhBvi6.png", "is_active": true, "created": "2019-10-03T08:01:09.111Z", "updated": "2019-10-03T08:01:09.111Z"}}, {"model": "projectsapp.projectimage", "pk": 10, "fields": {"project": 2, "alt_desc": "", "image": "products_images/2017_rubberflex_55_avtozavodskiy_most_1.jpg", "is_active": true, "created": "2019-10-03T09:15:42.460Z", "updated": "2019-10-03T09:15:42.460Z"}}, {"model": "projectsapp.projectimage", "pk": 11, "fields": {"project": 2, "alt_desc": "", "image": "products_images/2017_rubberflex_55_avtozavodskiy_most_3.jpg", "is_active": true, "created": "2019-10-03T09:15:42.464Z", "updated": "2019-10-03T09:15:42.464Z"}}, {"model": "projectsapp.projectimage", "pk": 12, "fields": {"project": 2, "alt_desc": "", "image": "products_images/2017_rubberflex_55_avtozavodskiy_most_51.jpg", "is_active": true, "created": "2019-10-03T09:15:42.469Z", "updated": "2019-10-03T09:15:42.469Z"}}, {"model": "projectsapp.projectimage", "pk": 13, "fields": {"project": 2, "alt_desc": "", "image": "products_images/2017_rubberflex_55_avtozavodskiy_most.jpg", "is_active": true, "created": "2019-10-03T09:15:42.475Z", "updated": "2019-10-03T09:15:42.475Z"}}, {"model": "projectsapp.projectimage", "pk": 14, "fields": {"project": 2, "alt_desc": "", "image": "products_images/2017_rubberflex_55_avtozavodskiy_most_52.jpg", "is_active": true, "created": "2019-10-03T09:15:42.481Z", "updated": "2019-10-03T09:15:42.481Z"}}, {"model": "projectsapp.projectimage", "pk": 15, "fields": {"project": 2, "alt_desc": "", "image": "products_images/2017_rubberflex_55_avtozavodskiy_most_53.jpg", "is_active": true, "created": "2019-10-03T09:15:42.484Z", "updated": "2019-10-03T09:15:42.484Z"}}, {"model": "projectsapp.projectimage", "pk": 16, "fields": {"project": 2, "alt_desc": "", "image": "products_images/2017_rubberflex_55_avtozavodskiy_most_54.jpg", "is_active": true, "created": "2019-10-03T09:15:42.488Z", "updated": "2019-10-03T09:15:42.488Z"}}, {"model": "projectsapp.projectimage", "pk": 17, "fields": {"project": 3, "alt_desc": "", "image": "products_images/2016_nagatinsky_most_1.jpg", "is_active": true, "created": "2019-10-03T09:17:11.450Z", "updated": "2019-10-03T09:17:11.450Z"}}, {"model": "projectsapp.projectimage", "pk": 18, "fields": {"project": 3, "alt_desc": "", "image": "products_images/2016_nagatinsky_most_10.jpg", "is_active": true, "created": "2019-10-03T09:17:11.454Z", "updated": "2019-10-03T09:17:11.454Z"}}, {"model": "projectsapp.projectimage", "pk": 19, "fields": {"project": 3, "alt_desc": "", "image": "products_images/2016_nagatinsky_most_2.jpg", "is_active": true, "created": "2019-10-03T09:17:11.458Z", "updated": "2019-10-03T09:17:11.459Z"}}, {"model": "projectsapp.projectimage", "pk": 20, "fields": {"project": 3, "alt_desc": "", "image": "products_images/2016_nagatinsky_most_8.jpg", "is_active": true, "created": "2019-10-03T09:17:11.464Z", "updated": "2019-10-03T09:17:11.464Z"}}, {"model": "projectsapp.projectimage", "pk": 21, "fields": {"project": 3, "alt_desc": "", "image": "products_images/2016_nagatinsky_most_11.jpg", "is_active": true, "created": "2019-10-03T09:17:11.472Z", "updated": "2019-10-03T09:17:11.472Z"}}, {"model": "projectsapp.projectimage", "pk": 22, "fields": {"project": 3, "alt_desc": "", "image": "products_images/2016_nagatinsky_most_9.jpg", "is_active": true, "created": "2019-10-03T09:17:11.476Z", "updated": "2019-10-03T09:17:11.476Z"}}, {"model": "projectsapp.projectimage", "pk": 23, "fields": {"project": 4, "alt_desc": "", "image": "products_images/2017_rubberflex_tskad_reka_desna_0_7_Xvgqd6E.jpg", "is_active": true, "created": "2019-10-03T09:19:56.056Z", "updated": "2019-10-03T09:19:56.056Z"}}, {"model": "projectsapp.projectimage", "pk": 24, "fields": {"project": 4, "alt_desc": "", "image": "products_images/2017_rubberflex_tskad_reka_desna_0_6.jpg", "is_active": true, "created": "2019-10-03T09:19:56.062Z", "updated": "2019-10-03T09:19:56.062Z"}}, {"model": "projectsapp.projectimage", "pk": 25, "fields": {"project": 4, "alt_desc": "", "image": "products_images/2017_rubberflex_tskad_reka_desna1.jpg", "is_active": true, "created": "2019-10-03T09:19:56.066Z", "updated": "2019-10-03T09:19:56.066Z"}}, {"model": "projectsapp.projectimage", "pk": 26, "fields": {"project": 4, "alt_desc": "", "image": "products_images/2017_rubberflex_tskad_reka_desna2.jpg", "is_active": true, "created": "2019-10-03T09:19:56.071Z", "updated": "2019-10-03T09:19:56.071Z"}}, {"model": "projectsapp.projectimage", "pk": 27, "fields": {"project": 4, "alt_desc": "", "image": "products_images/2017_rubberflex_tskad_reka_desna3.jpg", "is_active": true, "created": "2019-10-03T09:19:56.078Z", "updated": "2019-10-03T09:19:56.078Z"}}, {"model": "projectsapp.projectimage", "pk": 28, "fields": {"project": 4, "alt_desc": "", "image": "products_images/2017_rubberflex_tskad_reka_desna4.jpg", "is_active": true, "created": "2019-10-03T09:19:56.081Z", "updated": "2019-10-03T09:19:56.081Z"}}, {"model": "projectsapp.projectimage", "pk": 29, "fields": {"project": 4, "alt_desc": "", "image": "products_images/2017_rubberflex_tskad_reka_desna5.jpg", "is_active": true, "created": "2019-10-03T09:19:56.085Z", "updated": "2019-10-03T09:19:56.085Z"}}, {"model": "projectsapp.projectimage", "pk": 30, "fields": {"project": 4, "alt_desc": "", "image": "products_images/2017_rubberflex_tskad_reka_desna6.jpg", "is_active": true, "created": "2019-10-03T09:19:56.088Z", "updated": "2019-10-03T09:19:56.088Z"}}, {"model": "projectsapp.projectimage", "pk": 31, "fields": {"project": 4, "alt_desc": "", "image": "products_images/2017_rubberflex_tskad_reka_desna_0_10.jpg", "is_active": true, "created": "2019-10-03T09:19:56.092Z", "updated": "2019-10-03T09:19:56.092Z"}}, {"model": "projectsapp.projectimage", "pk": 32, "fields": {"project": 4, "alt_desc": "", "image": "products_images/2017_rubberflex_tskad_reka_desna_65_pQXBEjY.jpg", "is_active": true, "created": "2019-10-03T09:19:56.097Z", "updated": "2019-10-03T09:19:56.097Z"}}, {"model": "projectsapp.projectimage", "pk": 33, "fields": {"project": 5, "alt_desc": "", "image": "products_images/most_cherez_reku_oka_ryazan_05.png", "is_active": true, "created": "2019-10-03T09:22:27.196Z", "updated": "2019-10-03T09:22:27.196Z"}}, {"model": "projectsapp.projectimage", "pk": 34, "fields": {"project": 5, "alt_desc": "", "image": "products_images/most_cherez_reku_oka_ryazan_01_1.png", "is_active": true, "created": "2019-10-03T09:22:27.204Z", "updated": "2019-10-03T09:22:27.204Z"}}, {"model": "projectsapp.projectimage", "pk": 35, "fields": {"project": 5, "alt_desc": "", "image": "products_images/most_cherez_reku_oka_ryazan_01.png", "is_active": true, "created": "2019-10-03T09:22:27.208Z", "updated": "2019-10-03T09:22:27.208Z"}}, {"model": "projectsapp.projectimage", "pk": 36, "fields": {"project": 5, "alt_desc": "", "image": "products_images/most_cherez_reku_oka_ryazan_02_1.png", "is_active": true, "created": "2019-10-03T09:22:27.213Z", "updated": "2019-10-03T09:22:27.213Z"}}, {"model": "projectsapp.projectimage", "pk": 37, "fields": {"project": 5, "alt_desc": "", "image": "products_images/most_cherez_reku_oka_ryazan_03.png", "is_active": true, "created": "2019-10-03T09:22:27.221Z", "updated": "2019-10-03T09:22:27.221Z"}}, {"model": "projectsapp.projectimage", "pk": 38, "fields": {"project": 5, "alt_desc": "", "image": "products_images/most_cherez_reku_oka_ryazan_06.png", "is_active": true, "created": "2019-10-03T09:22:27.225Z", "updated": "2019-10-03T09:22:27.225Z"}}, {"model": "projectsapp.projectimage", "pk": 39, "fields": {"project": 5, "alt_desc": "", "image": "products_images/most_cherez_reku_oka_ryazan_08.png", "is_active": true, "created": "2019-10-03T09:22:27.230Z", "updated": "2019-10-03T09:22:27.230Z"}}, {"model": "projectsapp.projectimage", "pk": 40, "fields": {"project": 5, "alt_desc": "", "image": "products_images/most_cherez_reku_oka_ryazan_09.png", "is_active": true, "created": "2019-10-03T09:22:27.234Z", "updated": "2019-10-03T09:22:27.234Z"}}, {"model": "projectsapp.projectimage", "pk": 41, "fields": {"project": 5, "alt_desc": "", "image": "products_images/most_cherez_reku_oka_ryazan_010.png", "is_active": true, "created": "2019-10-03T09:22:27.237Z", "updated": "2019-10-03T09:22:27.237Z"}}, {"model": "projectsapp.projectimage", "pk": 42, "fields": {"project": 6, "alt_desc": "", "image": "products_images/maracryl_most_kamchatca_16.jpg", "is_active": true, "created": "2019-10-03T09:24:23.756Z", "updated": "2019-10-03T09:24:23.756Z"}}, {"model": "projectsapp.projectimage", "pk": 43, "fields": {"project": 6, "alt_desc": "", "image": "products_images/maracryl_most_kamchatca_3.jpg", "is_active": true, "created": "2019-10-03T09:24:23.761Z", "updated": "2019-10-03T09:24:23.761Z"}}, {"model": "projectsapp.projectimage", "pk": 44, "fields": {"project": 6, "alt_desc": "", "image": "products_images/maracryl_most_kamchatca_6.jpg", "is_active": true, "created": "2019-10-03T09:24:23.766Z", "updated": "2019-10-03T09:24:23.766Z"}}, {"model": "projectsapp.projectimage", "pk": 45, "fields": {"project": 6, "alt_desc": "", "image": "products_images/maracryl_most_kamchatca_12.jpg", "is_active": true, "created": "2019-10-03T09:24:23.769Z", "updated": "2019-10-03T09:24:23.769Z"}}, {"model": "projectsapp.projectimage", "pk": 46, "fields": {"project": 6, "alt_desc": "", "image": "products_images/maracryl_most_kamchatca_11.jpg", "is_active": true, "created": "2019-10-03T09:24:23.772Z", "updated": "2019-10-03T09:24:23.772Z"}}, {"model": "projectsapp.projectimage", "pk": 47, "fields": {"project": 6, "alt_desc": "", "image": "products_images/maracryl_most_kamchatca.jpg", "is_active": true, "created": "2019-10-03T09:24:23.775Z", "updated": "2019-10-03T09:24:23.775Z"}}, {"model": "projectsapp.projectimage", "pk": 48, "fields": {"project": 7, "alt_desc": "", "image": "products_images/volokolamka_ilinka_01.png", "is_active": true, "created": "2019-10-03T09:26:44.641Z", "updated": "2019-10-03T09:26:44.641Z"}}, {"model": "projectsapp.projectimage", "pk": 49, "fields": {"project": 7, "alt_desc": "", "image": "products_images/volokolamka_ilinka_02.png", "is_active": true, "created": "2019-10-03T09:26:44.647Z", "updated": "2019-10-03T09:26:44.647Z"}}, {"model": "projectsapp.projectimage", "pk": 50, "fields": {"project": 7, "alt_desc": "", "image": "products_images/volokolamka_ilinka_03.png", "is_active": true, "created": "2019-10-03T09:26:44.655Z", "updated": "2019-10-03T09:26:44.655Z"}}, {"model": "projectsapp.projectimage", "pk": 51, "fields": {"project": 7, "alt_desc": "", "image": "products_images/volokolamka_ilinka_04.png", "is_active": true, "created": "2019-10-03T09:26:44.659Z", "updated": "2019-10-03T09:26:44.659Z"}}, {"model": "projectsapp.projectimage", "pk": 52, "fields": {"project": 7, "alt_desc": "", "image": "products_images/volokolamka_ilinka_05.png", "is_active": true, "created": "2019-10-03T09:26:44.663Z", "updated": "2019-10-03T09:26:44.663Z"}}, {"model": "projectsapp.projectimage", "pk": 53, "fields": {"project": 7, "alt_desc": "", "image": "products_images/volokolamka_ilinka_06.png", "is_active": true, "created": "2019-10-03T09:26:44.670Z", "updated": "2019-10-03T09:26:44.670Z"}}, {"model": "projectsapp.projectimage", "pk": 54, "fields": {"project": 7, "alt_desc": "", "image": "products_images/volokolamskogo_i_ilinskogo_shosse_1_WNAaN0r.jpeg", "is_active": true, "created": "2019-10-03T09:26:44.675Z", "updated": "2019-10-03T09:26:44.675Z"}}, {"model": "projectsapp.projectimage", "pk": 55, "fields": {"project": 8, "alt_desc": "", "image": "products_images/Aktai.jpeg", "is_active": true, "created": "2019-10-03T09:31:30.762Z", "updated": "2019-10-03T09:31:30.762Z"}}, {"model": "projectsapp.projectimage", "pk": 56, "fields": {"project": 8, "alt_desc": "", "image": "products_images/most_aktai_4.jpeg", "is_active": true, "created": "2019-10-03T09:31:30.766Z", "updated": "2019-10-03T09:31:30.766Z"}}, {"model": "projectsapp.projectimage", "pk": 57, "fields": {"project": 8, "alt_desc": "", "image": "products_images/most_aktai_5.jpeg", "is_active": true, "created": "2019-10-03T09:31:30.769Z", "updated": "2019-10-03T09:31:30.769Z"}}, {"model": "projectsapp.projectimage", "pk": 58, "fields": {"project": 8, "alt_desc": "", "image": "products_images/most_aktai_8.jpeg", "is_active": true, "created": "2019-10-03T09:31:30.774Z", "updated": "2019-10-03T09:31:30.774Z"}}, {"model": "projectsapp.projectimage", "pk": 59, "fields": {"project": 8, "alt_desc": "", "image": "products_images/most_aktai_6.jpeg", "is_active": true, "created": "2019-10-03T09:31:30.777Z", "updated": "2019-10-03T09:31:30.777Z"}}, {"model": "projectsapp.projectimage", "pk": 60, "fields": {"project": 8, "alt_desc": "", "image": "products_images/most_aktai_9.jpeg", "is_active": true, "created": "2019-10-03T09:31:30.780Z", "updated": "2019-10-03T09:31:30.780Z"}}, {"model": "projectsapp.projectimage", "pk": 61, "fields": {"project": 8, "alt_desc": "", "image": "products_images/most_aktai_11.jpeg", "is_active": true, "created": "2019-10-03T09:31:30.783Z", "updated": "2019-10-03T09:31:30.783Z"}}, {"model": "projectsapp.projectimage", "pk": 62, "fields": {"project": 9, "alt_desc": "", "image": "products_images/dorojnaya_1.jpeg", "is_active": true, "created": "2019-10-03T09:33:54.530Z", "updated": "2019-10-03T09:33:54.530Z"}}, {"model": "projectsapp.projectimage", "pk": 63, "fields": {"project": 9, "alt_desc": "", "image": "products_images/dorojnaya_2.jpeg", "is_active": true, "created": "2019-10-03T09:33:54.534Z", "updated": "2019-10-03T09:33:54.534Z"}}, {"model": "projectsapp.projectimage", "pk": 64, "fields": {"project": 9, "alt_desc": "", "image": "products_images/dorojnaya_3.jpeg", "is_active": true, "created": "2019-10-03T09:33:54.537Z", "updated": "2019-10-03T09:33:54.537Z"}}, {"model": "projectsapp.projectimage", "pk": 65, "fields": {"project": 9, "alt_desc": "", "image": "products_images/dorojnaya_5.jpeg", "is_active": true, "created": "2019-10-03T09:33:54.540Z", "updated": "2019-10-03T09:33:54.540Z"}}, {"model": "projectsapp.projectimage", "pk": 66, "fields": {"project": 9, "alt_desc": "", "image": "products_images/dorojnaya_11.jpeg", "is_active": true, "created": "2019-10-03T09:33:54.543Z", "updated": "2019-10-03T09:33:54.543Z"}}, {"model": "projectsapp.projectimage", "pk": 67, "fields": {"project": 9, "alt_desc": "", "image": "products_images/dorojnaya_13.jpeg", "is_active": true, "created": "2019-10-03T09:33:54.546Z", "updated": "2019-10-03T09:33:54.546Z"}}, {"model": "projectsapp.projectimage", "pk": 68, "fields": {"project": 10, "alt_desc": "", "image": "products_images/syas1.jpg", "is_active": true, "created": "2019-10-08T12:59:34.921Z", "updated": "2019-10-08T12:59:34.921Z"}}, {"model": "projectsapp.projectimage", "pk": 69, "fields": {"project": 11, "alt_desc": "", "image": "products_images/dvortsoviy5_HgZdSmQ.jpg", "is_active": true, "created": "2019-10-08T13:00:59.822Z", "updated": "2019-10-08T13:00:59.822Z"}}, {"model": "projectsapp.projectimage", "pk": 70, "fields": {"project": 11, "alt_desc": "", "image": "products_images/dvortsoviy_most_1.jpg", "is_active": true, "created": "2019-10-08T13:02:37.790Z", "updated": "2019-10-08T13:02:37.790Z"}}, {"model": "projectsapp.projectimage", "pk": 71, "fields": {"project": 11, "alt_desc": "", "image": "products_images/dvortsoviy_most_6.jpg", "is_active": true, "created": "2019-10-08T13:02:37.792Z", "updated": "2019-10-08T13:02:37.792Z"}}, {"model": "projectsapp.projectimage", "pk": 72, "fields": {"project": 11, "alt_desc": "", "image": "products_images/dvortsoviy_most_7.jpg", "is_active": true, "created": "2019-10-08T13:02:37.795Z", "updated": "2019-10-08T13:02:37.795Z"}}, {"model": "projectsapp.projectimage", "pk": 73, "fields": {"project": 11, "alt_desc": "", "image": "products_images/dvortsoviy_most_11.jpg", "is_active": true, "created": "2019-10-08T13:02:37.797Z", "updated": "2019-10-08T13:02:37.797Z"}}, {"model": "projectsapp.projectimage", "pk": 74, "fields": {"project": 11, "alt_desc": "", "image": "products_images/dvortsoviy_most_12.jpg", "is_active": true, "created": "2019-10-08T13:02:37.799Z", "updated": "2019-10-08T13:02:37.799Z"}}, {"model": "projectsapp.projectimage", "pk": 75, "fields": {"project": 11, "alt_desc": "", "image": "products_images/dvortsoviy_most_17.jpg", "is_active": true, "created": "2019-10-08T13:02:37.801Z", "updated": "2019-10-08T13:02:37.801Z"}}, {"model": "projectsapp.projectimage", "pk": 76, "fields": {"project": 11, "alt_desc": "", "image": "products_images/dvortsoviy_most_27.jpg", "is_active": true, "created": "2019-10-08T13:02:37.803Z", "updated": "2019-10-08T13:02:37.803Z"}}, {"model": "projectsapp.projectimage", "pk": 77, "fields": {"project": 11, "alt_desc": "", "image": "products_images/dvortsoviy_most_28.jpg", "is_active": true, "created": "2019-10-08T13:02:37.805Z", "updated": "2019-10-08T13:02:37.805Z"}}, {"model": "projectsapp.projectimage", "pk": 78, "fields": {"project": 12, "alt_desc": "", "image": "products_images/zvenigorodka1-_1_.jpg", "is_active": true, "created": "2019-10-08T13:04:05.748Z", "updated": "2019-10-08T13:04:05.748Z"}}, {"model": "projectsapp.projectimage", "pk": 79, "fields": {"project": 12, "alt_desc": "", "image": "products_images/2015_matacryl_zvenigorodskaya_estakada_2.jpg", "is_active": true, "created": "2019-10-08T13:04:05.752Z", "updated": "2019-10-08T13:04:05.752Z"}}, {"model": "projectsapp.projectimage", "pk": 80, "fields": {"project": 12, "alt_desc": "", "image": "products_images/2015_matacryl_zvenigorodskaya_estakada_8.jpg", "is_active": true, "created": "2019-10-08T13:04:05.755Z", "updated": "2019-10-08T13:04:05.755Z"}}, {"model": "projectsapp.projectimage", "pk": 81, "fields": {"project": 14, "alt_desc": "", "image": "products_images/avatar.jpg", "is_active": true, "created": "2019-10-08T13:05:59.086Z", "updated": "2019-10-08T13:05:59.086Z"}}, {"model": "projectsapp.projectimage", "pk": 82, "fields": {"project": 15, "alt_desc": "", "image": "products_images/peshehodnyj_perehod_u_d_mozzhinka_015.png", "is_active": true, "created": "2019-10-08T13:07:03.128Z", "updated": "2019-10-08T13:07:03.128Z"}}, {"model": "projectsapp.projectimage", "pk": 83, "fields": {"project": 16, "alt_desc": "", "image": "products_images/2008_rubberflex_55_most_cherez_ruchey_vorgol_lipetskaya_obl_web_2.jpg", "is_active": true, "created": "2019-10-08T13:08:57.543Z", "updated": "2019-10-08T13:08:57.543Z"}}, {"model": "projectsapp.projectimage", "pk": 84, "fields": {"project": 17, "alt_desc": "", "image": "products_images/kanal_imeni_moskvy1.jpg", "is_active": true, "created": "2019-10-08T13:10:09.476Z", "updated": "2019-10-08T13:10:09.476Z"}}, {"model": "projectsapp.projectimage", "pk": 85, "fields": {"project": 18, "alt_desc": "", "image": "products_images/michurinsky1.jpg", "is_active": true, "created": "2019-10-08T13:12:25.635Z", "updated": "2019-10-08T13:12:25.635Z"}}, {"model": "projectsapp.projectimage", "pk": 86, "fields": {"project": 18, "alt_desc": "", "image": "products_images/michurinsky2.jpg", "is_active": true, "created": "2019-10-08T13:12:25.638Z", "updated": "2019-10-08T13:12:25.638Z"}}, {"model": "projectsapp.projectimage", "pk": 87, "fields": {"project": 18, "alt_desc": "", "image": "products_images/rabberflex_55_michurinskiy_prospekt_5.jpg", "is_active": true, "created": "2019-10-08T13:12:25.641Z", "updated": "2019-10-08T13:12:25.641Z"}}, {"model": "projectsapp.projectimage", "pk": 88, "fields": {"project": 19, "alt_desc": "", "image": "products_images/2017_rubberflex_55_estakada_mkad_profsouznaya_1.jpg", "is_active": true, "created": "2019-10-08T13:14:29.194Z", "updated": "2019-10-08T13:14:29.194Z"}}, {"model": "projectsapp.projectimage", "pk": 89, "fields": {"project": 19, "alt_desc": "", "image": "products_images/2017_rubberflex_55_estakada_mkad_profsouznaya_2.jpg", "is_active": true, "created": "2019-10-08T13:14:29.196Z", "updated": "2019-10-08T13:14:29.196Z"}}, {"model": "projectsapp.projectimage", "pk": 90, "fields": {"project": 19, "alt_desc": "", "image": "products_images/2017_rubberflex_55_estakada_mkad_profsouznaya_3.jpg", "is_active": true, "created": "2019-10-08T13:14:29.199Z", "updated": "2019-10-08T13:14:29.199Z"}}, {"model": "projectsapp.projectimage", "pk": 91, "fields": {"project": 19, "alt_desc": "", "image": "products_images/2017_rubberflex_55_estakada_mkad_profsouznaya_5.jpg", "is_active": true, "created": "2019-10-08T13:14:29.202Z", "updated": "2019-10-08T13:14:29.202Z"}}, {"model": "projectsapp.projectimage", "pk": 92, "fields": {"project": 19, "alt_desc": "", "image": "products_images/2017_rubberflex_55_estakada_mkad_profsouznaya_6.jpg", "is_active": true, "created": "2019-10-08T13:14:29.204Z", "updated": "2019-10-08T13:14:29.204Z"}}, {"model": "projectsapp.projectimage", "pk": 93, "fields": {"project": 19, "alt_desc": "", "image": "products_images/2017_rubberflex_55_estakada_mkad_profsouznaya_10.jpg", "is_active": true, "created": "2019-10-08T13:14:29.206Z", "updated": "2019-10-08T13:14:29.206Z"}}, {"model": "projectsapp.projectimage", "pk": 94, "fields": {"project": 19, "alt_desc": "", "image": "products_images/2017_rubberflex_55_estakada_mkad_profsouznaya_6_OQJlEyD.jpg", "is_active": true, "created": "2019-10-08T13:14:29.209Z", "updated": "2019-10-08T13:14:29.209Z"}}, {"model": "projectsapp.projectimage", "pk": 95, "fields": {"project": 19, "alt_desc": "", "image": "products_images/2017_rubberflex_55_estakada_mkad_profsouznaya_avatar.jpg", "is_active": true, "created": "2019-10-08T13:14:29.211Z", "updated": "2019-10-08T13:14:29.211Z"}}, {"model": "projectsapp.projectimage", "pk": 96, "fields": {"project": 20, "alt_desc": "", "image": "products_images/pyatnitskoe_shosse_2.jpg", "is_active": true, "created": "2019-10-08T13:16:29.344Z", "updated": "2019-10-08T13:16:29.344Z"}}, {"model": "projectsapp.projectimage", "pk": 97, "fields": {"project": 20, "alt_desc": "", "image": "products_images/pyatnitskoe_shosse_3.jpg", "is_active": true, "created": "2019-10-08T13:16:29.347Z", "updated": "2019-10-08T13:16:29.347Z"}}, {"model": "projectsapp.projectimage", "pk": 98, "fields": {"project": 20, "alt_desc": "", "image": "products_images/pyatnitskoe_shosse_1.jpg", "is_active": true, "created": "2019-10-08T13:16:29.349Z", "updated": "2019-10-08T13:16:29.349Z"}}, {"model": "projectsapp.projectimage", "pk": 99, "fields": {"project": 20, "alt_desc": "", "image": "products_images/pyatnitskoe_shosse_4.jpg", "is_active": true, "created": "2019-10-08T13:16:29.352Z", "updated": "2019-10-08T13:16:29.352Z"}}, {"model": "projectsapp.projectimage", "pk": 100, "fields": {"project": 20, "alt_desc": "", "image": "products_images/pyatnitskoe_shosse_5.jpg", "is_active": true, "created": "2019-10-08T13:16:29.354Z", "updated": "2019-10-08T13:16:29.354Z"}}, {"model": "projectsapp.projectimage", "pk": 101, "fields": {"project": 20, "alt_desc": "", "image": "products_images/pyatnitskoe_shosse_6.jpg", "is_active": true, "created": "2019-10-08T13:16:29.356Z", "updated": "2019-10-08T13:16:29.356Z"}}, {"model": "projectsapp.projectimage", "pk": 102, "fields": {"project": 20, "alt_desc": "", "image": "products_images/pyatnitskoe_shosse_8.jpg", "is_active": true, "created": "2019-10-08T13:16:29.358Z", "updated": "2019-10-08T13:16:29.358Z"}}, {"model": "projectsapp.projectimage", "pk": 103, "fields": {"project": 21, "alt_desc": "", "image": "products_images/besedinskoe_shosse_h_mkad_01.png", "is_active": true, "created": "2019-10-08T13:17:52.023Z", "updated": "2019-10-08T13:17:52.023Z"}}, {"model": "projectsapp.projectimage", "pk": 104, "fields": {"project": 21, "alt_desc": "", "image": "products_images/besedinskoe_shosse_h_mkad_02.png", "is_active": true, "created": "2019-10-08T13:17:52.028Z", "updated": "2019-10-08T13:17:52.028Z"}}, {"model": "projectsapp.projectimage", "pk": 105, "fields": {"project": 21, "alt_desc": "", "image": "products_images/besedinskoe_shosse_h_mkad_03.png", "is_active": true, "created": "2019-10-08T13:17:52.032Z", "updated": "2019-10-08T13:17:52.032Z"}}, {"model": "projectsapp.projectimage", "pk": 106, "fields": {"project": 21, "alt_desc": "", "image": "products_images/besedinskoe_shosse_h_mkad_04.png", "is_active": true, "created": "2019-10-08T13:17:52.036Z", "updated": "2019-10-08T13:17:52.036Z"}}, {"model": "projectsapp.projectimage", "pk": 107, "fields": {"project": 21, "alt_desc": "", "image": "products_images/besedinskoe_shosse_h_mkad_05.png", "is_active": true, "created": "2019-10-08T13:17:52.039Z", "updated": "2019-10-08T13:17:52.039Z"}}, {"model": "projectsapp.projectimage", "pk": 108, "fields": {"project": 21, "alt_desc": "", "image": "products_images/besedinskoe_shosse_h_mkad_06.png", "is_active": true, "created": "2019-10-08T13:17:52.044Z", "updated": "2019-10-08T13:17:52.044Z"}}, {"model": "projectsapp.projectimage", "pk": 109, "fields": {"project": 13, "alt_desc": "", "image": "products_images/2016.09._matacryl_remont_pokrytiya_peshekhodnyy_most_4.jpg", "is_active": true, "created": "2019-10-08T17:09:14.466Z", "updated": "2019-10-08T17:09:14.466Z"}}, {"model": "projectsapp.projectcompany", "pk": 7, "fields": {"role": "\u043f\u0440\u043e\u0435\u043a\u0442\u0438\u0440\u043e\u0432\u0449\u0438\u043a", "project": 19, "company": 26, "is_active": true, "created": "2019-10-12T18:08:38.206Z", "updated": "2019-10-12T18:08:38.206Z"}}, {"model": "projectsapp.projectcompany", "pk": 8, "fields": {"role": "\u043f\u043e\u0434\u0440\u044f\u0434\u0447\u0438\u043a", "project": 19, "company": 9, "is_active": true, "created": "2019-10-12T18:08:38.207Z", "updated": "2019-10-12T18:08:38.207Z"}}, {"model": "projectsapp.projectcompany", "pk": 9, "fields": {"role": "\u0437\u0430\u043a\u0430\u0437\u0447\u0438\u043a", "project": 19, "company": 21, "is_active": true, "created": "2019-10-12T18:08:38.208Z", "updated": "2019-10-12T18:08:38.208Z"}}, {"model": "projectsapp.projectmanagers", "pk": 14, "fields": {"project": 19, "role": "\u0432\u043b\u0430\u0434\u0435\u043b\u0435\u0446", "manager": 2, "description": "", "is_active": true, "created": "2019-10-12T18:06:22.499Z", "updated": "2019-10-12T18:06:22.499Z"}}, {"model": "projectsapp.projectmanagers", "pk": 15, "fields": {"project": 19, "role": "\u043a\u043e\u043c\u043c\u0435\u0440\u0441\u0430\u043d\u0442", "manager": 3, "description": "", "is_active": true, "created": "2019-10-12T19:37:31.486Z", "updated": "2019-10-12T19:37:31.486Z"}}, {"model": "projectsapp.projectmanagers", "pk": 16, "fields": {"project": 19, "role": "\u043a\u043e\u043c\u043c\u0435\u0440\u0441\u0430\u043d\u0442", "manager": 4, "description": "", "is_active": true, "created": "2019-10-12T19:37:31.487Z", "updated": "2019-10-12T19:37:31.488Z"}}]